Record_ID,State,District,Crop_Year,Crop_Type,Season,Soil_Type,Area_Hectares,Temperature_Avg_C,Rainfall_mm,Humidity_Percent,Soil_pH,Nitrogen_mg_kg,Phosphorus_mg_kg,Potassium_mg_kg,Fertilizer_Type,Fertilizer_Amount_kg_ha,Irrigation_Method,Irrigation_Frequency,Pesticide_Used,Pest_Infection_Level,Sowing_Date,Harvest_Date,Growth_Duration_Days,Yield_kg_ha,Production_kg,Production_Cost_INR_ha,Total_Cost_INR,Market_Price_INR_kg,Profit_INR
1,West Bengal,Murshidabad,2012,Mustard,Rabi,Loamy,25.52,22.7,569,54.5,6.66,278.9,51.9,231.5,Organic,214.5,Flood,5,Yes,Low,41204,41333,129,1770.14,45173.97,32779.86,836542.03,53.97,1601497.13
2,Punjab,Bathinda,2022,Mustard,Rabi,Alluvial,5.56,20.6,121.5,28.9,7.03,259.4,66.4,224.5,NPK,127.6,Sprinkler,7,No,Low,44896,45001,105,1478.96,8223.02,25423.21,141353.05,91.54,611382.2
3,Maharashtra,Nashik,2017,Jowar,Kharif,Red,29.08,24.4,1163.5,59.6,6.2,186.6,30.9,155.9,NPK,91,Sprinkler,3,No,Low,42965,43062,97,1672.4,48633.39,28966.41,842343.2,46.09,1399169.75
4,Bihar,Muzaffarpur,2012,Groundnut,Rabi,Sandy,10.87,24.1,75.3,35.8,6.41,135.2,25.4,79.9,DAP,95.3,Sprinkler,8,Yes,Medium,41217,41341,124,1766.69,19203.92,33326.05,362254.16,54.55,685319.68
5,Rajasthan,Kota,2021,Mustard,Rabi,Loamy,11.84,23.2,30,43.4,7.11,274.9,61.8,189.8,Mixed,143.9,Drip,8,No,Low,44574,44686,112,1536.73,18194.88,29875,353720,81.07,1121338.92
6,Punjab,Firozpur,2018,Rice,Kharif,Sandy,7.41,22.9,868.6,61.9,6.91,147.6,43.1,104.9,NPK,135.4,Sprinkler,5,Yes,High,43288,43439,151,2686.57,19907.48,26805.58,198629.35,36.2,522021.43
7,Bihar,Bhagalpur,2021,Maize,Kharif,Alluvial,39.71,29.5,1249.2,68.6,7.13,282.5,67.2,286.6,Organic,240.9,Flood,1,Yes,High,44364,44485,121,3463.8,137547.5,21614.53,858312.99,31.62,3490938.96
8,Maharashtra,Nashik,2018,Soybean,Zaid,Black,22.02,32.2,120.2,28.1,7.5,301.1,65.5,346.6,Mixed,250.2,Sprinkler,5,Yes,Medium,43191,43288,97,1341.85,29547.54,33494.73,737553.95,63.69,1144328.87
9,Karnataka,Bengaluru Rural,2016,Moong,Zaid,Black,30.15,32.3,66.6,49,7.4,317.4,55.3,311.8,Mixed,221.8,Drip,7,No,Low,42421,42495,74,941.45,28384.72,37173.51,1120781.33,93.17,1523823.03
10,Karnataka,Bengaluru Rural,2013,Bajra,Kharif,Sandy,40.89,23.5,992.8,60.8,6.48,150.2,16,100.4,Urea,165.4,Canal,4,Yes,High,41463,41541,78,1011.29,41351.65,35094.21,1435002.25,30.07,-191558.13
11,Odisha,Ganjam,2014,Groundnut,Zaid,Loamy,20.25,31.9,30,48.6,7.04,312.1,45.4,218.9,Urea,171.5,Sprinkler,6,No,Medium,41749,41876,127,1739.63,35227.51,40572.27,821588.47,64.26,1442131.32
12,West Bengal,Bankura,2019,Jowar,Kharif,Loamy,11.83,31.5,1452.2,51,6.82,278.5,81.4,209,Mixed,210.8,Drip,3,Yes,Medium,43596,43687,91,1401.43,16578.92,32500.49,384480.8,39.51,270552.33
13,Punjab,Firozpur,2013,Cotton,Kharif,Black,5.17,26.2,609.4,55.8,6.92,322.9,52,309.8,Mixed,194.5,Flood,3,No,Medium,41449,41635,186,2153.49,11133.54,36114.38,186711.34,77.1,671684.59
14,West Bengal,Birbhum,2017,Maize,Kharif,Black,7.44,28.6,1780.4,72.8,7.47,253.3,54.8,314.6,DAP,130.1,Canal,1,Yes,Low,42857,42972,115,4797.26,35691.61,35156.95,261567.71,24.29,605381.5
15,Uttar Pradesh,Kanpur Nagar,2019,Rice,Rabi,Alluvial,8.73,20.2,287.8,66.7,7.39,326.6,73.4,263.2,Mixed,267.2,Flood,1,No,High,43740,43891,151,2634.22,22996.74,43052.41,375847.54,32.64,374766.05
16,Karnataka,Raichur,2015,Jowar,Zaid,Loamy,8.16,33.1,236.3,67,7.05,244.8,54.1,206,NPK,119.9,Canal,2,No,Medium,42048,42154,106,1330.09,10853.53,34874.71,284577.63,38,127856.51
17,Rajasthan,Alwar,2012,Mustard,Rabi,Red,42.64,28.6,98.9,45.4,6.34,243,50.4,139.6,NPK,150.4,Drip,5,Yes,High,41184,41316,132,1150.81,49070.54,32530.93,1387118.86,54.6,1292132.62
18,Haryana,Hisar,2022,Bajra,Kharif,Sandy,46.77,23.9,567.7,49.9,6.55,133.9,34.8,130.1,Organic,219.1,Sprinkler,4,No,Low,44731,44844,113,1830.86,85629.32,37596.77,1758400.93,41.94,1832892.75
19,Madhya Pradesh,Sagar,2015,Maize,Kharif,Black,27.11,25.1,1103.6,68.6,7.55,289.4,53.3,342.2,Organic,193.3,Drip,2,No,High,42227,42321,94,3861.24,104678.22,37665.84,1021120.92,24.14,1505811.31
20,Tamil Nadu,Tiruchirappalli,2014,Bajra,Rabi,Sandy,33.56,26.4,998,59.4,6.52,168.6,48.2,114,NPK,196.7,Drip,7,No,Medium,41983,42068,85,1302.4,43708.54,33615.61,1128139.87,30.02,183990.5
21,Tamil Nadu,Tiruchirappalli,2022,Rice,Rabi,Alluvial,34.53,20.3,705.8,54.9,6.88,261.4,52.6,251.5,Urea,92.7,Flood,2,No,Medium,44858,45003,145,2978.58,102850.37,28382.87,980060.5,40.59,3194636.02
22,Telangana,Khammam,2020,Cotton,Zaid,Red,8.5,33.1,201,41.5,6.17,215.1,43.3,105.7,DAP,54.4,Sprinkler,6,Yes,Low,43882,44059,177,1241.71,10554.54,36048.6,306413.1,88.41,626713.78
23,Karnataka,Mandya,2020,Wheat,Rabi,Red,18.55,24.2,342.9,36,6.84,177,46.3,132.6,DAP,108.3,Sprinkler,9,Yes,Low,44153,44250,97,4336.01,80432.99,25771.41,478059.66,33.72,2234140.76
24,Odisha,Khurda,2017,Maize,Kharif,Loamy,1.73,24.2,1966.9,60.2,6.49,288.8,41.7,221.3,Urea,163.8,Canal,1,No,High,42967,43066,99,3458.41,5983.05,33766.43,58415.92,19.71,59510
25,Bihar,Vaishali,2018,Mustard,Rabi,Sandy,17.81,18.9,252.4,64.3,6.21,126.6,41.2,122.6,NPK,202.1,Canal,7,Yes,High,43440,43541,101,1068.24,19025.35,41449.98,738224.14,69.21,578520.33
26,Telangana,Nizamabad,2015,Wheat,Rabi,Alluvial,46.99,24.5,335.2,42,6.51,285,75.1,236.6,DAP,114.1,Sprinkler,7,No,Low,42302,42414,112,4394.76,206509.77,26045.72,1223888.38,29.46,4859889.44
27,Haryana,Panipat,2014,Mustard,Zaid,Loamy,13.11,31.5,74.8,50.8,7.07,230,62.3,204.9,DAP,93.6,Flood,2,Yes,High,41743,41860,117,896.38,11751.54,34304.57,449732.91,56.57,215051.71
28,Bihar,Samastipur,2012,Cotton,Kharif,Silty,36.13,29,1332.6,71.3,6.72,252.3,57,266.1,Organic,271.8,Drip,5,Yes,High,41072,41249,177,1523.96,55060.67,37440.8,1352736.1,70.81,2546109.94
29,Rajasthan,Bikaner,2022,Groundnut,Kharif,Alluvial,20.6,29.5,440.8,62.8,7.2,317.7,81.8,262.1,NPK,174.8,Sprinkler,8,Yes,High,44719,44845,126,2348.68,48382.81,38121.35,785299.81,83.4,3249826.54
30,Telangana,Nalgonda,2016,Maize,Kharif,Black,33.11,29.2,1011.6,71,7.59,273.2,73.6,299.4,NPK,174.6,Flood,1,No,Low,42566,42684,118,3871.95,128200.26,38718.84,1281980.79,25.47,1983279.83
31,Rajasthan,Bharatpur,2013,Bajra,Kharif,Red,23.04,27.8,401.6,65.8,5.95,170.6,39.9,152.6,Organic,127.4,Drip,5,Yes,High,41432,41516,84,1264.19,29126.94,35455.98,816905.78,28.37,9425.51
32,West Bengal,Hooghly,2018,Soybean,Kharif,Black,2.99,28.6,1798.1,59.9,7.84,269.2,52.9,285,NPK,110.6,Canal,1,No,Medium,43245,43341,96,1218.35,3642.87,31591.98,94460.02,61.15,128301.48
33,Madhya Pradesh,Bhopal,2019,Wheat,Rabi,Black,44.91,22.6,429,47.8,7.37,289.3,64.2,315.8,Mixed,263,Canal,4,Yes,High,43824,43947,123,4434.63,199159.23,39431.44,1770865.97,33.74,4948766.45
34,Bihar,Nalanda,2019,Rice,Kharif,Clayey,16.33,28.7,1353.4,61,7.59,265.3,66.9,255.5,DAP,94,Sprinkler,2,Yes,Medium,43698,43823,125,3691.62,60284.15,35088.67,572997.98,38.14,1726239.5
35,Tamil Nadu,Thanjavur,2014,Rice,Kharif,Loamy,19.78,28.1,1501.6,73.7,6.57,253.5,75.5,208.1,NPK,126.3,Canal,1,Yes,Low,41793,41929,136,5102.76,100932.59,21476.66,424808.33,26.73,2273119.8
36,Odisha,Khurda,2021,Cotton,Kharif,Black,22.07,28.9,1711.1,83.8,7.26,323.9,60,304.6,Mixed,260,Sprinkler,3,Yes,High,44422,44606,184,1649.57,36406.01,46572.36,1027851.99,105.2,2802060.26
37,Punjab,Jalandhar,2017,Mustard,Rabi,Red,4.66,23.4,30,46.9,5.88,211.3,27.4,137.6,Mixed,105.4,Drip,7,No,Low,43105,43239,134,1504.43,7010.64,30159.47,140543.13,71.27,359105.18
38,Maharashtra,Nagpur,2019,Cotton,Kharif,Black,23.78,28.3,1121.5,70.1,7.43,291.8,44.4,284.3,NPK,119,Drip,7,Yes,High,43688,43859,171,1996.56,47478.2,28857.22,686224.69,99.8,4052099.67
39,Bihar,Patna,2017,Rice,Kharif,Sandy,23.94,27.2,1524.4,85.6,6.82,170.1,19.1,119.2,Urea,83.9,Flood,2,Yes,Low,42880,42991,111,2915.33,69793,26791,641376.54,33.41,1690407.59
40,Haryana,Rohtak,2019,Mustard,Rabi,Loamy,20.13,18,30,27.6,6.78,232.4,62.2,239.5,DAP,60.8,Canal,5,No,Low,43763,43868,105,1633.35,32879.34,23929.69,481704.66,65.34,1666631.42
41,Tamil Nadu,Tiruchirappalli,2021,Mustard,Rabi,Alluvial,44.14,25.5,133.1,46.9,6.65,275.9,75.7,246.9,DAP,82.2,Sprinkler,5,No,Low,44585,44717,132,1474.53,65085.75,30542.98,1348167.14,65.21,2896074.62
42,Madhya Pradesh,Vidisha,2021,Soybean,Kharif,Loamy,28.01,32.1,1352.2,62.5,6.86,262.9,48.2,267.5,Urea,102.6,Sprinkler,5,No,Low,44383,44504,121,1823.63,51079.88,27309,764925.09,59.71,2285054.54
43,Tamil Nadu,Madurai,2013,Maize,Kharif,Black,34.74,26.4,948.8,58.5,7.86,263.4,66.9,330.1,NPK,142.7,Canal,2,No,Low,41448,41568,120,5777.84,200722.16,33994.14,1180956.42,19.83,2799364.01
44,Rajasthan,Bharatpur,2019,Mustard,Rabi,Sandy,6.42,22.4,135.7,46.1,6.35,113.9,26.5,119.9,DAP,80.7,Sprinkler,11,No,Low,43811,43935,124,1185.69,7612.13,35112.89,225424.75,68.74,297833.07
45,Tamil Nadu,Salem,2015,Maize,Kharif,Black,14.08,27.8,979.9,65.5,7.55,253.8,54.4,302,DAP,72.7,Flood,1,Yes,Low,42189,42291,102,4615.38,64984.55,28646.47,403342.3,24.53,1190728.71
46,Punjab,Sangrur,2014,Groundnut,Rabi,Loamy,47.08,20.2,54.9,55.5,6.81,223.5,66.4,212.8,NPK,147,Sprinkler,7,No,Low,41931,42049,118,2028.37,95495.66,23748.65,1118086.44,55.72,4202931.74
47,Odisha,Balasore,2020,Cotton,Zaid,Alluvial,31.46,34.1,93.7,36.7,6.92,319.9,87.5,203.4,Mixed,224.2,Flood,2,No,Medium,43935,44104,169,1307.93,41147.48,34488.39,1085004.75,96.03,2866387.75
48,Rajasthan,Kota,2014,Maize,Kharif,Loamy,4.02,29.6,408.6,76.7,6.89,253.9,61.9,214.7,NPK,120.8,Canal,3,No,Low,41866,41994,128,5587.48,22461.67,35188.89,141459.34,21.55,342589.65
49,Madhya Pradesh,Jabalpur,2022,Soybean,Kharif,Loamy,39.74,30.2,1486.8,61.7,7.3,288.8,43.8,176.7,Urea,169,Flood,1,Yes,Medium,44699,44803,104,1251.07,49717.52,32291.91,1283280.5,69.84,2188991.1
50,Andhra Pradesh,Nellore,2019,Rice,Kharif,Clayey,30.38,29.5,1154.6,73.3,7.49,232.8,66.6,278,NPK,141.3,Sprinkler,1,No,Medium,43663,43807,144,4327.52,131470.06,35393.89,1075266.38,33.62,3344757.04
51,Punjab,Amritsar,2015,Moong,Zaid,Clayey,45.85,29.5,412.2,50.5,7.4,261.2,52.9,273.6,Mixed,108,Canal,2,Yes,Medium,42060,42132,72,818.66,37535.56,30074.04,1378894.73,93.01,2112287.71
52,Uttar Pradesh,Varanasi,2022,Mustard,Zaid,Alluvial,33.3,29.7,329.4,45.3,7.22,278.1,62.2,267.7,Organic,257.2,Sprinkler,7,No,Low,44631,44746,115,1629.11,54249.36,41213.76,1372418.21,88.25,3415087.81
53,Maharashtra,Pune,2019,Maize,Kharif,Loamy,31.46,26.1,1525.4,52.6,6.84,232.6,74.7,237.2,Mixed,192.4,Canal,1,No,Low,43694,43784,90,4504.77,141720.06,28619.69,900375.45,32.44,3697023.3
54,Odisha,Khurda,2015,Maize,Kharif,Alluvial,27.84,29.8,1699.2,69.8,6.8,320.8,75.5,259.3,Mixed,259.9,Drip,7,Yes,Medium,42220,42311,91,5053.98,140702.8,45259.1,1260013.34,22.47,1901578.58
55,Tamil Nadu,Salem,2018,Rice,Kharif,Clayey,14.5,26.8,847.4,61.6,7.23,300.5,61.5,235.7,NPK,127.6,Drip,5,Yes,Medium,43254,43381,127,3861.95,55998.27,18356.69,266172,33.12,1588490.7
56,Rajasthan,Hanumangarh,2014,Groundnut,Kharif,Black,2.66,34.6,451.2,76.3,7.36,294.3,32,349.9,Urea,177.7,Canal,3,No,Low,41866,41986,120,1768.98,4705.49,34309.64,91263.64,61.9,200006.19
57,Bihar,Nalanda,2018,Maize,Rabi,Silty,5.44,20.6,181.8,47.7,7.27,256.7,46.2,224.3,Urea,120.3,Canal,4,No,Medium,43420,43512,92,3453.85,18788.94,18426.54,100240.38,28.63,437686.97
58,West Bengal,Uttar Dinajpur,2020,Wheat,Rabi,Clayey,22.46,24.2,262.6,35.8,6.98,297.5,72.4,264.9,NPK,217,Drip,8,No,Medium,44173,44273,100,4264.71,95785.39,33438.87,751037.02,34.25,2529612.59
59,Bihar,Bhagalpur,2012,Wheat,Rabi,Alluvial,9.17,23.5,443.5,44.9,6.68,303.1,47.5,249.1,Urea,123.7,Flood,2,No,Medium,41257,41361,104,3757.8,34459.03,38863.05,356374.17,20.92,364508.74
60,Andhra Pradesh,West Godavari,2021,Groundnut,Kharif,Red,34.04,31.5,796.7,52.2,6.19,220.1,27.3,182.1,NPK,115.7,Sprinkler,5,No,Low,44362,44478,116,2631.54,89577.62,29896.59,1017679.92,84.52,6553420.52
61,Uttar Pradesh,Meerut,2019,Bajra,Zaid,Alluvial,5.78,31.3,340.6,49.5,7.04,295.2,78.4,255.4,NPK,198.3,Canal,1,No,Low,43547,43638,91,1428.28,8255.46,39046.52,225688.89,39.24,98255.36
62,Maharashtra,Kolhapur,2021,Soybean,Kharif,Loamy,41.73,28.9,1153.7,59.6,6.88,265.1,73.7,214.2,Mixed,273,Canal,2,No,Medium,44417,44507,90,1436.42,59941.81,42485.69,1772927.84,69.5,2393027.96
63,Rajasthan,Alwar,2021,Bajra,Kharif,Loamy,2.15,34.2,471.3,75.1,6.57,223.3,46.6,230.5,Organic,264.5,Canal,3,Yes,Medium,44399,44482,83,1289.22,2771.82,32622.02,70137.34,42.41,47415.55
64,Gujarat,Surat,2013,Bajra,Kharif,Clayey,45.75,26.5,719.4,55.8,7.04,238,61.8,273.1,DAP,103.1,Sprinkler,3,No,High,41430,41539,109,1404.22,64243.06,35290.38,1614534.88,29.92,307617.48
65,Karnataka,Tumakuru,2017,Jowar,Kharif,Loamy,1.19,25.6,1161.1,66.2,7.34,310.5,70.2,252.2,NPK,215.4,Canal,1,Yes,Medium,42908,43044,136,1407.02,1674.35,45124.85,53698.57,39.01,11617.82
66,Tamil Nadu,Thanjavur,2019,Maize,Rabi,Alluvial,45.81,23.6,400.5,54.3,7.15,310.3,68.5,229.1,Organic,228,Sprinkler,4,No,Low,43851,43964,113,5916.01,271012.42,35289.96,1616633.07,28.9,6215625.87
67,Madhya Pradesh,Bhopal,2022,Mustard,Rabi,Alluvial,12.12,24,30,54.1,7.16,307.2,73.4,277.6,Organic,271.4,Drip,8,No,Low,44930,45033,103,1537.48,18634.26,27649.76,335115.09,83.02,1211901.18
68,Tamil Nadu,Salem,2018,Soybean,Kharif,Clayey,2.12,26.8,1144.1,54.2,7.33,296.4,68.3,279.4,NPK,171.7,Sprinkler,4,No,Medium,43331,43430,99,1432.59,3037.09,39452.79,83639.91,57.69,91569.81
69,Gujarat,Vadodara,2019,Soybean,Kharif,Alluvial,5.04,28.9,740.3,61.9,7.16,292.4,59,274.6,Organic,183.7,Canal,1,Yes,Low,43664,43776,112,1665.47,8393.97,32174.04,162157.16,68.64,414004.94
70,Madhya Pradesh,Indore,2012,Groundnut,Kharif,Loamy,39.54,24.3,1288.6,67.7,6.67,274.7,46.9,231.8,Urea,130.4,Flood,1,Yes,Medium,41063,41198,135,2462.8,97379.11,45903.09,1815008.18,53.6,3404512.12
71,Andhra Pradesh,Guntur,2016,Barley,Rabi,Loamy,1.28,28.9,542.1,42.8,6.87,236.5,48.7,202.7,Organic,141.1,Sprinkler,3,No,Low,42710,42812,102,3837.57,4912.09,29304.33,37509.54,24.34,82050.73
72,Rajasthan,Jaipur,2014,Barley,Rabi,Red,36.5,22.5,206.5,57.8,6.29,205.5,49.5,169.6,Mixed,218.7,Drip,5,Yes,Low,42019,42137,118,3238.86,118218.39,36383.82,1328009.43,22.97,1387466.99
73,Telangana,Khammam,2019,Soybean,Kharif,Sandy,30.61,27.4,1477,59.7,6.64,137.5,37.7,106.5,NPK,179.7,Sprinkler,6,No,Low,43691,43787,96,1175.63,35986.03,31354.3,959755.12,58.69,1152264.98
74,Haryana,Ambala,2016,Mustard,Rabi,Red,42.71,22.6,84.8,50,6.4,154.2,57.9,176.1,DAP,95.4,Drip,6,Yes,Medium,42755,42883,128,1261.8,53891.48,33956.55,1450284.25,66.87,2153439.02
75,West Bengal,Hooghly,2018,Cotton,Kharif,Black,34.5,27.6,2328.1,57,7.76,252.2,39.7,319.8,Organic,170,Flood,1,No,Low,43325,43501,176,1341.55,46283.48,35481.03,1224095.53,86.35,2772482.97
76,Karnataka,Mysuru,2013,Jowar,Kharif,Loamy,20.84,25.7,1489.8,60.1,7.05,270.2,58.3,268.9,Organic,213.8,Drip,5,Yes,Medium,41460,41585,125,1612.86,33612,38594.46,804308.55,36.38,418496.01
77,Telangana,Medak,2012,Moong,Zaid,Alluvial,6.19,35.7,253.3,59.7,6.98,325.4,60.9,229.8,Urea,138.8,Sprinkler,6,Yes,Low,41016,41084,68,900.98,5577.07,28977.06,179368,76.94,249731.77
78,Rajasthan,Alwar,2018,Bajra,Zaid,Sandy,9.43,37.2,65,49.9,6.57,142.6,19.2,139.5,Organic,217.4,Drip,9,No,Medium,43212,43322,110,1394.54,13150.51,33743.2,318198.38,37.81,179022.4
79,Bihar,Bhagalpur,2017,Maize,Kharif,Loamy,17.37,26.8,1612,67.8,6.59,254.4,51.7,218.1,Organic,134.7,Canal,1,No,Low,42950,43049,99,4436.27,77058.01,27721.2,481517.24,25.74,1501955.94
80,Gujarat,Banaskantha,2017,Jowar,Kharif,Loamy,24.54,26.2,972.3,59.4,6.93,256.6,67,217.6,Mixed,110,Canal,1,No,Low,42860,42960,100,1408.84,34572.93,24784.74,608217.52,34.52,585240.02
81,Karnataka,Mandya,2016,Maize,Kharif,Alluvial,0.88,24.4,944.6,72.1,6.78,299,69.5,222.3,NPK,153.8,Drip,7,Yes,Low,42500,42627,127,5834.23,5134.12,33298.8,29302.94,27.55,112142.07
82,Rajasthan,Alwar,2014,Jowar,Kharif,Loamy,4.07,28.3,295.7,64.5,6.9,251,44.1,217.8,Urea,75.5,Sprinkler,4,Yes,Low,41875,41992,117,1863.65,7585.06,31435.73,127943.42,38.3,162564.38
83,Telangana,Nalgonda,2018,Wheat,Zaid,Silty,48.33,34.4,244.2,52.5,7.44,280.3,80.8,241.5,NPK,179.3,Drip,8,Yes,Low,43204,43335,131,4287.05,207193.13,42403.89,2049380,27.87,3725092.53
84,Uttar Pradesh,Gorakhpur,2017,Wheat,Rabi,Loamy,4.28,18.4,231.2,49.3,6.32,250,75.1,218.4,NPK,201.9,Flood,2,Yes,Medium,43117,43217,100,4734.21,20262.42,32559.15,139353.16,23.29,332558.6
85,West Bengal,Murshidabad,2020,Soybean,Rabi,Alluvial,9.27,25,648.1,52.3,7.11,272.6,55.6,231.7,Urea,90.7,Drip,4,Yes,Low,44143,44239,96,1493.4,13843.82,37093.4,343855.82,63.8,539379.9
86,Odisha,Sambalpur,2019,Groundnut,Rabi,Silty,29.78,17.9,466.4,45.5,7.32,252.5,44.1,217.2,Urea,112.8,Sprinkler,9,No,Low,43820,43940,120,1917.65,57107.62,29677.8,883804.88,79.23,3640831.85
87,Karnataka,Raichur,2020,Groundnut,Kharif,Black,3.76,31.3,1420.6,69.4,7.59,274.8,62.4,315.8,DAP,117.9,Sprinkler,1,No,Low,44025,44151,126,1782.4,6701.82,23770.03,89375.31,81.41,456219.86
88,Haryana,Kurukshetra,2016,Rice,Rabi,Sandy,6.88,24.9,91.7,35.7,6.45,135.5,44.8,137.5,Mixed,232.7,Canal,8,Yes,High,42685,42800,115,2773.3,19080.3,41750.81,287245.57,31.33,310540.23
89,Bihar,Muzaffarpur,2016,Soybean,Kharif,Alluvial,15.79,28.6,1459.4,49.2,6.9,318.9,73.6,245.5,Organic,223.4,Sprinkler,4,No,Low,42543,42666,123,1577.01,24900.99,37017.8,584511.06,52.79,730012.2
90,Madhya Pradesh,Sagar,2019,Rice,Zaid,Loamy,43.88,34.9,166.1,53.4,6.41,271.4,77.1,180.1,Mixed,267,Sprinkler,8,Yes,High,43528,43670,142,2673.76,117324.59,34682.17,1521853.62,31.91,2221974.05
91,Andhra Pradesh,Kurnool,2021,Cotton,Kharif,Red,30.72,28.8,1313.1,68.5,6.07,187.7,38.8,163.7,Organic,185.7,Canal,1,Yes,Medium,44371,44549,178,1874.47,57583.72,31927.77,980821.09,86.59,4005353.22
92,Odisha,Sambalpur,2015,Cotton,Kharif,Red,25.39,30.1,2102.7,61.5,6.12,217.2,55.4,201.1,Mixed,296.9,Canal,1,No,Low,42223,42396,173,1699.04,43138.63,43088.76,1094023.62,76.99,2227219.5
93,Maharashtra,Nagpur,2015,Jowar,Kharif,Alluvial,38.27,27.8,1110.7,64.6,7.2,306.5,64.7,271.2,Organic,233.8,Drip,5,Yes,Low,42228,42353,125,1793.73,68646.05,24855.5,951219.99,39.67,1771968.81
94,Rajasthan,Hanumangarh,2020,Wheat,Rabi,Sandy,49.73,17.8,167.9,68.9,6.44,136.1,35.2,103.6,Organic,186.4,Canal,6,No,Low,44150,44267,117,3615.08,179777.93,31228.86,1553011.21,35.92,4904612.04
95,Gujarat,Vadodara,2012,Cotton,Kharif,Red,38.06,32.2,835.4,70,6.56,189.3,37.2,203.2,Organic,165.9,Flood,1,No,Medium,41095,41253,158,2088.49,79487.93,39926.12,1519588.13,70.03,4046951.61
96,Karnataka,Raichur,2021,Wheat,Rabi,Alluvial,2.86,19.1,367,64.3,7.58,282.6,75.6,231.2,Mixed,184.7,Drip,6,Yes,Medium,44518,44651,133,4548.58,13008.94,36383.74,104057.5,33.86,336425.21
97,Maharashtra,Amravati,2013,Maize,Zaid,Black,12.41,31.4,270.7,57.6,7.44,308.1,44.2,322.6,Mixed,148.4,Sprinkler,7,No,Low,41326,41448,122,4755.74,59018.73,41276.08,512236.15,20.88,720074.93
98,Maharashtra,Nagpur,2022,Mustard,Rabi,Alluvial,18.18,23,245.4,37,7.59,266.2,75,241.4,Organic,221.7,Drip,5,Yes,High,44847,44972,125,1530.1,27817.22,32028.39,582276.13,73.14,1452275.34
99,Haryana,Sirsa,2015,Barley,Rabi,Sandy,49.05,19.3,241,70.5,7.23,150.2,38.6,59.2,DAP,104.6,Canal,9,Yes,Medium,42343,42440,97,3184.24,156186.97,23565.34,1155879.93,25.72,2861248.94
100,Karnataka,Belagavi,2014,Rice,Kharif,Alluvial,49.46,28.4,1284.2,70.9,6.59,321.9,62,238.4,Urea,166.3,Canal,1,No,Low,41827,41939,112,4412.2,218227.41,30010.57,1484322.79,27.2,4451462.76
101,Tamil Nadu,Nagapattinam,2016,Wheat,Rabi,Alluvial,44.78,22.5,247.3,37,7.03,280.7,77.2,249,DAP,62.4,Canal,1,No,Low,42664,42780,116,3893.15,174335.26,36735.43,1645012.56,24.99,2711625.59
102,Haryana,Sirsa,2022,Rice,Kharif,Clayey,14.09,26.3,711.4,60.7,7.82,263.6,70.7,254.7,DAP,94.7,Canal,3,No,Medium,44735,44873,138,3390.04,47765.66,28721.87,404691.15,35.99,1314394.95
103,Odisha,Khurda,2013,Groundnut,Kharif,Red,39.04,26.3,1306.8,57.8,5.84,228.5,49.5,181.3,Mixed,235.6,Flood,1,Yes,Low,41426,41535,109,1767.03,68984.85,31296.04,1221797.4,66.74,3382251.49
104,Gujarat,Junagadh,2018,Bajra,Kharif,Loamy,16.06,31.6,848.4,69.1,6.39,256.6,66.5,229.5,NPK,186.8,Canal,2,Yes,Medium,43324,43422,98,1582.43,25413.83,46828.67,752068.44,35.79,157492.54
105,Rajasthan,Alwar,2013,Wheat,Rabi,Black,10.41,31.4,91.8,40,7.23,307.1,62.9,301,NPK,110,Canal,5,No,Medium,41556,41667,111,3261.77,33955.03,30665.79,319230.87,22.88,457660.22
106,Uttar Pradesh,Meerut,2019,Rice,Kharif,Sandy,35.73,25.4,805,52.8,6.61,141.4,22.9,129.2,Organic,208,Flood,1,No,Low,43668,43800,132,2568.67,91778.58,39784.4,1421496.61,29.79,1312587.29
107,Bihar,Gaya,2017,Cotton,Kharif,Loamy,30.79,24,1535.1,81.7,6.85,250.9,50.1,217.4,NPK,83.7,Flood,1,Yes,Medium,42894,43094,200,1646.57,50697.89,35055.15,1079348.07,77.53,2851259.34
108,Haryana,Hisar,2016,Cotton,Kharif,Black,23.56,25.7,433.6,56,7.44,267.4,58.1,328.8,Mixed,114.8,Canal,5,Yes,High,42607,42783,176,1522.98,35881.41,31128.51,733387.7,88.61,2446064.04
109,Tamil Nadu,Erode,2014,Jowar,Rabi,Silty,15.55,26,706.7,49.9,6.35,258.5,69,232.3,NPK,150.4,Flood,3,No,High,41968,42066,98,1297.75,20180.01,29437.08,457746.59,32.21,192251.53
110,Uttar Pradesh,Prayagraj,2015,Maize,Zaid,Red,25.38,28.2,239.4,26.5,6.11,204.9,60.9,152.3,Mixed,154.9,Drip,8,No,Medium,42044,42146,102,3988.89,101238.03,33328.36,845873.78,24.8,1664829.36
111,Maharashtra,Pune,2019,Jowar,Kharif,Silty,21.07,27.9,1244.9,73.2,6.84,284.5,68.5,232.4,NPK,121.6,Canal,1,Yes,Low,43662,43767,105,1638.54,34524.04,31362.28,660803.24,42.43,804051.78
112,Karnataka,Dharwad,2017,Groundnut,Kharif,Red,13.74,28.3,1045.2,64.3,6.66,190.9,48.8,108.5,DAP,101.5,Drip,3,Yes,Low,42929,43037,108,1857.21,25518.07,25884.13,355647.95,73.07,1508957.42
113,Madhya Pradesh,Ujjain,2013,Wheat,Zaid,Silty,25.16,31.5,402.6,62.9,6.9,259.9,76.3,214.7,DAP,143.4,Flood,2,Yes,Medium,41341,41446,105,4155.93,104563.2,34521.67,868565.22,23.47,1585533.08
114,Tamil Nadu,Nagapattinam,2019,Jowar,Kharif,Loamy,30.08,33,1175.5,74.5,6.96,222.2,28,228.5,Urea,85.8,Canal,1,Yes,Low,43694,43813,119,1165.15,35047.71,25709.81,773351.08,38.73,584046.73
115,Telangana,Siddipet,2016,Cotton,Kharif,Black,18.44,27.6,1171.6,39.1,7.11,271.2,56.5,286.5,NPK,131.2,Flood,1,No,Low,42575,42748,173,1828.74,33721.97,36466.88,672449.27,79.96,2023959.45
116,Rajasthan,Kota,2018,Groundnut,Rabi,Alluvial,37.87,24.6,181.8,47.7,7.54,274.4,67.8,227.3,NPK,132.2,Sprinkler,6,Yes,High,43378,43484,106,2239.99,84828.42,25760.74,975559.22,64.89,4528956.95
117,Madhya Pradesh,Dewas,2020,Wheat,Kharif,Clayey,8.54,26.3,1052.7,75.4,7.39,268.3,62.1,264.9,Urea,132.8,Sprinkler,3,No,Low,44060,44184,124,3216.36,27467.71,29987.35,256091.97,33.33,659406.8
118,Andhra Pradesh,Nellore,2021,Maize,Rabi,Black,39.94,28.9,513.3,48.3,7,256.4,57.8,291.1,DAP,83.1,Sprinkler,9,No,Low,44546,44637,91,4101.25,163803.92,30068.83,1200949.07,30.29,3760671.67
119,Bihar,Patna,2021,Maize,Zaid,Clayey,7.81,34,30,41.4,7.75,252.5,60.3,296.9,Organic,213.4,Canal,6,No,Low,44305,44409,104,3486.24,27227.53,31171.72,243451.13,26.92,489513.98
120,West Bengal,Hooghly,2012,Groundnut,Rabi,Loamy,43.7,22.4,323.2,61.3,7.26,264.1,49.3,251.2,Urea,109.6,Canal,3,No,Low,41285,41411,126,2260.65,98790.41,33052.45,1444392.06,56.03,4090834.61
121,Bihar,Patna,2014,Cotton,Kharif,Sandy,33.96,28.3,1376.7,75.7,6.42,130.9,43.3,87,DAP,145.7,Sprinkler,1,No,Low,41868,42042,174,1664.03,56510.46,27574.07,936415.42,71.03,3077522.55
122,Telangana,Khammam,2021,Cotton,Zaid,Alluvial,17.77,35,217.3,56.6,7.3,274,77.9,239.9,DAP,120.5,Canal,4,Yes,Medium,44263,44432,169,1667.21,29626.32,35712.61,634613.08,102.17,2392308.03
123,Odisha,Bargarh,2016,Rice,Kharif,Alluvial,46.24,28.5,2007.8,52,7.61,298.1,51.4,222.4,Urea,94.9,Sprinkler,3,No,Low,42594,42753,159,4618.84,213575.16,32488.35,1502261.3,31.16,5152740.69
124,West Bengal,Malda,2019,Rice,Rabi,Alluvial,32.08,29.5,492.2,53.7,7.04,283,85.1,256.7,Mixed,248.2,Flood,5,Yes,Low,43804,43920,116,3595.63,115347.81,35442.95,1137009.84,31.66,2514901.82
125,Punjab,Amritsar,2018,Rice,Kharif,Clayey,32.7,23.5,636.9,70.9,7.3,304,51.9,230.7,Urea,108.8,Canal,4,No,High,43252,43397,145,3562.57,116496.04,29366.92,960298.28,33.93,2992412.36
126,Odisha,Bargarh,2017,Maize,Kharif,Clayey,49.86,29.6,1439.9,63.8,7.37,281.8,42.9,244.3,Urea,110.1,Drip,5,No,Medium,42904,42996,92,3921.77,195539.45,42251.96,2106682.73,24.79,2740740.24
127,Maharashtra,Amravati,2014,Bajra,Zaid,Sandy,49.46,28.5,366.5,30.4,7.1,132.2,50.9,107.7,Mixed,220.6,Canal,9,Yes,High,41671,41765,94,1189.58,58836.63,36528.95,1806721.87,34.44,219611.67
128,Tamil Nadu,Nagapattinam,2014,Barley,Rabi,Loamy,39.64,28,657.7,58.2,7.01,268,70.9,217.2,NPK,170.8,Sprinkler,3,Yes,Medium,41923,42028,105,3157.81,125175.59,33332.98,1321319.33,21.5,1369955.86
129,Madhya Pradesh,Indore,2016,Cotton,Kharif,Alluvial,33.56,32.6,897.9,77.2,6.95,298.9,63.6,220.9,Mixed,102.3,Drip,5,No,Medium,42561,42748,187,1827.22,61321.5,42922.4,1440475.74,87.87,3947844.46
130,Bihar,Vaishali,2018,Mustard,Rabi,Sandy,4.37,26.4,301.9,64.6,6.47,161.2,43.2,130.4,Mixed,274.6,Sprinkler,5,No,Low,43429,43539,110,1492.42,6521.88,41079.12,179515.75,75.1,310277.44
131,Andhra Pradesh,Krishna,2012,Mustard,Rabi,Loamy,5,22.8,227.3,39.7,6.58,259.8,66.4,241.5,Mixed,188.4,Canal,2,No,Medium,41219,41334,115,1323.15,6615.75,33218.02,166090.1,51.92,177399.64
132,Tamil Nadu,Nagapattinam,2012,Soybean,Kharif,Black,29.13,32.2,631.9,72.4,7.49,269.6,62.9,314.2,DAP,122.3,Flood,1,No,Low,41047,41166,119,1578.79,45990.15,37426.66,1090238.61,41.05,797657.05
133,Punjab,Jalandhar,2017,Mustard,Rabi,Loamy,19.04,21.2,30,47.6,6.82,211.8,71.3,200.4,DAP,90.9,Canal,3,No,Medium,43024,43121,97,1272.19,24222.5,38589.67,734747.32,63.43,801685.86
134,Maharashtra,Amravati,2018,Soybean,Kharif,Black,41.82,29.7,1235.8,66.8,6.69,268.2,38.1,319.4,Organic,148.6,Flood,1,No,Low,43272,43384,112,1648.12,68924.38,36114.97,1510328.05,63.64,2876019.49
135,Odisha,Khurda,2016,Cotton,Kharif,Black,2.09,29.5,1374.7,85.6,7.11,280.9,48.3,309.6,NPK,128.5,Drip,7,No,Low,42590,42755,165,2446.63,5113.46,28816,60225.44,76.62,331567.87
136,West Bengal,Birbhum,2021,Mustard,Rabi,Loamy,12.61,27.1,456.8,51.2,6.89,244.7,53.6,190.4,Mixed,106.7,Drip,8,No,Medium,44503,44604,101,1603.89,20225.05,31675.24,399424.78,95.12,1524381.98
137,Punjab,Jalandhar,2019,Rice,Kharif,Silty,12.23,23.9,649.8,76.5,7.28,250.8,54.6,239.5,DAP,73.4,Sprinkler,4,Yes,High,43590,43732,142,3266.93,39954.55,37775.67,461996.44,34.55,918433.26
138,Uttar Pradesh,Lucknow,2018,Rice,Kharif,Sandy,39.4,29.1,989,69.8,7.12,130,34.4,134.3,NPK,157.8,Canal,2,No,Low,43272,43425,153,3985.39,157024.37,28692.3,1130476.62,34.24,4246037.81
139,Gujarat,Kheda,2018,Wheat,Rabi,Clayey,28.34,25.1,46.5,62.1,8.08,264.9,78.3,236.3,DAP,135.8,Drip,8,No,Low,43473,43582,109,3620.05,102592.22,38815.37,1100027.59,31.69,2151119.86
140,Maharashtra,Nagpur,2018,Cotton,Kharif,Silty,43.74,28.8,1265.9,66.9,7.3,277.7,76.9,234.3,Mixed,244.9,Drip,5,No,Low,43324,43479,155,2110.81,92326.83,30586.94,1337872.76,93.35,7280836.82
141,Madhya Pradesh,Gwalior,2019,Maize,Zaid,Alluvial,20.13,26.7,148.6,41.9,6.99,317.3,64.4,240.8,Organic,239.5,Flood,2,No,Medium,43503,43605,102,3958.18,79678.16,38994.55,784960.29,27.24,1385472.79
142,Madhya Pradesh,Sagar,2016,Cotton,Kharif,Black,45.76,25.7,1018.1,81.2,7.13,277.4,63.9,341.9,NPK,145.2,Sprinkler,6,No,Medium,42563,42745,182,2058.9,94215.26,35851.53,1640566.01,79.17,5818456.12
143,Gujarat,Junagadh,2018,Wheat,Rabi,Clayey,11.89,22.1,241.4,59.9,6.9,280.5,71,272.4,Mixed,215.8,Sprinkler,5,Yes,Low,43382,43512,130,4744.37,56410.56,32783.74,389798.67,31.04,1361185.11
144,Andhra Pradesh,Prakasam,2019,Soybean,Zaid,Alluvial,9.61,38.8,195,38,7.22,274.4,71,243.6,NPK,103.6,Canal,5,Yes,Medium,43548,43669,121,1336.86,12847.22,36079.79,346726.78,67.17,516220.99
145,Tamil Nadu,Coimbatore,2020,Wheat,Rabi,Sandy,0.95,26.7,220.2,67,6.47,133.5,25.1,129.9,NPK,99.2,Flood,4,Yes,Medium,44129,44224,95,2371.8,2253.21,37142.04,35284.94,30.49,33415.43
146,Tamil Nadu,Nagapattinam,2017,Rice,Kharif,Red,27.02,30.5,1155.6,72.1,6.04,174.3,36.4,149.9,Organic,121.1,Sprinkler,5,Yes,Medium,42969,43110,141,3710.9,100268.52,27881.54,753359.21,34.3,2685851.03
147,Rajasthan,Jaipur,2020,Bajra,Kharif,Sandy,13.73,30.9,459.1,83.4,6.18,139.3,30.5,110,Mixed,129.8,Sprinkler,6,No,Low,43986,44067,81,1687.47,23168.96,24354.78,334391.13,37.35,530969.53
148,Maharashtra,Nashik,2017,Moong,Rabi,Loamy,32.02,27.3,470.1,47,6.86,240.5,50.9,247.1,Organic,135,Drip,5,No,Low,43049,43109,60,1203.84,38546.96,38737.59,1240377.63,98.98,2575000.47
149,Bihar,Gaya,2013,Maize,Kharif,Clayey,13.92,20.2,1485.2,71.8,7.69,257,36,260.9,Urea,85.4,Canal,3,No,High,41411,41503,92,3308.6,46055.71,37375.06,520260.84,23.48,561127.23
150,Haryana,Panipat,2020,Mustard,Kharif,Sandy,15.31,27.9,739,65.8,6.51,114.4,31.2,95.1,Mixed,128.8,Drip,11,No,Medium,44013,44121,108,994.64,15227.94,33898.58,518987.26,80.1,700770.73
151,Andhra Pradesh,Prakasam,2021,Barley,Rabi,Sandy,11.99,23.4,588.1,49.9,6.48,126.6,18.8,113,Organic,200.1,Canal,4,Yes,High,44543,44646,103,2190.24,26260.98,31194.86,374026.37,26.96,333969.65
152,Haryana,Sirsa,2021,Jowar,Zaid,Black,21.88,31.9,30,48.8,7.35,249.2,61.5,291.6,DAP,128.4,Canal,5,Yes,Low,44256,44386,130,1200.91,26275.91,22895.42,500951.79,49.67,804172.66
153,West Bengal,Birbhum,2013,Mustard,Rabi,Loamy,16.18,23.5,621.4,40.5,6.35,247.5,40.5,231.5,Urea,105.6,Canal,3,Yes,Medium,41550,41662,112,1360.19,22007.87,32306.37,522717.07,52.14,624773.27
154,Haryana,Hisar,2012,Bajra,Kharif,Sandy,1.8,22,394.7,67.7,6.42,153.7,10,118.3,Urea,111.7,Drip,7,Yes,Medium,41034,41114,80,973.37,1752.07,41660.15,74988.27,30.65,-21287.32
155,Gujarat,Rajkot,2021,Groundnut,Kharif,Clayey,28.81,24.6,680.2,57.8,7.43,269.8,50.5,276,Organic,236,Flood,2,No,Medium,44391,44515,124,2065.79,59515.41,32324.36,931264.81,83.2,4020417.3
156,Uttar Pradesh,Varanasi,2014,Wheat,Rabi,Alluvial,47.24,25.5,52.6,47,6.76,281.4,78.4,237.9,DAP,92.1,Sprinkler,8,Yes,Low,41918,42040,122,3720.66,175763.98,28934.35,1366858.69,25.04,3034271.37
157,Telangana,Karimnagar,2016,Maize,Zaid,Loamy,16.63,34.1,336.5,41.5,6.89,271.5,52.5,229.7,DAP,79.1,Flood,4,Yes,Medium,42435,42550,115,3425.98,56974.05,39637.18,659166.3,23.97,706501.68
158,Rajasthan,Ajmer,2017,Wheat,Rabi,Clayey,39.99,24.7,116.2,56.1,7.18,291.5,46.7,306.2,Organic,272.5,Canal,1,No,Low,43061,43191,130,3884.2,155329.16,43008.9,1719925.91,25.91,2304652.63
159,Telangana,Warangal,2018,Soybean,Kharif,Loamy,29.32,28.5,836,61.9,7.09,274.5,77,254.2,NPK,190.5,Canal,1,No,Low,43303,43402,99,1680.28,49265.81,25502.86,747743.86,56.47,2034296.43
160,Tamil Nadu,Dindigul,2020,Wheat,Zaid,Clayey,32.53,30.9,478,42.1,7.3,263.3,55.5,251.9,Organic,137.5,Flood,3,No,Low,43941,44076,135,3826.56,124478,33357.99,1085135.41,32.89,3008946.01
161,Punjab,Jalandhar,2017,Moong,Kharif,Loamy,19.86,24.7,690.8,64.1,7.15,261.4,64.3,255.7,Mixed,211.6,Sprinkler,6,Yes,Medium,42924,43011,87,1158.99,23017.54,39123.22,776987.15,96.19,1437070.02
162,Odisha,Ganjam,2017,Moong,Rabi,Alluvial,17.74,22.7,513.2,52.5,7.25,251.5,63.4,211.8,DAP,81.2,Canal,3,Yes,Low,43012,43076,64,1219.67,21636.95,44301.88,785915.35,99.9,1375615.96
163,Haryana,Fatehabad,2019,Rice,Kharif,Clayey,26.04,24.6,394.9,57.1,7.92,252.6,69.8,246.1,DAP,114.8,Flood,1,Yes,Medium,43586,43750,164,2882.79,75067.85,26969.84,702294.63,36.26,2019665.61
164,Maharashtra,Satara,2012,Mustard,Rabi,Sandy,33.7,24.2,330.7,58.9,6.61,146.5,35.9,103.9,Mixed,137.4,Sprinkler,7,No,Low,41201,41302,101,1260.46,42477.5,36853.44,1241960.93,50.65,909524.44
165,Gujarat,Rajkot,2015,Cotton,Kharif,Red,27.97,30.6,952.8,64.5,6.14,203.5,32.9,154.2,Urea,129,Flood,2,No,Low,42230,42418,188,1920.53,53717.22,32139.06,898929.51,74.92,3125564.61
166,Karnataka,Tumakuru,2014,Maize,Rabi,Black,20.75,23.5,456.1,25,7.52,290.2,40.2,301.3,Urea,83.4,Canal,3,No,Low,41974,42095,121,6865.25,142453.94,37296.78,773908.18,21,2217624.56
167,Haryana,Hisar,2016,Jowar,Rabi,Black,15.24,24,215.4,55.1,7.36,291.4,64.3,315.2,NPK,156.5,Flood,1,Yes,High,42668,42804,136,1173.69,17887.04,29815.27,454384.71,38.31,230867.79
168,Punjab,Moga,2016,Maize,Rabi,Alluvial,8.72,19.2,79,29.1,6.87,308.4,56.6,218.4,Urea,157.3,Canal,5,Yes,Medium,42668,42773,105,4605.41,40159.18,25090.53,218789.42,23.79,736597.47
169,Uttar Pradesh,Lucknow,2015,Mustard,Rabi,Black,7.21,24.1,78.2,46.1,7.01,268.1,45.4,315.7,DAP,107.3,Drip,5,Yes,High,42319,42432,113,954.79,6884.04,34207.41,246635.43,66.35,210120.62
170,Odisha,Mayurbhanj,2012,Moong,Zaid,Loamy,7.54,32.5,30,66,7.12,268.2,73,206.5,DAP,132.8,Canal,6,No,Medium,40947,41011,64,828.63,6247.87,35941.17,270996.42,77.65,214150.69
171,West Bengal,Malda,2022,Maize,Kharif,Black,16.7,29,2552.9,59.9,7.74,273.9,49.5,292.3,DAP,119.5,Canal,1,Yes,High,44694,44816,122,3361.79,56141.89,33824.71,564872.66,29.22,1075593.37
172,Punjab,Amritsar,2019,Groundnut,Kharif,Sandy,28.52,25,747.5,61.7,6.36,149.1,27,86.8,Urea,119.4,Flood,1,No,Low,43684,43811,127,2027.19,57815.46,25581.85,729594.36,73.96,3546437.06
173,Karnataka,Haveri,2022,Jowar,Kharif,Silty,49.79,27.7,1192.4,66.9,6.86,280.2,50.2,229.3,Urea,113,Flood,1,No,Low,44774,44871,97,1326.59,66050.92,29618.69,1474714.58,41.13,1241959.76
174,Uttar Pradesh,Kanpur Nagar,2014,Barley,Rabi,Loamy,36.44,24.3,479.9,57.7,6.76,266.2,68.9,218.2,DAP,116.5,Sprinkler,4,Yes,Medium,41982,42082,100,4192.7,152781.99,36298.01,1322699.48,24.07,2354763.02
175,Odisha,Balasore,2018,Groundnut,Rabi,Loamy,40.95,23,275.4,54,7.24,230.2,43.5,211.7,Mixed,145.2,Sprinkler,4,Yes,Medium,43468,43576,108,1705.49,69839.82,32818.16,1343903.65,70.83,3602850.8
176,Telangana,Medak,2014,Cotton,Kharif,Loamy,32.26,29.8,1093.8,71.2,6.91,226.1,79.9,214.2,DAP,138.1,Flood,2,No,Low,41763,41933,170,2512.4,81050.02,24906.8,803493.37,76.28,5379002.16
177,Haryana,Hisar,2014,Jowar,Kharif,Black,39.06,23.5,579.1,72.4,7.39,270.5,37.3,283.9,Urea,89.7,Sprinkler,1,Yes,Medium,41862,42002,140,1575.65,61544.89,45512.74,1777727.62,38.59,597289.69
178,Bihar,Patna,2022,Jowar,Kharif,Clayey,25,27.1,1207.2,70.5,7.48,242.5,78.7,267.5,DAP,114.6,Flood,2,No,Medium,44736,44851,115,1297.86,32446.5,32973.32,824333,51.94,860938.21
179,Haryana,Rohtak,2019,Mustard,Rabi,Sandy,38.25,19.6,104.6,49,6.43,171.3,12.4,75.7,Urea,106.4,Flood,5,Yes,Medium,43750,43865,115,1163.46,44502.34,33613.89,1285731.29,75.45,2071970.26
180,Tamil Nadu,Salem,2016,Rice,Kharif,Red,15.85,29.2,1021.2,77.8,5.96,206,39.7,160.6,NPK,162.1,Drip,6,No,Medium,42539,42669,130,3590.35,56907.05,42745.5,677516.18,28.33,934660.55
181,Maharashtra,Ahmednagar,2012,Cotton,Zaid,Loamy,35.54,31.4,30,52.7,6.86,261.8,67.8,208.9,DAP,116.6,Drip,8,Yes,Medium,41019,41172,153,1530.52,54394.68,44407.66,1578248.24,57.69,1559780.85
182,Bihar,Patna,2014,Maize,Kharif,Black,38.69,27,1710.2,63.1,7.27,286.6,38.2,327.7,Urea,150,Drip,1,Yes,High,41826,41939,113,3902.16,150974.57,25917.56,1002750.4,21.79,2286985.48
183,Punjab,Firozpur,2018,Rice,Kharif,Clayey,8.29,21,824,69.6,7.45,317.4,55.7,267.2,Mixed,172,Sprinkler,3,No,Low,43236,43375,139,4284.56,35519,34405.93,285225.16,32.71,876601.33
184,Odisha,Cuttack,2021,Groundnut,Kharif,Red,46.59,27.5,2190.8,72.2,5.82,161.1,22,149.8,Urea,65.5,Flood,1,No,Low,44318,44418,100,2363.01,110092.64,29916.13,1393792.5,82.22,7658024.36
185,Telangana,Nalgonda,2020,Mustard,Rabi,Silty,6.41,26.2,360.8,43.5,6.71,264.9,76.8,233,NPK,208.2,Sprinkler,5,No,Low,44146,44256,110,1247.54,7996.73,33846.85,216958.31,73,366802.98
186,West Bengal,Bardhaman,2014,Rice,Kharif,Loamy,0.89,27.5,1948.3,58.5,6.21,269.1,80.4,204.3,DAP,127.4,Canal,1,Yes,Low,41854,41993,139,3033.9,2700.17,29418.35,26182.33,29.29,52905.65
187,Madhya Pradesh,Jabalpur,2021,Groundnut,Rabi,Loamy,0.82,20,435.6,55.3,6.33,262.8,39.8,205.6,Urea,147.9,Flood,4,No,Low,44549,44680,131,2119.98,1738.38,36911.66,30267.56,93.6,132444.81
188,Punjab,Patiala,2016,Wheat,Zaid,Red,32.04,31.2,164.3,43.8,6.56,134.6,48.6,151.7,DAP,95.8,Flood,4,Yes,Medium,42474,42613,139,2563.54,82135.82,26505.35,849231.41,28.96,1529421.94
189,Rajasthan,Alwar,2013,Bajra,Kharif,Sandy,48.25,31.7,322.1,69.6,6.42,114,16.4,123.8,Urea,113.9,Sprinkler,5,Yes,Low,41399,41480,81,1686.79,81387.62,35390.04,1707569.43,31.16,828468.81
190,Madhya Pradesh,Vidisha,2016,Cotton,Rabi,Loamy,35.7,26.6,152.5,65.4,7,267.1,56.4,204.1,Mixed,108.1,Drip,6,Yes,Medium,42727,42921,194,2101.17,75011.77,35002.84,1249601.39,87.08,5282423.54
191,Gujarat,Kheda,2020,Wheat,Rabi,Silty,40.29,27.6,30,38,7.17,258.3,70.7,271.7,NPK,157.8,Drip,13,Yes,Medium,44136,44256,120,3475.75,140037.97,32938.26,1327082.5,32.87,3275965.57
192,Uttar Pradesh,Meerut,2012,Wheat,Rabi,Loamy,49.86,26.5,183.5,50.3,6.93,260.3,58.2,243.2,Organic,213.2,Drip,9,No,Low,41226,41344,118,5147.95,256676.79,32258.64,1608415.79,20.31,3604689.81
193,Madhya Pradesh,Vidisha,2014,Wheat,Rabi,Clayey,25.06,24.1,414,64.7,7.28,264.6,58.6,248,Organic,146.9,Canal,3,No,Medium,41914,42038,124,4235,106129.1,38342.02,960851.02,23.92,1577757.05
194,Maharashtra,Satara,2014,Soybean,Rabi,Loamy,44.2,22.1,30,56.9,6.95,280.6,70.9,228.8,Mixed,223.8,Canal,4,No,Low,42009,42101,92,1392.57,61551.59,39439.44,1743223.25,51.42,1421759.51
195,Karnataka,Bengaluru Rural,2013,Cotton,Kharif,Loamy,17.53,21.6,940.3,76,6.39,249.2,50.1,255.9,Organic,278.3,Canal,1,Yes,Medium,41446,41630,184,2017.68,35369.93,40351.15,707355.66,71.86,1834327.51
196,Andhra Pradesh,Anantapur,2018,Maize,Kharif,Black,48.71,30.7,1322.8,61.3,7.21,287.5,35.5,337.3,Organic,249.4,Flood,1,No,Low,43245,43352,107,4861.91,236823.64,27861.64,1357140.48,28.67,5432593.28
197,Haryana,Rohtak,2022,Rice,Kharif,Clayey,9.22,24.7,728.4,47.9,7.73,278.4,83.6,268.7,Mixed,269.3,Flood,1,Yes,Medium,44706,44830,124,3149.64,29039.68,39492.33,364119.28,43.03,885458.15
198,Andhra Pradesh,Anantapur,2017,Jowar,Kharif,Red,12.01,26.7,1024.1,60.9,6.13,199.6,40,138.4,NPK,155.9,Drip,6,Yes,Low,42905,43007,102,1674.74,20113.63,34077.82,409274.62,38.63,367714.91
199,Madhya Pradesh,Indore,2020,Cotton,Kharif,Clayey,7.81,30.2,916.9,75.4,7,254.2,43.2,226.5,Urea,170.3,Drip,4,Yes,Medium,43993,44188,195,1736.14,13559.25,26283.29,205272.49,87.56,981975.44
200,Bihar,Gaya,2013,Barley,Rabi,Sandy,36.75,22.2,353.6,40.8,6.74,144.8,28.2,104.7,Mixed,120.2,Flood,7,Yes,Low,41631,41751,120,3190.13,117237.28,25857.46,950261.65,22.33,1667646.81
201,Maharashtra,Amravati,2022,Soybean,Kharif,Black,47.47,30,920.3,80.4,7,259.5,46.3,330.6,NPK,123,Drip,6,Yes,Medium,44750,44851,101,1691.99,80318.77,34947.12,1658939.79,71.66,4096703.27
202,Andhra Pradesh,West Godavari,2021,Wheat,Rabi,Red,17.67,27.9,465,45.7,6.37,196.2,28.1,181.6,Organic,269.9,Flood,3,No,Low,44521,44652,131,3612.48,63832.52,42930.69,758585.29,32.12,1291715.25
203,Gujarat,Surat,2022,Bajra,Kharif,Red,36.16,29.9,662.2,63.3,6.61,182.6,39.6,140.5,DAP,71,Drip,7,Yes,Medium,44757,44832,75,1399.56,50608.09,22938.04,829439.53,48.72,1636186.61
204,Punjab,Jalandhar,2019,Mustard,Zaid,Sandy,8.55,30.7,30,43,6.48,156.3,39.6,109.8,Mixed,175.1,Flood,3,No,Medium,43537,43654,117,915.2,7824.96,29337.68,250837.16,69.86,295814.55
205,Haryana,Karnal,2016,Wheat,Rabi,Loamy,17.23,22.7,68.4,62.9,6.43,252.1,48.2,222,Urea,147.8,Drip,8,No,Low,42710,42829,119,4092.83,70519.46,37780.71,650961.63,28.58,1364484.54
206,Andhra Pradesh,Chittoor,2012,Cotton,Kharif,Clayey,33.2,32.2,1257.6,57.4,7.39,268,59.7,267,Organic,173,Sprinkler,5,Yes,High,41127,41280,153,1440.48,47823.94,30001.46,996048.47,58.72,1812173.29
207,Rajasthan,Alwar,2013,Wheat,Rabi,Silty,10.38,24.4,148.5,62.5,7.16,234.7,62.4,231.7,Organic,188.4,Canal,7,No,Low,41580,41698,118,4201.61,43612.71,30493.81,316525.75,22.32,656909.94
208,Punjab,Bathinda,2014,Groundnut,Zaid,Silty,9.65,28.9,66.7,48.3,6.82,229.2,67.7,222.4,NPK,148.5,Canal,3,Yes,Medium,41680,41805,125,1852.94,17880.87,26801.05,258630.13,66.46,929732.49
209,Maharashtra,Kolhapur,2014,Soybean,Kharif,Black,40.5,30,1094,68.4,7.77,303.3,46.3,297,Urea,150.3,Sprinkler,3,Yes,Medium,41799,41892,93,1599.46,64778.13,29216.95,1183286.48,60.26,2720243.63
210,Maharashtra,Ahmednagar,2020,Rice,Kharif,Black,25.35,24.7,879.8,69.8,7.33,289.3,56.5,307.6,NPK,121.8,Drip,5,No,Low,44062,44187,125,4596.08,116510.63,33518.39,849691.19,30.41,2693397.07
211,Tamil Nadu,Salem,2013,Bajra,Kharif,Sandy,49.86,30.4,930.7,94.9,6.16,140.9,18.5,117.9,Urea,65.1,Flood,3,No,Low,41432,41519,87,1410.1,70307.59,34965.71,1743390.3,33.79,632303.17
212,West Bengal,Nadia,2021,Maize,Zaid,Red,45.9,29.7,412.1,53.6,5.99,185.8,43,149,Mixed,179.5,Canal,5,No,Low,44230,44344,114,4597.25,211013.78,27635.33,1268461.65,30.01,5064061.89
213,Punjab,Jalandhar,2013,Maize,Kharif,Black,13.57,24.5,583.9,61.9,6.84,328.3,50.9,304.7,Organic,245.7,Canal,2,No,High,41398,41524,126,4248.15,57647.4,47629.42,646331.23,19.32,467416.54
214,West Bengal,Uttar Dinajpur,2021,Groundnut,Kharif,Alluvial,37.41,29,2286.3,56.3,6.82,298,43.9,252.1,Organic,183.3,Drip,2,Yes,High,44367,44492,125,2073.69,77576.74,29006.74,1085142.14,82.72,5332005.79
215,Gujarat,Banaskantha,2018,Groundnut,Kharif,Silty,3.75,27.2,1171.9,79.6,7.23,307.2,79.3,273.5,Mixed,273.4,Flood,1,Yes,Medium,43336,43467,131,1628.75,6107.81,36543.78,137039.17,79.42,348043.1
216,Bihar,Samastipur,2014,Mustard,Rabi,Clayey,14.06,18.7,170.4,46,6.63,251.6,54,291.5,Organic,159.9,Flood,2,No,Low,41950,42057,107,1128.3,15863.9,34317.09,482498.29,61.15,487579.2
217,Telangana,Siddipet,2020,Cotton,Zaid,Silty,17.54,33.5,52.8,60,6.72,265.2,55.8,246.3,Mixed,189.2,Sprinkler,5,Yes,High,43873,44054,181,1440.19,25260.93,31296.62,548942.71,92.39,1784914.61
218,Telangana,Khammam,2013,Maize,Kharif,Loamy,23.97,31.2,638,77.7,6.82,262,38,208.2,Urea,92.3,Drip,6,Yes,Low,41433,41537,104,5209.52,124872.19,35983.12,862515.39,20.02,1637425.85
219,Uttar Pradesh,Bareilly,2021,Mustard,Rabi,Clayey,23.6,25.6,315.7,55,7.17,297.1,73.2,295.9,NPK,205.4,Flood,3,Yes,High,44553,44665,112,1223.32,28870.35,42852.73,1011324.43,81.54,1342763.91
220,West Bengal,Birbhum,2021,Rice,Kharif,Clayey,17.15,28.7,1581.2,69.6,7.42,293.5,72.4,298.3,Mixed,221.8,Drip,5,Yes,Low,44395,44546,151,5450.93,93483.45,40722.46,698390.19,34.67,2542681.02
221,Rajasthan,Bharatpur,2016,Cotton,Kharif,Red,33.2,29.5,529.2,56.5,5.93,203.8,45.7,146.1,Mixed,253.1,Canal,3,No,High,42558,42717,159,1780.94,59127.21,36413.27,1208920.56,84.31,3776094.52
222,West Bengal,Nadia,2012,Mustard,Zaid,Alluvial,36.46,33.3,725.8,58.3,6.83,279.5,69.5,235.9,Organic,213.3,Sprinkler,6,No,High,40981,41100,119,1203.13,43866.12,38374.98,1399151.77,47.72,694139.48
223,Madhya Pradesh,Vidisha,2022,Maize,Kharif,Loamy,47.37,25.6,1206,69.6,6.88,221.1,62.7,197.6,NPK,97.9,Flood,1,No,Low,44722,44818,96,5206.75,246643.75,28615.56,1355519.08,32.26,6601208.29
224,Gujarat,Rajkot,2015,Cotton,Kharif,Alluvial,23.87,27.5,729.6,45.4,7.32,304.9,59.9,244.4,Mixed,158.8,Drip,5,Yes,High,42197,42363,166,1728.88,41268.37,32309.01,771216.07,73.98,2281817.94
225,Madhya Pradesh,Bhopal,2022,Cotton,Kharif,Loamy,7.59,28.8,1156.2,69.7,6.9,213.3,68.5,224.7,DAP,90.9,Canal,1,No,Medium,44717,44879,162,1703.74,12931.39,32056.79,243311.04,99.8,1047241.68
226,Telangana,Karimnagar,2013,Cotton,Kharif,Loamy,24.73,31.7,1292.6,51.9,7.11,249.7,68.5,219.8,DAP,70.9,Flood,2,Yes,Medium,41395,41573,178,1902.54,47049.81,37403.86,924997.46,69.77,2357667.78
227,Tamil Nadu,Madurai,2012,Groundnut,Kharif,Loamy,15.26,28.5,1260.7,66.2,7.2,283.3,48.7,212.7,Organic,181.4,Drip,7,Yes,Medium,41100,41208,108,2066.7,31537.84,34554.53,527302.13,58.89,1329961.27
228,Rajasthan,Hanumangarh,2020,Mustard,Rabi,Sandy,1.45,23.8,46,60.3,6.97,165.3,48.9,89.2,DAP,125,Canal,9,No,Low,44146,44272,126,1484.64,2152.73,31282.03,45358.94,76.67,119690.87
229,Punjab,Amritsar,2022,Barley,Kharif,Loamy,15.41,28.9,975.7,60.3,6.99,254.4,59.5,213.9,Mixed,150.5,Drip,5,Yes,Medium,44786,44888,102,2896.28,44631.67,27545.31,424473.23,33.32,1062654.01
230,West Bengal,Murshidabad,2022,Soybean,Kharif,Clayey,30.65,30.2,1483.7,58.7,7.08,276.8,66.1,259.3,Mixed,123.5,Flood,1,Yes,Low,44777,44899,122,1531.41,46937.72,32008.11,981048.57,68.74,2245450.3
231,Odisha,Bargarh,2020,Moong,Kharif,Alluvial,0.64,24.1,1616.2,60.1,6.74,298.1,78.1,246.4,NPK,207.4,Flood,1,Yes,Medium,43984,44074,90,868.03,555.54,39996.09,25597.5,103.09,31673.12
232,West Bengal,Murshidabad,2013,Barley,Rabi,Loamy,23.11,21.8,107.4,44.5,6.52,239.7,45.4,230.1,Organic,235.8,Flood,4,No,Low,41572,41699,127,3434.95,79381.69,32828.43,758665.02,20.49,867865.81
233,Rajasthan,Bikaner,2019,Wheat,Rabi,Silty,0.98,22.9,95.8,53.7,6.87,219,66,229.1,DAP,92.6,Drip,8,No,Low,43811,43949,138,4184.13,4100.45,34238.89,33554.11,28.33,82611.64
234,Uttar Pradesh,Bareilly,2017,Maize,Kharif,Black,34.65,26.8,675.5,56.7,7.64,292.7,34.9,299.4,Urea,73.7,Canal,2,No,Low,42867,42978,111,6584.2,228142.53,30074.66,1042086.97,28.77,5521573.62
235,Karnataka,Mandya,2022,Jowar,Kharif,Loamy,9.47,27.9,1121.8,68.9,7.17,228.5,68,246,NPK,207.6,Canal,2,No,Low,44687,44783,96,1281.97,12140.26,34901.07,330513.13,55.52,343514.11
236,Maharashtra,Kolhapur,2021,Wheat,Rabi,Silty,1.11,25.4,267.6,44.3,7.39,235.5,54,279.6,Organic,262,Sprinkler,5,Yes,Low,44516,44642,126,3907.85,4337.71,34901.27,38740.41,37.27,122926.04
237,Telangana,Nizamabad,2022,Barley,Rabi,Red,1.08,23.6,651.4,51,6.02,163.2,53.7,131.8,NPK,128.4,Drip,6,Yes,Medium,44848,44958,110,3008.78,3249.48,29971.36,32369.07,29.18,62450.76
238,Uttar Pradesh,Gorakhpur,2019,Barley,Rabi,Alluvial,4.4,20.6,146.3,56.3,7.16,270.2,64.6,276.1,Organic,201.1,Flood,2,Yes,Medium,43780,43892,112,3052.28,13430.03,33759.83,148543.25,29.99,254223.35
239,Karnataka,Raichur,2013,Jowar,Kharif,Loamy,41.38,28.2,939.4,54,6.61,255.9,53.3,220.8,Organic,136.4,Drip,4,No,Low,41510,41641,131,1764.6,73019.15,36352.07,1504248.66,36.66,1172633.38
240,Odisha,Bargarh,2020,Soybean,Kharif,Black,35.97,22.8,1800.4,59.2,6.76,294.9,33.2,286.4,Urea,161.3,Canal,1,No,Low,44024,44117,93,1288.87,46360.65,33002.64,1187104.96,54.65,1346504.56
241,Gujarat,Mehsana,2013,Wheat,Rabi,Loamy,24.87,26.1,111,25,7.03,257.8,61.8,251.3,Mixed,204.4,Flood,3,Yes,Medium,41629,41742,113,2624.24,65264.85,35886.84,892505.71,19.75,396475.08
242,Telangana,Medak,2013,Maize,Kharif,Loamy,38.72,30.3,1073.8,95,6.9,224.6,58.5,207.7,Urea,146,Drip,5,No,Low,41493,41612,119,5664.34,219323.24,31317.06,1212596.56,20.26,3230892.28
243,Karnataka,Raichur,2022,Groundnut,Kharif,Sandy,34.74,28.9,761.9,60.8,6.71,151.3,45.6,145.6,Mixed,287.1,Flood,2,Yes,Medium,44698,44801,103,2021.8,70237.33,33156.28,1151849.17,89.77,5153355.94
244,Uttar Pradesh,Bareilly,2013,Maize,Kharif,Red,40.34,26.6,1291.8,71.7,6.28,192.2,38,128.9,Urea,92.8,Canal,3,No,High,41500,41628,128,3666.99,147926.38,31967.75,1289579.04,21.24,1852377.27
245,West Bengal,Nadia,2022,Moong,Kharif,Black,33.88,23.9,1656.1,61.1,6.5,290.7,56,315.8,DAP,106.2,Canal,1,No,Medium,44765,44827,62,515.41,17462.09,26343.4,892514.39,116.94,1149502.41
246,Telangana,Khammam,2018,Mustard,Rabi,Loamy,7.75,19.9,218.4,60.1,7.14,264.2,49.2,239.2,Urea,92,Sprinkler,4,No,Medium,43406,43504,98,1678.03,13004.73,37427.99,290066.92,68.01,594384.77
247,Punjab,Sangrur,2015,Mustard,Kharif,Sandy,34.8,22.9,603.7,58.9,6.58,143.3,14.1,125,Urea,149.1,Sprinkler,6,Yes,Medium,42144,42274,130,1509.69,52537.21,30590.31,1064542.79,54.45,1796108.29
248,Punjab,Jalandhar,2018,Maize,Rabi,Black,45.62,19.8,30,34.3,7.48,325.4,45.7,304.6,Urea,134.5,Flood,6,No,Medium,43374,43480,106,4301.26,196223.48,36350.82,1658324.41,27.78,3792763.86
249,Bihar,Vaishali,2021,Soybean,Kharif,Silty,19.17,28.8,1544.9,67.9,7.08,249.4,45.1,221.4,Urea,178,Drip,4,No,Low,44357,44475,118,1596.75,30609.7,47714.58,914688.5,74.42,1363285.37
250,Maharashtra,Solapur,2020,Cotton,Kharif,Red,24.78,27.5,1164.4,55.5,6.08,185.6,30.5,118.9,Urea,64.8,Sprinkler,4,Yes,High,43962,44141,179,1287.75,31910.44,21126.88,523524.09,87.96,2283318.21
251,Andhra Pradesh,Anantapur,2013,Groundnut,Kharif,Loamy,11.45,31.4,1451.2,51.6,6.38,262.5,47.4,240,Mixed,131.9,Sprinkler,2,No,Low,41442,41546,104,2354.48,26958.8,40588.73,464740.96,52.8,958683.68
252,Madhya Pradesh,Sagar,2017,Maize,Kharif,Clayey,47.97,30.6,981.6,49.8,6.74,221.7,53.9,287.2,Organic,227,Flood,3,No,Low,42965,43055,90,4640.96,222626.85,33412.91,1602817.29,27.56,4532778.7
253,West Bengal,Bankura,2018,Bajra,Zaid,Clayey,24.6,32.5,153.4,52.5,7.43,267.4,58.9,237.1,Organic,265.8,Canal,3,Yes,Medium,43214,43307,93,1282.35,31545.81,31242.73,768571.16,37.39,410926.68
254,Rajasthan,Alwar,2017,Groundnut,Zaid,Loamy,41.87,34.4,39,38.4,7.15,241.7,55.4,231.3,Organic,153.7,Canal,3,Yes,Medium,42843,42943,100,1714.46,71784.44,37773.48,1581575.61,60.06,2729797.86
255,Madhya Pradesh,Dewas,2022,Mustard,Rabi,Silty,28.96,24.1,202.1,60,6.96,228.7,50.4,230.9,Organic,134,Drip,6,No,Low,44849,44965,116,1277.36,36992.35,28637.84,829351.85,77.47,2036445.5
256,Madhya Pradesh,Jabalpur,2018,Cotton,Kharif,Black,35.19,27,864.1,68.2,7.47,274.6,45.6,315.1,Organic,205.6,Drip,3,No,Medium,43233,43426,193,1735.07,61057.11,44791.47,1576211.83,86.56,3708891.61
257,Haryana,Sirsa,2020,Wheat,Rabi,Alluvial,7.25,17.8,209.3,65,7.03,295.3,82.7,230.3,NPK,135.3,Flood,6,Yes,Medium,44114,44237,123,4493.01,32574.32,36424.62,264078.5,33.16,816085.95
258,Maharashtra,Solapur,2022,Cotton,Kharif,Red,27.09,28.4,1390.1,45.3,5.65,173,39.5,155.8,Mixed,128.3,Canal,1,No,Low,44743,44928,185,1614.35,43732.74,22475.81,608869.69,101.76,3841373.93
259,Haryana,Panipat,2015,Barley,Rabi,Alluvial,6.17,20.8,216,52.2,7.36,271.9,64.7,250.3,Urea,79.3,Flood,4,No,Low,42390,42517,127,3758.16,23187.85,35172.08,217011.73,22.81,311903.13
260,West Bengal,Bardhaman,2020,Cotton,Kharif,Alluvial,33.73,30.7,2219.8,57.7,7.01,308.9,47.4,243.2,Urea,147.1,Flood,1,No,Low,43960,44116,156,1437.17,48475.74,27286.96,920389.16,91.74,3526775.23
261,Madhya Pradesh,Bhopal,2016,Soybean,Rabi,Alluvial,8.85,24,36.2,50.5,6.99,290,62.8,259.3,Mixed,130.5,Canal,7,No,Medium,42746,42855,109,1296.64,11475.26,29895.06,264571.28,56.79,387108.74
262,Gujarat,Vadodara,2015,Barley,Rabi,Alluvial,9.2,26.8,176.5,28.9,7.11,316.9,72.9,237.1,NPK,144.8,Drip,7,No,Low,42343,42459,116,4491.81,41324.65,24098.36,221704.91,25.74,841991.58
263,Andhra Pradesh,Krishna,2016,Barley,Rabi,Black,40.73,27.4,350.2,37.8,7.54,292.2,45.6,343.6,Organic,236.4,Drip,3,No,High,42728,42863,135,3333.11,135757.57,32594.19,1327561.36,25.14,2085383.95
264,Andhra Pradesh,West Godavari,2021,Maize,Kharif,Alluvial,7.13,28.2,958.1,63.9,6.73,264.6,78.7,226.9,DAP,89.2,Sprinkler,1,Yes,High,44429,44528,99,4032.98,28755.15,26519.25,189082.25,26.49,572641.67
265,Tamil Nadu,Thanjavur,2018,Maize,Kharif,Loamy,36.93,33.3,1113.3,68.1,6.85,244.1,49.3,204,Urea,113.5,Flood,1,No,Low,43276,43398,122,3946.12,145730.21,23203.6,856908.95,25.87,2913131.58
266,Karnataka,Haveri,2012,Maize,Kharif,Loamy,44.14,26,1017.6,55.5,7.09,267.8,37,226.4,Urea,122.1,Canal,1,Yes,Medium,41098,41190,92,4915.66,216977.23,24986.34,1102897.05,19.3,3084763.49
267,Punjab,Firozpur,2013,Mustard,Rabi,Sandy,26.07,22.4,249,53.2,7.05,124.4,31.2,96.7,Mixed,134.8,Drip,10,Yes,Medium,41627,41756,129,1546.01,40304.48,38284.59,998079.26,60.04,1421801.72
268,Maharashtra,Ahmednagar,2020,Soybean,Kharif,Alluvial,10.97,29.8,1068.1,87.8,7.16,308.6,71.9,218.3,Mixed,276.4,Sprinkler,5,Yes,Low,44063,44153,90,1786.6,19599,34862.42,382440.75,66.78,926380.47
269,Maharashtra,Pune,2015,Rice,Kharif,Loamy,30.17,31.8,1483.4,72.4,7.21,276.7,39.3,218.2,Organic,146.6,Canal,1,Yes,High,42143,42262,119,2660.65,80271.81,27889.59,841428.93,30.67,1620507.48
270,Andhra Pradesh,Guntur,2022,Mustard,Rabi,Loamy,31.35,25.7,398.1,38.1,7.37,249.9,55.3,227.2,Urea,159.6,Flood,2,No,Medium,44942,45047,105,1269.43,39796.63,22849.15,716320.85,74.56,2250915.88
271,Tamil Nadu,Tiruchirappalli,2014,Groundnut,Kharif,Silty,41.41,30.5,849.2,75.1,6.85,233.2,63.1,246.7,NPK,98.5,Canal,2,No,Low,41767,41891,124,2184.72,90469.26,23285.45,964250.48,65.57,4967818.9
272,Andhra Pradesh,Krishna,2014,Cotton,Kharif,Loamy,26.34,31.1,1239.2,57.7,6.84,271.1,33.7,224.2,Urea,168.2,Canal,2,Yes,Low,41762,41942,180,1660.82,43746,40025.61,1054274.57,74.01,2183366.89
273,Gujarat,Ahmedabad,2020,Soybean,Zaid,Black,14.52,32.2,30,59.9,7.14,301.7,48.2,310.7,NPK,98.7,Drip,6,Yes,Low,43902,43998,96,1294.39,18794.54,36128.38,524584.08,73.61,858882.01
274,Tamil Nadu,Dindigul,2016,Rice,Kharif,Clayey,5.78,30.6,1020.7,71.5,7.34,273.6,62.5,283,NPK,171.6,Sprinkler,5,Yes,Medium,42507,42617,110,3845.6,22227.57,41745.85,241291.01,33,492218.8
275,Maharashtra,Solapur,2016,Jowar,Kharif,Black,28.18,29.4,1165.9,56.4,7.21,284.6,24,318,Urea,109.6,Sprinkler,1,Yes,Medium,42573,42688,115,1456.87,41054.6,30924.02,871438.88,38.46,707521.04
276,Karnataka,Tumakuru,2016,Groundnut,Rabi,Clayey,25.66,25.5,200.2,25,7.64,298,51.5,230.5,Urea,113.6,Flood,1,Yes,Medium,42696,42803,107,1533.16,39340.89,27639.5,709229.57,61.68,1717316.53
277,Madhya Pradesh,Sagar,2013,Soybean,Kharif,Sandy,32.19,33.2,1177.9,54.9,6.23,128,47.1,103.9,DAP,121.2,Flood,1,No,Medium,41506,41629,123,1225.26,39441.12,45789.24,1473955.64,48.13,424345.47
278,Karnataka,Bengaluru Rural,2015,Jowar,Zaid,Black,18.31,31.6,30,59,7.88,304.9,58.2,305.6,Mixed,202.1,Drip,5,No,Medium,42037,42177,140,1269.5,23244.54,40078.48,733836.97,33.25,39043.99
279,West Bengal,Bardhaman,2014,Rice,Kharif,Alluvial,27.7,31.5,1897.2,51.6,7.47,272.3,55.2,241.5,Urea,122.1,Drip,6,Yes,Medium,41864,42011,147,3462.22,95903.49,31718.48,878601.9,25.76,1591872
280,Bihar,Vaishali,2017,Moong,Kharif,Clayey,25.41,31.1,1052.8,62.2,7.12,296.8,62.8,255.6,Mixed,100.9,Drip,4,No,Low,42901,42981,80,844.1,21448.58,34879,886275.39,96.14,1175791.09
281,Gujarat,Rajkot,2020,Bajra,Kharif,Sandy,34.24,30.2,781.8,43.7,7.09,153.7,32.2,95.1,NPK,158.8,Canal,1,No,Medium,44035,44138,103,1256.73,43030.44,26516.13,907912.29,38.32,741014.17
282,Andhra Pradesh,Guntur,2019,Rice,Kharif,Clayey,35.19,30.4,992.6,69,7.22,286.7,49,231.6,Urea,156,Drip,8,No,Low,43638,43792,154,4537.31,159667.94,24645.86,867287.81,32.14,4264439.78
283,Rajasthan,Alwar,2016,Wheat,Rabi,Silty,47.38,26.3,30.5,40.7,6.92,298.8,73.2,236.2,NPK,123.9,Flood,5,No,Low,42661,42767,106,3284.01,155596.39,29996.84,1421250.28,25.31,2516894.35
284,West Bengal,Hooghly,2019,Mustard,Rabi,Loamy,6.43,23.3,678.5,32.2,7.48,250.8,46.1,211.8,Urea,160.2,Drip,9,Yes,Medium,43806,43915,109,1735.05,11156.37,36785.56,236531.15,79.53,650734.96
285,Haryana,Fatehabad,2021,Wheat,Rabi,Sandy,24.79,22.2,99.6,53.7,7.11,135.4,39.2,111.8,DAP,99.2,Sprinkler,3,No,High,44573,44707,134,2979.05,73850.65,33174.83,822404.04,33.35,1640515.14
286,Odisha,Bargarh,2018,Maize,Kharif,Loamy,23.13,27,1471.8,84.9,6.62,235.1,49.2,231.4,Organic,200.4,Flood,1,No,Low,43328,43452,124,5039.72,116568.72,27900.46,645337.64,25.61,2339987.28
287,Haryana,Fatehabad,2017,Mustard,Kharif,Loamy,23.83,27.1,567.3,69.2,7.2,247.1,79.7,236.3,Mixed,272.4,Sprinkler,8,No,Low,42866,42984,118,1757.11,41871.93,42866.49,1021508.46,70.52,1931300.04
288,Andhra Pradesh,Anantapur,2017,Rice,Kharif,Alluvial,40.8,29.8,1191.7,87.7,7.14,305.1,73.3,218.9,NPK,119.1,Flood,1,Yes,Low,42928,43092,164,4283.03,174747.62,33779.07,1378186.06,30.5,3951616.35
289,Bihar,Bhagalpur,2015,Soybean,Kharif,Loamy,39.37,28.7,1614.5,53.6,6.63,252.3,40.5,205.2,Urea,110.6,Sprinkler,2,No,Low,42171,42261,90,1329.25,52332.57,25861.32,1018160.17,51.96,1701040.17
290,Rajasthan,Bikaner,2020,Bajra,Kharif,Loamy,13.36,35.1,197.4,75.9,6.85,234.9,64.7,192.8,DAP,97.7,Sprinkler,9,Yes,Medium,43984,44072,88,1205.47,16105.08,33303.16,444930.22,43.21,250970.29
291,Gujarat,Banaskantha,2017,Wheat,Rabi,Silty,38.85,24,30,49.3,6.51,256.1,62,229.1,Mixed,134.9,Canal,4,Yes,Medium,43058,43189,131,2905.7,112886.44,27539.37,1069904.52,26.64,1937390.24
292,Karnataka,Mysuru,2018,Groundnut,Kharif,Sandy,4.42,21.7,1211,76.5,6.96,171.9,38.1,70,NPK,168.4,Drip,5,No,Medium,43272,43393,121,2287.04,10108.72,28651.17,126638.17,70.51,586127.68
293,Gujarat,Vadodara,2017,Cotton,Kharif,Alluvial,9.6,27.7,898.1,49,7.09,279.1,78.5,243.9,DAP,124.8,Flood,1,No,Low,42956,43134,178,1995.48,19156.61,43763.09,420125.66,87.61,1258184.94
294,Punjab,Patiala,2015,Groundnut,Zaid,Red,1.81,28.1,93.2,59.8,6.35,173.8,39.6,150.4,NPK,94.4,Drip,6,No,Low,42042,42152,110,1822.83,3299.32,34136.89,61787.77,65.72,155043.54
295,Maharashtra,Nashik,2013,Cotton,Kharif,Silty,1.91,31.1,1043.3,56.2,6.23,303.5,39.3,230.8,Urea,148.5,Flood,2,Yes,Low,41496,41660,164,1730.24,3304.76,36046.95,68849.67,74.72,178082
296,West Bengal,Bankura,2017,Jowar,Kharif,Red,31.74,21.8,1875.8,55.3,6.65,238.1,25.7,122.4,Urea,176.3,Canal,1,Yes,Medium,42934,43052,118,1270.71,40332.34,24334.37,772372.9,37.8,752189.55
297,West Bengal,Birbhum,2020,Mustard,Rabi,Sandy,1.02,22.7,977.3,35.6,6.94,176.8,38.8,135.1,Organic,190.7,Sprinkler,4,No,Low,44214,44323,109,1483.74,1513.41,33885.46,34563.17,76.61,81379.17
298,Tamil Nadu,Salem,2017,Maize,Kharif,Black,39.94,27.3,1259.6,78.8,7.5,271.7,53,328.4,DAP,50.9,Flood,1,No,Low,42972,43092,120,4815.84,192344.65,28349.83,1132292.21,22.7,3233931.34
299,Tamil Nadu,Erode,2015,Cotton,Kharif,Black,26.07,25.4,1569.7,64.7,7.76,302.9,62.4,317.6,NPK,196,Flood,1,Yes,Low,42178,42375,197,2309.63,60212.05,30737.29,801321.15,64.12,3059475.5
300,Odisha,Bargarh,2016,Groundnut,Kharif,Alluvial,35.17,28.1,1945.4,67.3,6.72,310.2,57.5,248.2,Urea,94.8,Sprinkler,1,No,Medium,42524,42635,111,1429.26,50267.07,34133.11,1200461.48,68.01,2218201.95
301,Karnataka,Dharwad,2017,Wheat,Rabi,Black,7.96,19.9,303.7,41.6,7.01,252.8,43,340.7,DAP,62.5,Drip,9,Yes,Low,43043,43156,113,4711.44,37503.06,24836.68,197699.97,28.19,859511.29
302,Bihar,Muzaffarpur,2020,Groundnut,Kharif,Clayey,32.11,26,968.1,65.3,7.66,275.9,56.3,285.8,Organic,239.2,Canal,3,Yes,Low,44023,44133,110,2514.92,80754.08,30556.98,981184.63,77.62,5286947.06
303,Madhya Pradesh,Sagar,2012,Barley,Rabi,Loamy,0.94,19.6,436,51.5,6.61,228.6,46.9,247.3,Urea,155.3,Flood,1,Yes,Medium,41285,41380,95,3574.28,3359.82,38085.33,35800.21,17.84,24138.98
304,Punjab,Moga,2021,Wheat,Rabi,Loamy,3.46,18.4,259.5,45.6,6.65,273.6,64.7,228.2,Mixed,167.7,Drip,6,Yes,High,44564,44702,138,5153.3,17830.42,33511.58,115950.07,34.96,507401.41
305,West Bengal,Nadia,2020,Mustard,Rabi,Loamy,24.52,20.5,365.2,47.6,6.97,238.4,46.4,242.3,Organic,230.3,Drip,7,Yes,Low,44180,44287,107,1760.72,43172.85,33385.81,818620.06,77.02,2506552.85
306,Karnataka,Tumakuru,2020,Mustard,Rabi,Loamy,3.91,19.9,332.1,49.5,6.91,253,72.4,177.9,DAP,136.8,Flood,3,No,Medium,44176,44300,124,1685.95,6592.06,31438.94,122926.26,71.06,345505.52
307,Uttar Pradesh,Gorakhpur,2016,Mustard,Rabi,Alluvial,36.19,25,291.1,35.4,7.35,305.1,67.9,253.7,Organic,219.2,Sprinkler,6,No,Low,42759,42865,106,1768.72,64009.98,40276.67,1457612.69,58.36,2278009.74
308,Punjab,Bathinda,2013,Maize,Kharif,Black,30.49,31.2,636.9,67.6,7.31,323.4,59.4,327.6,Mixed,224.8,Flood,3,Yes,Medium,41508,41629,121,4762.96,145222.65,41435.38,1263364.74,23.06,2085469.57
309,Haryana,Karnal,2015,Mustard,Rabi,Sandy,39.82,21.8,82.8,57.3,6.34,128.7,48.6,130.4,DAP,105.8,Sprinkler,6,Yes,High,42390,42488,98,940.54,37452.3,31872.99,1269182.46,63.74,1118027.14
310,Punjab,Sangrur,2020,Wheat,Rabi,Alluvial,28.72,21.1,357.8,48.4,7.79,267.8,55.2,263.4,Organic,236,Flood,1,Yes,Low,44152,44253,101,4431.74,127279.57,35030.84,1006085.72,40.04,4090188.26
311,Uttar Pradesh,Varanasi,2013,Groundnut,Kharif,Red,46.71,26.7,946.7,75,5.84,228.4,17.8,110.4,Urea,126,Canal,1,No,Low,41490,41600,110,2580.01,120512.27,35882.7,1676080.92,62.37,5840269.36
312,Gujarat,Junagadh,2017,Cotton,Kharif,Red,18.32,32.1,480.7,56.7,5.8,171.3,49.9,171,Mixed,209.1,Sprinkler,5,No,Low,42936,43101,165,1524.53,27929.39,34351.64,629322.04,80.73,1625417.61
313,Karnataka,Raichur,2018,Wheat,Kharif,Alluvial,1.57,28.3,906.4,68.2,6.92,279.1,58.2,228.8,DAP,50.7,Sprinkler,1,Yes,High,43237,43340,103,3150.94,4946.98,39125.14,61426.47,26.24,68382.29
314,Telangana,Khammam,2020,Cotton,Kharif,Clayey,12.03,32.1,1094.2,60.5,7.3,245.4,47.3,254.5,DAP,65.6,Flood,4,No,Low,43953,44132,179,1645.95,19800.78,31517.73,379158.29,95.71,1515974.36
315,Odisha,Bargarh,2013,Soybean,Kharif,Loamy,29.96,30.1,1431.7,67.3,6.57,247,50.7,243.9,NPK,104.2,Drip,5,No,Medium,41418,41528,110,1381.97,41403.82,38115.2,1141931.39,45.82,755191.64
316,Rajasthan,Jaipur,2021,Groundnut,Rabi,Sandy,31.88,20.6,44.8,52.7,6.15,120.7,36.6,83.7,NPK,210.2,Drip,8,No,Low,44542,44669,127,2126.24,67784.53,33459.03,1066673.88,76.22,4099863
317,West Bengal,Birbhum,2012,Maize,Kharif,Black,37.77,26.6,1864.3,68.2,7.4,261.3,40.1,325,Urea,78.4,Canal,1,No,Medium,41071,41193,122,3712.37,140216.21,33374.19,1260543.16,19.66,1496107.53
318,Andhra Pradesh,Krishna,2015,Cotton,Kharif,Loamy,25.34,29.6,1030.6,67.1,6.95,257,62.8,204.9,Mixed,249.1,Canal,1,No,Low,42188,42368,180,2572.63,65190.44,37103.62,940205.73,70.99,3687663.61
319,Odisha,Ganjam,2014,Cotton,Kharif,Black,34.39,23.1,1677.6,71.5,7.29,301.5,46,319.5,Mixed,149.2,Sprinkler,1,No,Low,41808,41997,189,1944.79,66881.33,26776.49,920843.49,63.09,3298699.62
320,Andhra Pradesh,Krishna,2013,Groundnut,Kharif,Black,31.35,29,1069,53.2,7.55,260.8,53.3,301.9,DAP,66.9,Canal,2,No,Low,41467,41568,101,2083.94,65331.52,38117.59,1194986.45,53.25,2283916.99
321,Karnataka,Bengaluru Rural,2015,Maize,Kharif,Clayey,1.18,28.2,1247.7,63,7.01,278.7,57,227.9,Urea,173.9,Sprinkler,2,No,High,42128,42221,93,4097.26,4834.77,41153.92,48561.63,23.92,67086.07
322,Bihar,Muzaffarpur,2016,Maize,Kharif,Loamy,34.91,25.5,1196.7,57.9,6.37,292.6,60.4,259,Mixed,250.1,Flood,2,No,Low,42528,42652,124,4859.25,169636.42,33705.61,1176662.85,24.14,2918360.33
323,West Bengal,Bardhaman,2018,Groundnut,Kharif,Loamy,3.8,29.2,1567.6,78,6.66,244.1,44,210.4,Urea,154.7,Drip,1,Yes,Medium,43253,43371,118,1563.99,5943.16,29885.62,113565.36,72.15,315233.63
324,West Bengal,Malda,2022,Barley,Rabi,Sandy,24.49,23,183.2,45.8,6.55,152.4,16.7,109.3,Urea,177.6,Sprinkler,10,No,Low,44844,44963,119,2704.23,66226.59,39918.03,977592.55,27.98,875427.44
325,Andhra Pradesh,Krishna,2014,Rice,Zaid,Black,1.41,30.3,30,40.6,6.85,319,46.4,307.8,Urea,170.7,Flood,1,No,Low,41730,41842,112,2969.24,4186.63,35926.16,50655.89,28.09,66946.55
326,West Bengal,Bankura,2017,Mustard,Rabi,Sandy,47.23,22.8,152.9,53.4,5.93,97,46.4,108.1,DAP,137.9,Drip,10,No,High,43071,43206,135,1407.17,66460.64,36650.84,1731019.17,62.59,2428752.29
327,Rajasthan,Bharatpur,2019,Mustard,Rabi,Loamy,32.98,28.3,75.5,33.9,6.77,291.3,68,207.1,Mixed,281.9,Flood,4,No,Low,43774,43888,114,1330.42,43877.25,32400.64,1068573.11,64.46,1759754.42
328,Andhra Pradesh,Kurnool,2017,Rice,Kharif,Clayey,48.08,31.4,1075.9,74.5,7.59,281.3,62.5,257,Urea,147.2,Canal,1,No,Medium,42897,43060,163,4401.79,211638.06,32236.61,1549936.21,31.12,5036240.22
329,Rajasthan,Hanumangarh,2022,Bajra,Kharif,Sandy,30.02,27.1,434.9,66.7,6.1,156.3,40.4,145,Organic,242,Flood,5,Yes,Medium,44686,44772,86,1413.63,42437.17,38185.51,1146329.01,47.2,856705.41
330,Madhya Pradesh,Indore,2017,Wheat,Rabi,Loamy,10.07,21.1,199.6,51.8,6.72,260.4,54.5,169.7,DAP,68.4,Flood,2,No,Low,43123,43259,136,3846.22,38731.44,34666.91,349095.78,28.89,769855.52
331,Punjab,Jalandhar,2012,Bajra,Zaid,Loamy,34.55,30.3,30,39.7,6.86,284.1,54.9,217.3,Organic,148.3,Canal,3,Yes,High,41006,41094,88,1109.82,38344.28,32391.05,1119110.78,31.09,73012.89
332,Telangana,Siddipet,2015,Cotton,Kharif,Clayey,26.27,33.7,903.3,65.5,7.18,290.3,63.6,273.1,NPK,165.6,Drip,6,Yes,Medium,42240,42410,170,1545.34,40596.08,45224.28,1188041.84,82.57,2163976.49
333,Karnataka,Raichur,2012,Jowar,Kharif,Black,20.2,27.9,836.6,65.9,7.89,311.9,64.6,329.4,Mixed,253,Canal,5,Yes,High,41047,41161,114,1212.01,24482.6,30552.69,617164.34,35.05,240950.79
334,Rajasthan,Bikaner,2019,Wheat,Rabi,Red,19.96,22.2,318.6,50.4,5.61,147.3,43,139.4,NPK,92.7,Flood,6,Yes,Low,43784,43920,136,5251.45,104818.94,23026.04,459599.76,29.46,2628366.21
335,Gujarat,Mehsana,2012,Rice,Kharif,Clayey,36.06,24.8,910.2,65.3,7.44,222.5,62.2,282.9,DAP,82.4,Flood,2,No,Medium,41075,41190,115,3870.16,139557.97,31888.57,1149901.83,25.03,2343234.16
336,Haryana,Hisar,2013,Mustard,Rabi,Loamy,45.66,22.5,30,25,6.78,270.9,70.6,244.6,Mixed,290,Flood,3,No,Low,41663,41790,127,1591.08,72648.71,31831.31,1453417.61,57.29,2708626.99
337,Andhra Pradesh,Kurnool,2014,Barley,Rabi,Red,0.67,23.8,156,55,6.1,180,41.8,191.1,NPK,120.4,Flood,1,No,Low,42014,42128,114,2410.87,1615.28,37320.48,25004.72,21.15,9158.45
338,Odisha,Bargarh,2012,Cotton,Rabi,Black,4.43,22.4,179.5,64,7.56,293.4,44.9,276.2,Urea,86,Canal,2,Yes,Medium,41202,41383,181,1335.73,5917.28,27699.03,122706.7,69.35,287656.67
339,Andhra Pradesh,Guntur,2015,Jowar,Kharif,Silty,33.52,29.9,1050.4,58.1,7.74,258.3,56,192.2,Urea,66.6,Drip,5,Yes,Low,42157,42258,101,1153.67,38671.02,29382.14,984889.33,39.11,527534.26
340,Telangana,Khammam,2017,Bajra,Kharif,Clayey,48.33,30,1016.2,57.6,7.59,295.1,74.4,272.1,Mixed,232.2,Flood,1,Yes,Medium,42892,42985,93,1295.29,62601.37,43846.7,2119111.01,36.82,185871.43
341,Bihar,Vaishali,2012,Wheat,Rabi,Alluvial,16.8,23.9,255.9,50.8,7.42,273.2,68.5,221.2,Mixed,113,Sprinkler,5,Yes,Low,41277,41399,122,4053.18,68093.42,34459.47,578919.1,20.17,794525.18
342,Punjab,Moga,2022,Mustard,Rabi,Loamy,34.66,20.6,167.2,60.3,7.21,221.6,66.2,202.8,DAP,85,Flood,3,Yes,Medium,44940,45037,97,1093.68,37906.95,23872.9,827434.71,78.49,2147881.8
343,Rajasthan,Kota,2016,Soybean,Kharif,Clayey,10.1,29.8,464.5,67.4,6.84,255.5,75.4,250,DAP,89.6,Flood,3,No,Medium,42512,42623,111,1356.29,13698.53,27964.58,282442.26,60.89,551661.23
344,Telangana,Mahbubnagar,2022,Cotton,Kharif,Loamy,46.43,28.1,1328.3,62.6,6.89,228.8,66.4,211.8,NPK,204.9,Canal,1,No,Low,44728,44887,159,2274.23,105592.5,40390.06,1875310.49,102.21,8917298.93
345,Punjab,Sangrur,2021,Mustard,Rabi,Black,49.19,17.8,39.6,66,7.28,253.6,60.9,297.9,DAP,56.6,Sprinkler,6,No,Low,44519,44635,116,1288.28,63370.49,38410.94,1889434.14,79.45,3145351.29
346,West Bengal,Nadia,2021,Groundnut,Kharif,Loamy,22.87,28.8,1708.2,73.9,6.92,246.4,55.9,259.1,Organic,163.4,Sprinkler,3,No,Low,44400,44520,120,2215.2,50661.62,25731.98,588490.38,67.08,2809891.09
347,Rajasthan,Alwar,2020,Soybean,Kharif,Silty,17.34,28.7,395.9,67.4,6.76,257.8,68.4,229.9,Mixed,105,Flood,1,No,Low,43985,44103,118,1356.92,23528.99,31430.45,545004,67.19,1035908.84
348,Karnataka,Tumakuru,2017,Maize,Zaid,Silty,0.7,31.2,45,48.1,7.2,281,49.6,189.9,Urea,146.9,Drip,7,No,Low,42847,42945,98,4927.26,3449.08,32038.14,22426.7,25.06,64007.24
349,Punjab,Amritsar,2017,Maize,Kharif,Black,14.19,21.1,654.9,63.4,7.3,265,54,301.4,DAP,113.9,Sprinkler,6,Yes,Low,42917,43043,126,6022.08,85453.32,34535.52,490059.03,29.6,2039359.24
350,Gujarat,Mehsana,2022,Wheat,Rabi,Alluvial,7.51,23.7,235,39.5,7.22,281.2,63.7,246.1,Mixed,120.5,Sprinkler,10,No,Low,44854,44984,130,4710.02,35372.25,30720.44,230710.5,33.95,970177.39
351,Bihar,Bhagalpur,2021,Rice,Kharif,Clayey,19.49,30.2,1323,40.7,6.97,221.1,50.2,286.6,Organic,140.8,Drip,1,No,Low,44395,44533,138,4731.73,92221.42,36661.78,714538.09,38.01,2790798.08
352,Haryana,Kurukshetra,2018,Rice,Kharif,Clayey,48.7,23.6,476.4,66.1,7.54,248.7,68.1,201.9,DAP,83.2,Drip,5,No,Low,43332,43464,132,4015.96,195577.25,30670.96,1493675.75,32.96,4952550.41
353,Odisha,Sambalpur,2021,Rice,Rabi,Red,47.4,23.1,30,53.6,6.55,217.6,48.3,150.6,DAP,118.4,Flood,1,Yes,Medium,44565,44704,139,2595.84,123042.82,37607.45,1782593.13,37.36,2814286.63
354,Uttar Pradesh,Kanpur Nagar,2017,Maize,Rabi,Black,14.47,23.3,30,66.7,6.93,280.6,45.2,315.8,Organic,130.5,Flood,1,No,Low,43084,43205,121,4663.5,67480.84,29901.74,432678.18,26.4,1348816
355,Gujarat,Surat,2020,Wheat,Rabi,Clayey,12.31,28.6,30.9,44.5,6.84,300.8,57.3,246.5,Organic,246.8,Canal,6,No,Low,44183,44319,136,3580.63,44077.56,40012.51,492554,31.74,906467.75
356,Madhya Pradesh,Ujjain,2019,Cotton,Kharif,Red,37.1,33.5,1123.7,69.9,5.95,181.5,56.4,148,DAP,104.5,Drip,5,No,Low,43691,43877,186,1945.55,72179.9,33897.48,1257596.51,96.55,5711372.83
357,West Bengal,Bardhaman,2013,Rice,Kharif,Clayey,10.19,30.3,1388.6,63.7,7.28,265.7,39.6,232.9,Urea,114.4,Canal,1,No,Low,41419,41538,119,3723.9,37946.54,29567.52,301293.03,24.59,631812.39
358,Telangana,Khammam,2012,Maize,Kharif,Loamy,35.73,27.9,1126.5,50.2,6.67,242,59.8,201.4,Organic,157.6,Sprinkler,2,Yes,Medium,41094,41202,108,4928.49,176094.95,28525.36,1019211.11,18.89,2307222.5
359,Haryana,Karnal,2014,Barley,Rabi,Alluvial,31.35,22,189.5,43.9,7.47,320.2,71.2,270.3,NPK,200.4,Canal,4,Yes,High,41946,42049,103,3145.09,98598.57,34901.23,1094153.56,22.69,1143047.99
360,Karnataka,Mandya,2020,Jowar,Kharif,Loamy,20.84,25.1,841.2,75.4,6.86,255.2,71.3,256.6,Mixed,199.6,Sprinkler,4,No,Medium,44063,44153,90,1580.26,32932.62,28645.48,596971.8,48.51,1000589.6
361,Tamil Nadu,Erode,2012,Moong,Zaid,Red,23.51,32.4,260.9,31.4,6,193.3,19.3,151.4,Organic,142.7,Sprinkler,8,No,Medium,40958,41043,85,1004.01,23604.28,44284.23,1041122.25,80.38,856189.78
362,Punjab,Moga,2019,Cotton,Kharif,Red,36.49,24.2,777,70.9,6.04,190.3,43.5,127.8,DAP,66.8,Sprinkler,5,Yes,Medium,43689,43857,168,1811.25,66092.51,28387.31,1035852.94,106.34,5992424.57
363,Andhra Pradesh,Nellore,2012,Groundnut,Kharif,Red,12.98,28.3,1098.7,67.2,6.81,150.5,43.9,124.3,DAP,98.5,Sprinkler,4,Yes,Low,41114,41215,101,2067.38,26834.59,36014.93,467473.79,45.87,763428.85
364,Andhra Pradesh,Nellore,2016,Barley,Kharif,Loamy,24.5,28.1,1148.6,66.6,6.84,254.3,56.1,226.7,NPK,131.8,Flood,1,No,Low,42540,42644,104,2526.44,61897.78,29519.65,723231.42,21.95,635424.85
365,Odisha,Khurda,2017,Moong,Zaid,Clayey,29.1,33.3,430.7,56.2,7.58,274,57.9,276.4,NPK,113.3,Flood,1,No,Low,42782,42863,81,968.64,28187.42,27529.72,801114.85,102.85,2097961.3
366,Telangana,Mahbubnagar,2012,Soybean,Kharif,Loamy,19.3,31.7,1122.7,56.2,6.6,255.8,58.8,237.5,NPK,122.2,Flood,1,No,Medium,41075,41190,115,1357.58,26201.29,36029.78,695374.75,47.76,555998.86
367,Bihar,Samastipur,2019,Rice,Kharif,Alluvial,47.83,24.4,1251.6,40,6.77,291.1,88.5,240.6,DAP,146.2,Sprinkler,1,Yes,Medium,43661,43795,134,4020.39,192295.25,21453.49,1026120.43,37.94,6269561.36
368,Maharashtra,Solapur,2017,Cotton,Kharif,Alluvial,34.05,30.4,1401.1,56,7.17,282.2,58.9,217.8,Urea,148.1,Sprinkler,3,Yes,Medium,42962,43161,199,1683.47,57322.15,23906.57,814018.71,69.94,3195092.46
369,Uttar Pradesh,Prayagraj,2020,Wheat,Kharif,Loamy,10.06,25.6,882,72,7,274.1,52.3,231.4,Organic,229.7,Sprinkler,5,No,Low,44047,44175,128,3826.04,38489.96,36969.34,371911.56,32.9,894408.12
370,Punjab,Amritsar,2012,Bajra,Kharif,Sandy,44.85,23.1,495.7,56.2,6.88,147.5,33.6,157.8,Organic,257,Flood,2,No,Low,41052,41134,82,1341.79,60179.28,42748.96,1917290.86,29.44,-145612.86
371,Bihar,Gaya,2016,Rice,Kharif,Loamy,8.52,24.1,1328.5,51.7,6.45,230.4,70.9,249.1,NPK,176.9,Sprinkler,7,No,Medium,42591,42750,159,4040.75,34427.19,40818.39,347772.68,29.26,659566.9
372,Haryana,Panipat,2012,Cotton,Kharif,Loamy,32.45,27,660,66.1,6.66,256.8,55.2,256.9,Organic,198.7,Flood,4,Yes,High,41096,41274,178,1639.87,53213.78,39618.8,1285630.06,69.36,2405277.72
373,Haryana,Ambala,2020,Jowar,Kharif,Silty,1.43,22.5,650.7,75.5,6.73,231.1,57,219.9,Organic,125.6,Canal,4,No,Low,44066,44172,106,1430.34,2045.39,24368.29,34846.65,48.86,65091.11
374,Karnataka,Belagavi,2022,Groundnut,Zaid,Red,24.17,31,320.6,52,5.55,178.4,43.1,147.8,NPK,160.4,Canal,5,No,Low,44625,44746,121,2438.12,58929.36,29582.8,715016.28,91.68,4687627.44
375,Maharashtra,Nashik,2020,Cotton,Kharif,Red,3.23,25.6,911.2,51.5,6.18,193.2,59.6,159.1,Mixed,287,Canal,3,No,Low,44047,44233,186,2434.8,7864.4,38636.1,124794.6,97.91,645208.8
376,Rajasthan,Ajmer,2013,Mustard,Rabi,Loamy,24.72,26.2,173.2,68.8,7.08,265.4,53.7,186.3,Urea,64.3,Flood,4,No,Low,41663,41770,107,1250.73,30918.05,28576.69,706415.78,55.51,1009845.18
377,Haryana,Panipat,2019,Groundnut,Zaid,Silty,40.45,27.8,140.1,55.4,6.35,245.9,58.5,235.4,Organic,174,Flood,3,Yes,Medium,43498,43619,121,1814.84,73410.28,28629.81,1158075.81,89.14,5385716.55
378,West Bengal,Uttar Dinajpur,2022,Jowar,Kharif,Red,12.51,28.9,1545.7,70.8,5.91,194.3,28.8,149.8,Urea,118.7,Drip,3,No,Low,44715,44807,92,1551.91,19414.39,37583.1,470164.58,52.63,551614.77
379,West Bengal,Nadia,2012,Rice,Kharif,Alluvial,25.11,27.2,1701.2,54.9,7.34,311.7,52.8,245,Urea,160.2,Drip,1,No,Low,41044,41193,149,5213.34,130906.97,29076.23,730104.14,25.38,2592314.76
380,Odisha,Balasore,2013,Mustard,Rabi,Sandy,38.33,25.1,240.5,35.7,6.43,183.8,41,106,Mixed,209.2,Flood,3,No,Low,41650,41752,102,975.99,37409.7,32014.92,1227131.88,51.98,717424.33
381,Andhra Pradesh,Kurnool,2017,Rice,Kharif,Clayey,5.45,34.6,868.9,59.3,7.61,288.9,62.8,242.9,Mixed,133,Flood,1,No,Low,42909,43042,133,3464.21,18879.94,32289.59,175978.27,34.54,476134.86
382,Telangana,Medak,2014,Wheat,Rabi,Loamy,34.77,22.9,417.4,37.2,7.19,268.9,74.1,242,Mixed,277.4,Canal,1,No,Low,41946,42086,140,3952.22,137418.69,37804.07,1314447.51,23.95,1976730.12
383,Madhya Pradesh,Ujjain,2022,Maize,Kharif,Loamy,17.72,31.3,1172.6,62.8,7.01,271.4,70,244.5,Mixed,136,Sprinkler,2,No,Low,44732,44824,92,4528.44,80243.96,31501.6,558208.35,32.06,2014413.01
384,Punjab,Bathinda,2015,Wheat,Rabi,Loamy,3.13,20.2,72.9,27.8,6.77,281.8,55.8,222.5,Mixed,143.9,Sprinkler,6,No,Medium,42363,42492,129,4179.53,13081.93,17990.1,56309.01,26.37,288661.48
385,Haryana,Ambala,2022,Bajra,Zaid,Silty,31.03,34.3,44.6,39.1,6.44,276.2,61.4,269.5,Organic,223.2,Sprinkler,5,No,Low,44614,44691,77,1164.81,36144.05,41607.83,1291090.96,46.03,372619.66
386,Odisha,Sambalpur,2012,Rice,Kharif,Black,21.24,29,1511.1,73.4,7.44,270,29.9,319.3,Mixed,123.2,Sprinkler,1,Yes,High,41061,41202,141,3830.99,81370.23,17502.53,371753.74,26.42,1778047.74
387,Bihar,Vaishali,2015,Mustard,Rabi,Loamy,7.67,25.5,258.4,54.4,6.81,274.2,35.9,210.8,Urea,68.8,Canal,1,Yes,Medium,42376,42495,119,1400.02,10738.15,30353.2,232809.04,63.24,446271.57
388,Andhra Pradesh,Chittoor,2014,Cotton,Kharif,Red,6,31.8,1210.9,86.5,6.06,171.9,34,146.9,DAP,62.7,Flood,1,Yes,Medium,41829,41991,162,1566.86,9401.16,30010.33,180061.98,69.29,471344.4
389,Karnataka,Raichur,2018,Maize,Kharif,Red,42.92,26.6,1164.3,58.6,6.45,228.4,23.3,143.2,Urea,129.4,Canal,3,Yes,Medium,43272,43401,129,3873.42,166247.19,35875.8,1539789.34,24.64,2556541.42
390,Punjab,Jalandhar,2012,Wheat,Rabi,Clayey,25.02,17.6,78.5,33.6,7.45,264.8,65.1,269.1,NPK,147.1,Canal,6,No,Medium,41196,41324,128,3618.75,90541.12,32627.65,816343.8,22.35,1207250.23
391,Haryana,Karnal,2018,Bajra,Kharif,Alluvial,48.83,26.3,702.3,60.3,6.95,260.1,58.1,244.6,DAP,66.2,Drip,7,No,Low,43221,43326,105,1232.09,60162.95,30946.88,1511136.15,42.13,1023528.93
392,Karnataka,Belagavi,2018,Maize,Zaid,Black,21.58,30.9,333.9,41.9,7.62,288.8,48.1,328.2,Organic,181.6,Sprinkler,6,Yes,Medium,43211,43301,90,4101.27,88505.41,47675.56,1028838.58,28.81,1521002.28
393,Rajasthan,Alwar,2022,Wheat,Rabi,Clayey,18.6,27.5,105.8,53.2,7.31,267.1,73.6,254.1,DAP,138.8,Drip,2,No,Low,44851,44989,138,2988.04,55577.54,30783.33,572569.94,37.9,1533818.83
394,Odisha,Balasore,2017,Maize,Kharif,Black,23.77,28,1811.3,69.1,7.32,299,52.9,305.9,DAP,84.5,Drip,1,No,Low,42918,43012,94,4127.45,98109.49,32651.04,776115.22,27.47,1918952.47
395,Rajasthan,Kota,2014,Groundnut,Zaid,Red,21.3,31.5,89.9,50.5,6.21,183.2,52.1,180.1,NPK,215.7,Sprinkler,8,Yes,Low,41730,41848,118,1992.95,42449.84,30032.07,639683.09,63.81,2069041.2
396,Bihar,Patna,2016,Rice,Kharif,Clayey,23.17,29,754.5,64.8,8.13,285.5,63.4,197.4,DAP,115.6,Canal,3,Yes,Medium,42565,42712,147,3858.67,89405.38,23590.71,546596.75,28.41,1993410.1
397,Andhra Pradesh,Kurnool,2016,Rice,Kharif,Alluvial,35.73,31.8,1034.4,58.5,6.72,246.7,59.6,242.5,Organic,143.7,Flood,1,No,Low,42576,42740,164,4111.71,146911.4,35046.83,1252223.24,30.18,3181562.81
398,Rajasthan,Sri Ganganagar,2014,Bajra,Kharif,Red,18.8,25.1,436.5,44.5,5.98,196,36.6,154.2,Organic,126.6,Sprinkler,3,Yes,Low,41796,41886,90,1734.5,32608.6,31719.5,596326.6,27.61,303996.85
399,Madhya Pradesh,Indore,2022,Maize,Kharif,Alluvial,47.42,31.6,1216.4,60.8,6.84,310.3,52.3,273.9,Organic,267.3,Flood,1,No,Low,44730,44839,109,3905.43,185195.49,35319.1,1674831.72,33.87,4597739.53
400,Gujarat,Surat,2012,Moong,Zaid,Black,40.08,33.3,213.9,46.4,7.68,289.6,56.7,320.3,NPK,205.4,Flood,3,Yes,High,41022,41095,73,819.87,32860.39,35600.7,1426876.06,79.19,1175338.22
401,Bihar,Nalanda,2017,Mustard,Rabi,Sandy,18.19,24.2,76.9,36.1,6.3,147.5,31.1,85.9,Organic,169.3,Canal,5,No,Low,43061,43191,130,1330.75,24206.34,30059.12,546775.39,72.57,1209878.7
402,Gujarat,Ahmedabad,2021,Groundnut,Kharif,Loamy,48.8,30.2,692.1,71.9,6.01,248.1,61.4,244.3,Organic,206.1,Drip,2,No,Low,44384,44485,101,2651.06,129371.73,32063.52,1564699.78,84.98,9429309.84
403,Maharashtra,Ahmednagar,2019,Soybean,Kharif,Sandy,15.75,29.3,1659.8,66.5,6.25,162.3,52.2,128.8,NPK,131.7,Sprinkler,5,No,Low,43659,43758,99,1158.2,18241.65,32515.31,512116.13,60.25,586943.28
404,Karnataka,Mysuru,2015,Barley,Rabi,Sandy,7.61,18.6,128.3,47.2,6.13,118.8,43.2,117.5,NPK,182,Drip,8,No,Low,42379,42484,105,3340.5,25421.2,51472.85,391708.39,25.52,257040.63
405,Rajasthan,Hanumangarh,2020,Moong,Kharif,Sandy,35.66,28.5,418.8,54.9,6.64,123,43.4,104.7,NPK,169.4,Canal,6,Yes,Low,44046,44101,55,1051.89,37510.4,41792.35,1490315.2,101.56,2319241.02
406,Odisha,Ganjam,2015,Rice,Kharif,Black,39.67,26.8,1850.9,57.3,7.08,317.9,55.7,324.3,Mixed,160.8,Drip,1,Yes,Medium,42134,42297,163,3845.66,152557.33,30887.6,1225311.09,28.87,3179019.03
407,Uttar Pradesh,Kanpur Nagar,2016,Bajra,Kharif,Silty,24.91,22.8,975.8,53.8,7.18,285.2,79.1,233.6,NPK,207,Sprinkler,2,Yes,Medium,42565,42651,86,1017.98,25357.88,33120.8,825039.13,35.7,80237.19
408,Punjab,Patiala,2017,Maize,Rabi,Alluvial,26.72,23.4,133.2,60.9,7.17,327,77.4,257.5,NPK,169.1,Sprinkler,9,Yes,High,43017,43130,113,3658.84,97764.2,31470.08,840880.54,25.44,1646240.71
409,Haryana,Rohtak,2022,Rice,Kharif,Clayey,41.25,25.6,445.9,76,7.59,219.8,74.2,273.3,DAP,77.1,Sprinkler,5,Yes,Medium,44753,44915,162,2925.72,120685.95,31945.96,1317770.85,43.35,3913965.08
410,Punjab,Patiala,2020,Rice,Kharif,Alluvial,21.16,26.5,565.5,62.9,7.23,298,51.1,263.9,Urea,120.4,Drip,8,No,Medium,43986,44109,123,3618.65,76570.63,25669.79,543172.76,36.08,2219495.57
411,Haryana,Hisar,2014,Bajra,Kharif,Alluvial,1.92,29.1,599,72.9,7,324.3,77.8,221.4,Mixed,204.6,Sprinkler,5,Yes,High,41825,41928,103,1259.56,2418.36,34832.23,66877.88,33.14,13266.57
412,Telangana,Warangal,2015,Rice,Kharif,Clayey,4.35,28.7,849.6,68.1,7.28,277.3,48.1,236.6,Urea,177.7,Drip,7,No,Low,42190,42313,123,5021.47,21843.39,42433.48,184585.64,32.24,519645.25
413,Odisha,Sambalpur,2018,Rice,Kharif,Clayey,39.23,22.8,1375,50.3,7.39,231.8,68.5,254.3,DAP,54.3,Drip,5,Yes,Low,43236,43353,117,3583.32,140573.64,24769.39,971703.17,35.31,3991952.06
414,Andhra Pradesh,Prakasam,2021,Jowar,Kharif,Black,25.49,31.4,1064.5,81.4,7.57,273.4,67.5,309.3,DAP,144.9,Flood,5,Yes,Low,44321,44458,137,1348.6,34375.81,37379.71,952808.81,47.46,678667.13
415,Haryana,Hisar,2021,Jowar,Kharif,Red,18.64,25.9,509.3,72.1,6.42,244.2,43.7,132.8,Mixed,100.9,Canal,2,No,Medium,44383,44521,138,1739.11,32417.01,22645.61,422114.17,48.14,1138440.69
416,Andhra Pradesh,Kurnool,2019,Groundnut,Kharif,Sandy,23.56,32.6,850.4,69.9,6.35,133,33.6,140.4,Mixed,145.5,Drip,8,No,Low,43691,43804,113,2325.79,54795.61,32330.51,761706.82,76.58,3434540.99
417,Tamil Nadu,Salem,2019,Groundnut,Rabi,Red,34.51,30.1,30,49.6,5.89,192.6,39.1,136.4,NPK,96.2,Sprinkler,6,No,Low,43741,43861,120,2008.19,69302.64,44929,1550499.79,69.59,3272270.93
418,Telangana,Siddipet,2015,Soybean,Kharif,Red,20.12,32.2,955.8,65.1,5.99,155.9,50.4,155.9,DAP,67.9,Drip,6,Yes,High,42158,42278,120,1531.22,30808.15,44867.23,902728.67,60.44,959315.92
419,Tamil Nadu,Thanjavur,2013,Rice,Kharif,Clayey,6.58,31,1401,70,7.64,237.4,53.9,256.8,Organic,178.2,Canal,2,Yes,Low,41418,41538,120,3729.4,24539.45,23045.17,151637.22,26.33,494486.5
420,Telangana,Medak,2019,Maize,Rabi,Black,25.82,25.8,218.4,51.5,7.27,277.9,55.6,282,DAP,97.6,Canal,2,Yes,Medium,43824,43939,115,5035.87,130026.16,32546.59,840352.95,27.43,2726264.62
421,Uttar Pradesh,Gorakhpur,2013,Wheat,Rabi,Loamy,19.44,24.6,186.1,44.6,6.45,231.1,60.3,236.7,Organic,252.8,Flood,3,Yes,Low,41579,41680,101,3543.18,68879.42,36208.17,703886.82,23.68,927177.85
422,West Bengal,Bankura,2014,Maize,Rabi,Clayey,40.57,24.5,354.1,32.4,7.34,267.6,71.9,255.4,DAP,116.2,Sprinkler,7,No,Low,42019,42121,102,4386.21,177948.54,41034.63,1664774.94,20.66,2011641.9
423,Tamil Nadu,Coimbatore,2012,Moong,Zaid,Loamy,44.29,31.3,187,57.6,6.38,294.9,62.2,233.5,NPK,144.4,Sprinkler,6,No,Low,40979,41058,79,984.24,43591.99,23594.62,1045005.72,71.29,2062667.25
424,Uttar Pradesh,Gorakhpur,2018,Wheat,Rabi,Alluvial,28.33,21.7,527.7,44.5,7.12,313.6,67.8,233.4,NPK,172.4,Canal,3,Yes,Medium,43392,43530,138,5132.41,145401.18,37069.54,1050180.07,29.77,3278413.06
425,Uttar Pradesh,Agra,2018,Rice,Kharif,Alluvial,17.77,27.5,1045.5,54.7,7.06,277.6,58.7,233.7,DAP,56.1,Sprinkler,3,Yes,Medium,43306,43434,128,4248.36,75493.36,31184.14,554142.17,29.98,1709148.76
426,Bihar,Patna,2022,Maize,Kharif,Alluvial,45.56,31.2,1379.3,59.1,6.89,264.1,69.7,232.2,Organic,225.8,Drip,3,No,Low,44756,44868,112,5611.77,255672.24,35261.98,1606535.81,32.5,6702811.99
427,Haryana,Panipat,2013,Maize,Kharif,Alluvial,29.61,26,547.6,66.5,7.24,308.3,78.3,261.4,Mixed,203,Canal,4,Yes,Low,41508,41625,117,6103.01,180710.13,26371.57,780862.19,21.81,3160425.75
428,Gujarat,Kheda,2021,Cotton,Kharif,Red,8.75,28.3,907.1,58.4,6.14,181.7,32.8,160.6,Urea,100.3,Sprinkler,3,No,Low,44339,44532,193,1987.9,17394.12,33187.04,290386.6,96.33,1385188.98
429,Rajasthan,Bharatpur,2018,Rice,Kharif,Sandy,31.42,30.8,454.8,87.8,6.44,113.8,38.9,93.5,DAP,76.5,Flood,2,No,Low,43238,43361,123,2232.37,70141.07,32668.33,1026438.93,40.04,1782009.51
430,Haryana,Hisar,2021,Maize,Kharif,Clayey,21.93,26.7,462,44.3,6.96,263.9,74,269.5,DAP,129.6,Sprinkler,7,Yes,Medium,44422,44525,103,3610.06,79168.62,32410.75,710767.75,29.15,1596997.52
431,Tamil Nadu,Erode,2015,Cotton,Kharif,Black,13.76,26.8,1151.4,60.9,7.47,291.1,69.1,354.2,Mixed,272.5,Canal,1,Yes,Medium,42156,42346,190,1760.53,24224.89,36126.67,497102.98,75.81,1339385.93
432,West Bengal,Birbhum,2021,Mustard,Rabi,Loamy,16.27,22.5,286.1,51.7,6.79,281.6,32.8,206.4,Urea,149.6,Canal,4,No,Medium,44566,44676,110,1348.73,21943.84,43260.73,703852.08,74.28,926136.36
433,Telangana,Warangal,2022,Rice,Kharif,Silty,12.66,27.5,1135.1,46.5,6.94,258.8,71.9,225.7,Mixed,147.2,Drip,3,Yes,Low,44721,44874,153,4830.81,61158.05,31861.39,403365.2,37.37,1882111.13
434,Telangana,Khammam,2019,Cotton,Zaid,Black,32.39,39,300.7,56.3,7.52,288.5,47.2,284.1,DAP,63.6,Flood,3,No,Low,43503,43663,160,1294.91,41942.13,25659.26,831103.43,88.92,2898390.77
435,Punjab,Moga,2012,Wheat,Rabi,Alluvial,12.18,21.3,228.9,50.9,7.98,274.9,74.8,213.1,DAP,117.2,Flood,6,Yes,High,41246,41367,121,3797.03,46247.83,31692.49,386014.53,21.19,593976.99
436,Andhra Pradesh,Krishna,2020,Groundnut,Kharif,Sandy,40.39,28.9,888.6,69.2,7.12,159.8,28,135.2,Urea,132,Canal,4,Yes,Medium,44028,44133,105,1975.25,79780.35,31886.27,1287886.45,80.91,5167141.67
437,Bihar,Purnia,2018,Rice,Kharif,Loamy,16.17,30,957.5,66.8,6.62,261.4,71.5,200.3,DAP,136.3,Drip,6,No,Low,43296,43432,136,4028.75,65144.89,38753.56,626645.07,33.22,1537468.18
438,Maharashtra,Amravati,2022,Cotton,Kharif,Red,42.15,30,838.2,69.2,5.98,168.5,50.7,136.9,DAP,132.1,Drip,3,No,Low,44724,44904,180,2011.94,84803.27,27067.35,1140888.8,97.84,7156263.14
439,West Bengal,Bardhaman,2022,Maize,Kharif,Alluvial,46.41,33.1,1236.9,77.5,6.7,305.2,84.2,259.4,Mixed,273.4,Canal,4,Yes,High,44764,44861,97,4295.35,199347.19,42841.35,1988267.05,29.81,3954272.68
440,Rajasthan,Bikaner,2013,Bajra,Kharif,Alluvial,14.06,33.2,453.2,90.9,7.12,265,87.5,228.1,DAP,137.9,Drip,8,Yes,Medium,41440,41555,115,1656.99,23297.28,26503.43,372638.23,27.94,278287.77
441,Haryana,Fatehabad,2019,Barley,Rabi,Alluvial,22.94,22.6,75.9,58.3,7.57,292.9,86.5,241.5,DAP,100.6,Sprinkler,4,No,Low,43834,43939,105,3141.58,72067.85,29187.48,669560.79,30.35,1517698.46
442,Punjab,Ludhiana,2022,Groundnut,Kharif,Sandy,12.86,21.3,806.9,55.8,6.41,173.6,20.2,104.1,Urea,135.4,Flood,4,Yes,Low,44713,44838,125,2382.69,30641.39,34918.29,449049.21,86.52,2202043.85
443,Bihar,Gaya,2021,Mustard,Rabi,Alluvial,10.33,23.4,496.7,45.4,6.86,297.6,67.6,217.4,DAP,67.3,Sprinkler,4,Yes,Medium,44585,44688,103,1329.92,13738.07,30185.44,311815.6,84.45,848364.41
444,Maharashtra,Kolhapur,2014,Soybean,Kharif,Silty,10.31,26.4,1187.7,62.4,6.96,254.1,71.4,234.9,Mixed,229.4,Canal,3,No,Medium,41791,41882,91,1500.11,15466.13,29144.38,300478.56,53.74,530671.27
445,Bihar,Gaya,2012,Maize,Kharif,Alluvial,41.45,27,1308.6,59.8,6.87,296.1,70.7,208.4,Mixed,123.5,Canal,1,Yes,Medium,41041,41141,100,4156.87,172302.26,34495.69,1429846.35,21.67,2303943.62
446,Karnataka,Mysuru,2015,Barley,Rabi,Sandy,36.47,20.7,162.4,40,7,129.5,37.2,90.9,NPK,98.2,Sprinkler,8,Yes,High,42348,42474,126,2518.19,91838.39,29368.34,1071063.36,22.76,1019178.4
447,Madhya Pradesh,Dewas,2014,Cotton,Kharif,Alluvial,4.74,22.5,1040.3,45,6.61,303.7,84.1,257.5,NPK,207,Canal,2,No,Low,41828,42017,189,1694.52,8032.02,32207.9,152665.45,76.67,463149.52
448,Karnataka,Belagavi,2017,Moong,Kharif,Loamy,46.59,22.5,872.1,62.3,6.71,256.4,60.9,223.2,Mixed,151.2,Sprinkler,3,Yes,Low,42970,43052,82,943.66,43965.12,25545.17,1190149.47,104.75,3415196.85
449,Karnataka,Haveri,2021,Bajra,Zaid,Red,7.05,35,74,35.6,6.38,161.8,40.4,142.8,DAP,100.5,Sprinkler,7,No,Low,44288,44363,75,1276.25,8997.56,46657.33,328934.18,35.27,-11590.24
450,Tamil Nadu,Coimbatore,2021,Rice,Kharif,Alluvial,16.01,28.5,986.6,58.8,6.45,270.7,73.6,265.7,Organic,170.8,Drip,5,Yes,Low,44392,44510,118,4256.44,68145.6,25950.36,415465.26,33.89,1893989.12
451,Uttar Pradesh,Gorakhpur,2012,Rice,Kharif,Loamy,22.36,28.3,910,65.9,6.64,237.2,62,196.5,NPK,141.1,Drip,7,No,High,41130,41250,120,3305.79,73917.46,39679.53,887234.29,24.08,892698.15
452,Bihar,Nalanda,2019,Maize,Rabi,Silty,28.38,24.2,139.9,40.9,7.18,287.7,49,187.7,Urea,164.2,Sprinkler,5,Yes,Low,43750,43845,95,5959.3,169124.93,34290.98,973178.01,25.39,3320903.96
453,West Bengal,Hooghly,2021,Moong,Kharif,Sandy,14.57,27.6,1697.7,71.6,6.4,170.8,21.4,89.2,Urea,152.2,Drip,1,No,Medium,44361,44420,59,751.13,10943.96,30410.09,443075.01,112.97,793264.15
454,West Bengal,Murshidabad,2018,Maize,Zaid,Loamy,29.91,30.5,476.4,47.4,7.03,270.7,55.1,232.2,Organic,193.6,Sprinkler,4,Yes,Medium,43164,43255,91,4058.77,121397.81,30162.56,902162.17,25.59,2204407.79
455,Punjab,Firozpur,2012,Groundnut,Zaid,Black,37.32,25.6,88.2,65.7,7.82,301.7,29.8,295.3,Urea,163.6,Drip,7,Yes,Medium,41023,41131,108,1780.95,66465.05,27995.22,1044781.61,60.52,2977683.22
456,Tamil Nadu,Dindigul,2013,Cotton,Kharif,Sandy,6.47,29.3,973.1,54.6,6.59,133.8,20.5,113.5,Urea,79.6,Flood,4,Yes,Medium,41489,41640,151,1541.96,9976.48,21168.53,136960.39,68.47,546129.2
457,Karnataka,Mandya,2016,Jowar,Kharif,Black,4.97,26.2,1079.9,66.2,7.39,313.4,41.9,295.7,Urea,118.8,Canal,1,Yes,High,42502,42624,122,1304.75,6484.61,41970.94,208595.57,38.54,41321.3
458,Maharashtra,Kolhapur,2021,Cotton,Kharif,Loamy,14.89,30.7,1053.5,84.6,6.59,268.4,47,213.4,Urea,137.7,Drip,1,No,Medium,44392,44585,193,1890.28,28146.27,34180.75,508951.37,100.09,2308208.79
459,Maharashtra,Nashik,2019,Soybean,Zaid,Black,25.91,31,103.1,58.2,7.88,272.6,67.1,319.9,NPK,121.4,Drip,5,Yes,Low,43532,43655,123,1648.59,42714.97,29449.97,763048.72,52.75,1490165.95
460,Tamil Nadu,Dindigul,2018,Rice,Kharif,Clayey,9.39,31.3,1226.1,66.7,7.34,246.1,56.3,274.5,Mixed,116.4,Canal,1,Yes,Low,43293,43419,126,3755.26,35261.89,31659.76,297285.15,32.92,863536.27
461,Uttar Pradesh,Varanasi,2012,Wheat,Rabi,Alluvial,10.95,23.6,361.8,50.6,6.9,318.3,64.4,255.8,NPK,167.3,Flood,4,No,Low,41299,41436,137,5612.74,61459.5,25917.55,283797.17,20.85,997633.41
462,Haryana,Panipat,2022,Wheat,Rabi,Loamy,15.49,19.5,215.3,39.4,7.19,242.1,70.2,224.7,NPK,144.4,Canal,4,No,Low,44835,44940,105,3908.43,60541.58,40716.9,630704.78,33.28,1384119
463,Telangana,Mahbubnagar,2022,Moong,Zaid,Sandy,43.02,32.6,199.9,73,6.44,116.1,23.5,95.9,Organic,150.5,Flood,6,No,Medium,44597,44660,63,716.38,30818.67,42947.78,1847613.5,126.21,2042010.84
464,Madhya Pradesh,Vidisha,2022,Wheat,Rabi,Silty,37.07,18.8,196.6,68.4,6.88,264.6,58.6,254,NPK,100.7,Flood,1,Yes,Low,44868,44982,114,4475.16,165894.18,31569.12,1170267.28,35.62,4738883.41
465,Karnataka,Raichur,2019,Wheat,Rabi,Loamy,48.98,22.2,30,58.5,7.01,246.8,57.4,212,Organic,173.4,Canal,4,No,Low,43818,43938,120,3691.84,180826.32,38443.79,1882976.83,30.54,3639458.98
466,Telangana,Siddipet,2021,Soybean,Kharif,Loamy,11.98,30.7,1230.8,67.7,6.6,251.3,66.8,217.9,Mixed,218.2,Canal,1,No,Medium,44421,44542,121,1466.46,17568.19,30065.61,360186.01,58.06,659823.1
467,Punjab,Ludhiana,2018,Soybean,Kharif,Loamy,1.53,21.6,772.6,65.2,5.98,291,72.2,256.3,NPK,167.2,Canal,3,Yes,Medium,43328,43425,97,1680.03,2570.45,30197.63,46202.37,58.87,105120.02
468,West Bengal,Bankura,2019,Mustard,Rabi,Clayey,39.78,22.5,557.7,47,7.31,261.8,66.6,267.3,NPK,98.1,Drip,7,No,Low,43822,43922,100,1875.13,74592.67,30369.65,1208104.68,76.55,4501964.21
469,Karnataka,Tumakuru,2015,Maize,Kharif,Loamy,17.22,31.4,1153.7,75.4,6.7,266.7,43,167.2,Urea,159.4,Drip,4,Yes,High,42197,42297,100,3347.69,57647.22,36130.86,622173.41,23.05,706595.01
470,Haryana,Rohtak,2013,Mustard,Rabi,Sandy,35.47,18.7,30,52.8,6.76,178.5,34.7,118.2,Mixed,153.5,Drip,10,No,Low,41633,41730,97,1497.43,53113.84,35854.93,1271774.37,53.58,1574065.18
471,Karnataka,Raichur,2013,Moong,Zaid,Clayey,8.27,31.7,189.3,40.2,6.45,284.5,74.7,241.5,Mixed,121.1,Sprinkler,5,No,Medium,41323,41380,57,836.96,6921.66,37352.29,308903.44,76.03,217350.37
472,Rajasthan,Hanumangarh,2020,Groundnut,Zaid,Loamy,12.64,35.9,158.1,30.6,7.14,244.6,66.2,266.8,Organic,255.8,Drip,9,No,Low,43901,44009,108,2052,25937.28,36850.81,465794.24,78.47,1569504.12
473,Odisha,Sambalpur,2017,Maize,Kharif,Alluvial,7.33,26,1413.5,75.1,6.95,286.4,65.4,219.5,Urea,78.2,Flood,1,Yes,Medium,42959,43089,130,4593.07,33667.2,31995.33,234525.77,22.86,535106.42
474,Maharashtra,Satara,2018,Jowar,Zaid,Black,4.7,33.7,30,55.2,7.41,244.9,59.4,355,NPK,100.4,Drip,8,No,Low,43202,43293,91,1222.15,5744.1,48043.36,225803.79,38.63,-3909.21
475,Gujarat,Kheda,2014,Soybean,Kharif,Loamy,36.22,33.4,830.1,68.6,7.18,274,67.8,227.4,Mixed,294.5,Sprinkler,3,No,Low,41809,41902,93,1533.73,55551.7,34260.23,1240905.53,44.73,1243922.01
476,Gujarat,Junagadh,2012,Bajra,Rabi,Red,35.02,21.8,126.3,46.3,5.98,198.5,36.2,163,NPK,170.1,Canal,2,Yes,High,41236,41336,100,1047.74,36691.85,37135.36,1300480.31,27.22,-301728.15
477,Odisha,Mayurbhanj,2015,Jowar,Kharif,Black,26.31,29.5,1637.1,64.7,7.17,283,39.6,291.6,Urea,122.5,Sprinkler,2,Yes,Low,42240,42376,136,1417.39,37291.53,38416.9,1010748.64,38.06,408566.99
478,Odisha,Ganjam,2012,Wheat,Rabi,Clayey,13.36,23.2,956.6,37.6,6.73,300.3,77,278.9,NPK,218.2,Sprinkler,3,Yes,Low,41238,41352,114,4492.23,60016.19,34014.67,454435.99,22.86,917534.11
479,Tamil Nadu,Erode,2013,Rice,Kharif,Loamy,17.84,34.3,1010.1,57.3,6.76,238.4,49.6,211.2,Organic,192.5,Flood,1,No,High,41474,41631,157,3085.25,55040.86,35559.82,634387.19,26.28,812086.61
480,Rajasthan,Sri Ganganagar,2018,Groundnut,Kharif,Black,5.07,32.6,405.5,63.1,7.1,264.7,47.3,319.8,NPK,93.7,Drip,9,No,Medium,43276,43399,123,2429,12315.03,32887.09,166737.55,74.88,755411.9
481,Maharashtra,Nagpur,2019,Cotton,Kharif,Silty,49.83,24.3,1154.1,47.3,7.32,292.6,72.9,244.1,Mixed,255.8,Canal,2,Yes,High,43696,43881,185,1498.46,74668.26,36145.22,1801116.31,82.25,4340348.07
482,Bihar,Nalanda,2018,Mustard,Rabi,Loamy,47.23,21.5,30,37.6,6.38,262.5,55,210.6,Mixed,123.6,Flood,5,No,Low,43470,43597,127,1202.79,56807.77,35931.84,1697060.8,64.41,1961927.67
483,Gujarat,Rajkot,2021,Bajra,Kharif,Black,24.55,29.2,820,71.3,7.49,274.9,40.2,272.3,Urea,74.1,Sprinkler,8,No,Low,44379,44487,108,1629.23,39997.6,35689.95,876188.27,39.41,700117.15
484,Odisha,Ganjam,2014,Groundnut,Kharif,Sandy,3.84,29.1,1289.7,61.4,6.68,155.4,26.5,81,Urea,158.3,Sprinkler,3,Yes,Low,41830,41943,113,2065.84,7932.83,45497.59,174710.75,60.46,304908.15
485,Punjab,Jalandhar,2019,Soybean,Kharif,Red,7.87,29.9,733.6,47.5,7.13,198.2,17.8,97.3,Urea,120.6,Canal,3,No,Low,43693,43791,98,1285.41,10116.18,31447.69,247493.32,63.72,397109.67
486,Bihar,Vaishali,2013,Mustard,Rabi,Alluvial,32.47,23.3,251.2,41.5,6.99,295,64.2,231.3,Mixed,109.2,Sprinkler,9,Yes,Medium,41591,41707,116,1612.57,52360.15,33481.21,1087134.89,46.01,1321955.61
487,Telangana,Karimnagar,2012,Soybean,Kharif,Clayey,47.89,28.4,1521.5,76,6.93,291,55.6,252.9,Organic,150.8,Drip,1,Yes,Medium,41050,41175,125,1364.02,65322.92,29288.55,1402628.66,45.55,1572830.35
488,Haryana,Ambala,2016,Wheat,Rabi,Loamy,15.25,17.3,30,26.8,6.66,257.7,41.9,264,Urea,67.1,Drip,6,Yes,High,42718,42856,138,3332.33,50818.03,28567.08,435647.97,28.12,993355.03
489,Haryana,Sirsa,2014,Cotton,Kharif,Black,47.49,23.6,636.2,51.2,7.3,260.7,23.9,293.7,Urea,150.3,Canal,2,Yes,Medium,41761,41923,162,1666.71,79152.06,40595.13,1927862.72,80.7,4459708.52
490,Rajasthan,Jaipur,2017,Groundnut,Kharif,Silty,38.27,28.6,276.9,59,6.63,244.5,51.6,227.8,Organic,163.1,Flood,2,Yes,High,42968,43082,114,1472.4,56348.75,35222.41,1347961.63,71.89,2702950.01
491,Tamil Nadu,Nagapattinam,2012,Wheat,Rabi,Silty,42.05,23.2,583.7,39.7,7.2,212.2,52.7,231.5,Organic,129.6,Sprinkler,6,Yes,High,41264,41369,105,3987.42,167671.01,24879.12,1046167,22.69,2758288.22
492,Maharashtra,Kolhapur,2022,Cotton,Kharif,Alluvial,36.39,30.7,835.8,65.4,7.05,310.2,65.9,193.7,Mixed,114,Flood,1,No,Low,44736,44920,184,1862.48,67775.65,27934.07,1016520.81,98.01,5626170.65
493,Rajasthan,Ajmer,2015,Mustard,Rabi,Alluvial,23.26,29.2,30,39,6.54,298,68.6,264.5,NPK,118.2,Flood,4,Yes,Medium,42359,42470,111,1021.21,23753.34,28041.21,652238.54,63.96,867025.09
494,Andhra Pradesh,Anantapur,2012,Jowar,Kharif,Red,27.14,27.3,1215.2,77.5,6.55,197,33.6,143.7,Urea,109.6,Canal,1,Yes,High,41122,41212,90,1037.37,28154.22,36437.63,988917.28,32.37,-77565.18
495,Odisha,Cuttack,2020,Wheat,Rabi,Clayey,6.68,20.6,522.9,40,7.97,282.7,49,293.8,Mixed,171.6,Drip,7,No,Low,44116,44235,119,4601.61,30738.75,25596.51,170984.69,34.44,887657.86
496,Gujarat,Vadodara,2019,Wheat,Rabi,Clayey,48.38,26.9,30,48,7.34,262.7,74,283,Mixed,225,Canal,3,Yes,Medium,43806,43906,100,2648.45,128132.01,26458.98,1280085.45,27.28,2215355.78
497,Punjab,Sangrur,2019,Jowar,Rabi,Loamy,33.16,18.2,185.3,56.1,7.43,265.5,61.4,238.9,Organic,259.2,Flood,4,Yes,Medium,43790,43905,115,1115.47,36988.99,47775.67,1584241.22,43.05,8134.8
498,Karnataka,Bengaluru Rural,2018,Groundnut,Zaid,Loamy,44.25,32.1,30,41.6,6.92,267.2,61.8,216.8,DAP,62.2,Drip,8,No,Low,43173,43299,126,2160.68,95610.09,40482.21,1791337.79,83.35,6177763.21
499,Madhya Pradesh,Indore,2016,Bajra,Kharif,Black,48.92,26.6,1394.7,57,7.66,286.8,51.5,324.2,Organic,260.8,Flood,1,No,Medium,42589,42685,96,1319.15,64532.82,31029.71,1517973.41,35.4,766488.42
500,Maharashtra,Nashik,2015,Cotton,Kharif,Loamy,42.11,30.9,1184.3,52.8,7.05,269.3,60,209.3,NPK,193.1,Sprinkler,2,No,Medium,42125,42305,180,1950.49,82135.13,31814.23,1339697.23,74.59,4786762.12
501,Madhya Pradesh,Bhopal,2019,Maize,Kharif,Loamy,29.16,24,1031.5,76.4,7.45,239.3,54.4,247.3,Organic,244.1,Canal,2,No,Medium,43663,43768,105,5950.74,173523.58,38737.52,1129586.08,26.03,3387232.71
502,Haryana,Karnal,2012,Cotton,Rabi,Red,28.18,20.6,159.4,57.6,5.75,191.3,37.5,205,Organic,168.2,Drip,7,Yes,Medium,41215,41393,178,1576.17,44416.47,34847.07,981990.43,71.97,2214662.92
503,Rajasthan,Ajmer,2018,Wheat,Rabi,Loamy,32.72,23.5,30,31.7,7.05,253,71.5,213.1,NPK,191.3,Sprinkler,4,Yes,High,43388,43507,119,3347.66,109535.44,39527.07,1293325.73,25.79,1531593.27
504,West Bengal,Bardhaman,2019,Soybean,Kharif,Loamy,18.09,30.4,1970.2,77.2,6.54,316.1,68.3,232.6,Mixed,257.9,Sprinkler,1,No,Low,43605,43699,94,1455.76,26334.7,44877.89,811841.03,56.46,675016.13
505,Karnataka,Raichur,2014,Maize,Rabi,Loamy,7.8,24.6,499.9,44.4,6.81,297.9,76.6,260.4,Mixed,291.9,Flood,2,Yes,Medium,41992,42109,117,5596.66,43653.95,51829.77,404272.21,23.13,605443.65
506,Madhya Pradesh,Gwalior,2013,Maize,Rabi,Black,8.53,24.1,301.1,65.1,7.77,284.5,50.4,300.9,Mixed,213.2,Sprinkler,3,No,Low,41659,41770,111,5177.09,44160.58,43848,374023.44,21.57,578520.27
507,Karnataka,Bengaluru Rural,2019,Maize,Kharif,Loamy,40.46,26.8,1059.1,61.7,6.54,243.9,35.1,216.5,Urea,88.7,Sprinkler,4,No,Medium,43631,43760,129,5211.24,210846.77,32731.44,1324314.06,27.38,4448670.5
508,Maharashtra,Ahmednagar,2018,Cotton,Zaid,Black,2.67,33.8,194.4,36.6,7.13,283.7,51.9,296.9,Mixed,123,Sprinkler,5,Yes,Low,43143,43294,151,2069.51,5525.59,26842.13,71668.49,88.57,417733.02
509,Punjab,Bathinda,2015,Rice,Kharif,Alluvial,45.58,30.8,885.7,56.4,6.79,306.5,64.8,260.7,Mixed,149.2,Sprinkler,2,Yes,Low,42166,42330,164,4329.39,197333.6,28928.38,1318555.56,29.56,4514625.66
510,Punjab,Patiala,2018,Groundnut,Zaid,Black,43.98,26.9,223.9,53.5,7.75,276.8,38.2,304.7,Urea,104.4,Canal,3,Yes,Low,43141,43270,129,1854.8,81574.1,41025.76,1804312.92,71.24,4007025.96
511,Haryana,Hisar,2014,Bajra,Kharif,Loamy,38.27,24,724.8,50.4,6.63,248.6,63.2,248,DAP,110,Drip,6,Yes,High,41874,41972,98,1491.3,57072.05,26439.5,1011839.66,34.45,954292.46
512,Andhra Pradesh,Prakasam,2020,Maize,Kharif,Loamy,39.65,32.4,1100.8,60.2,6.36,279.1,72.6,244.5,Mixed,277.2,Canal,3,Yes,Low,44017,44139,122,4475.96,177471.81,37279.24,1478121.87,28.05,3499962.4
513,Andhra Pradesh,Krishna,2014,Cotton,Kharif,Silty,35.92,34.7,1141.4,56.2,6.43,242.9,56.5,243.5,NPK,105.1,Canal,2,Yes,Medium,41836,42019,183,1386.09,49788.35,27577.39,990579.85,72.62,2625050.13
514,Karnataka,Raichur,2016,Groundnut,Kharif,Sandy,44.49,29.2,1060.8,52.5,6.23,117.5,32.2,91.3,Urea,114.2,Canal,5,Yes,Low,42497,42611,114,2573.51,114495.46,31965.49,1422144.65,69.16,6496361.36
515,Andhra Pradesh,Kurnool,2017,Maize,Kharif,Clayey,21.59,29,1117.7,51.8,7.21,264.8,60.8,250.1,DAP,73,Sprinkler,2,No,Low,42931,43054,123,4626.55,99887.21,36647.37,791216.72,27.22,1927713.14
516,Tamil Nadu,Thanjavur,2016,Bajra,Kharif,Loamy,9.94,23.2,1274.4,63.5,7.36,212.6,55.6,207.4,DAP,69.7,Sprinkler,3,No,Low,42508,42595,87,1148.27,11413.8,25707.33,255530.86,39.64,196912.17
517,Andhra Pradesh,Kurnool,2020,Jowar,Kharif,Alluvial,43.34,34,871.7,61,6.83,317.6,79.7,238.2,Mixed,251.6,Flood,3,No,Low,44025,44140,115,1321.48,57272.94,33668,1459171.12,41.87,938846.88
518,Madhya Pradesh,Gwalior,2015,Cotton,Kharif,Red,10.87,28,780.6,53,6.1,180.7,63.4,166.8,DAP,129.2,Canal,2,Yes,Low,42240,42419,179,2272.64,24703.6,43569.1,473596.12,78.49,1465389.44
519,Karnataka,Bengaluru Rural,2017,Maize,Zaid,Alluvial,38.26,32,30,56.3,6.91,268.7,73.8,226.8,DAP,84,Canal,4,No,Low,42826,42947,121,4121.3,157680.94,30879.76,1181459.62,27.23,3112192.38
520,Madhya Pradesh,Dewas,2013,Cotton,Kharif,Loamy,1.83,30.5,770.6,59.3,6.5,238.3,69.4,233.1,Organic,147.4,Canal,2,Yes,Medium,41507,41676,169,2131.66,3900.94,41329.4,75632.8,62.12,166693.59
521,Madhya Pradesh,Bhopal,2018,Maize,Kharif,Black,19.86,31.5,1029.5,72.7,7.55,269.4,60.5,293.3,DAP,101.9,Canal,2,No,Low,43235,43328,93,4269.03,84782.94,37874.56,752188.76,28.4,1655646.74
522,Haryana,Ambala,2020,Soybean,Kharif,Black,29.58,27.9,538.8,64.1,7.43,251.7,53.8,305.3,DAP,93.2,Sprinkler,7,Yes,Medium,43987,44090,103,1616.32,47810.75,25679.91,759611.74,67.01,2444186.62
523,Tamil Nadu,Nagapattinam,2016,Rice,Zaid,Alluvial,23.4,36.3,206.3,58.2,7.54,286.4,51.9,213.7,Urea,123.1,Canal,5,No,High,42449,42610,161,2709.17,63394.58,31344.62,733464.11,29.98,1167105.4
524,Punjab,Amritsar,2016,Groundnut,Zaid,Black,45.05,30.1,182.7,36.1,7.69,319.9,58,300.8,Mixed,264.7,Flood,2,Yes,Medium,42470,42595,125,1617.49,72867.92,35398.35,1594695.67,62.14,2933316.88
525,Bihar,Samastipur,2019,Maize,Rabi,Black,33.5,17.1,556.1,57.8,7.58,282,45.7,302.1,Urea,166.3,Sprinkler,5,No,Low,43751,43843,92,5649.66,189263.61,40823.34,1367581.89,25.3,3420787.44
526,Haryana,Rohtak,2019,Cotton,Kharif,Loamy,13.01,27.8,685.1,88.2,6.65,240.5,59.7,232.2,Organic,200.7,Flood,4,Yes,Medium,43649,43847,198,2070.14,26932.52,32884.26,427824.22,101.2,2297746.8
527,Tamil Nadu,Coimbatore,2019,Wheat,Rabi,Clayey,35.6,23.7,30,54.2,7.33,307,72.8,293.7,NPK,199.8,Drip,5,Yes,Low,43843,43959,116,4224.96,150408.58,33408.04,1189326.22,30.23,3357525.15
528,Uttar Pradesh,Kanpur Nagar,2013,Cotton,Kharif,Loamy,22.38,24.1,1193.9,57.8,6.34,304.9,38.9,187.9,Urea,112.9,Flood,2,No,Low,41416,41583,167,2014.52,45084.96,31527.97,705595.97,78.88,2850705.67
529,Punjab,Amritsar,2018,Mustard,Rabi,Clayey,1.29,16.3,30,57,7.05,308,46.1,265.7,Urea,171.5,Drip,10,Yes,Low,43398,43517,119,1980,2554.2,32931.62,42481.79,59.76,110157.2
530,Punjab,Ludhiana,2017,Mustard,Rabi,Loamy,28.32,19.4,126.5,46.1,6.82,264.5,54.6,208.2,Urea,65.3,Sprinkler,8,No,Low,43030,43135,105,1377.99,39024.68,31986.82,905866.74,72.62,1928105.52
531,Madhya Pradesh,Gwalior,2020,Cotton,Kharif,Loamy,23.21,24.4,1483.5,59.8,6.22,241.3,48.7,234.1,Urea,61.8,Flood,1,Yes,Medium,43963,44133,170,1423.47,33038.74,36178.81,839710.18,98.55,2416257.65
532,Haryana,Panipat,2022,Mustard,Rabi,Sandy,12.97,17,139.6,41.4,6.26,138.6,51.8,123.9,NPK,217.6,Flood,2,No,Low,44936,45069,133,1522.44,19746.05,27554.93,357387.44,84.94,1319842.05
533,Haryana,Sirsa,2022,Mustard,Rabi,Sandy,30.62,22.3,103.4,53.2,5.96,161.8,49,111.4,DAP,147.8,Drip,7,Yes,Medium,44876,44982,106,1025.15,31390.09,36112.23,1105756.48,82.45,1482356.44
534,Andhra Pradesh,Chittoor,2018,Cotton,Kharif,Black,37.98,30.9,1155.5,58.2,7.44,282.2,73.5,329,Mixed,251.8,Canal,1,Yes,Low,43228,43379,151,1970.68,74846.43,31774.72,1206803.87,94.33,5853459.87
535,Andhra Pradesh,Krishna,2012,Rice,Kharif,Loamy,37.09,31.3,987.9,56.9,6.84,272.8,60.8,220.6,Organic,158.1,Canal,1,No,Medium,41128,41279,151,4247.89,157554.24,25803.56,957054.04,22.66,2613125.04
536,Gujarat,Surat,2016,Cotton,Kharif,Loamy,27.2,26.6,759.3,62.2,6.53,254.8,55,194.6,Organic,156.6,Flood,1,Yes,Medium,42603,42771,168,1809.07,49206.7,38875.55,1057414.96,83.65,3058725.5
537,West Bengal,Hooghly,2022,Mustard,Rabi,Sandy,31.9,21.8,190.2,25.5,6.15,139.1,23.3,133.1,Organic,130.3,Drip,6,No,Low,44901,45024,123,1231.25,39276.88,24972.58,796625.3,74.93,2146391.32
538,Uttar Pradesh,Lucknow,2014,Wheat,Rabi,Silty,12.62,20.3,407.3,49.2,6.76,252,48.6,239.6,Organic,188.2,Flood,4,Yes,Low,41951,42078,127,4604.09,58103.62,39155.08,494137.11,22.97,840503.04
539,Uttar Pradesh,Lucknow,2016,Rice,Kharif,Clayey,38.14,25.3,1067.7,65.4,7.23,255.1,66.9,210.7,DAP,89.8,Canal,1,No,Low,42567,42682,115,4604.6,175619.44,37950.11,1447417.2,28.56,3568274.01
540,Telangana,Siddipet,2012,Groundnut,Kharif,Loamy,22.95,30.7,1088,44.7,7.2,241.8,43.9,225.2,Urea,126.3,Sprinkler,8,No,Low,41110,41244,134,2129.79,48878.68,25420.18,583393.13,56.55,2180696.22
541,Maharashtra,Amravati,2013,Soybean,Kharif,Loamy,47.04,25.7,1171.6,74.6,7.17,286.2,62.4,236.6,Mixed,246.1,Canal,3,No,Low,41426,41516,90,1526.54,71808.44,35786.37,1683390.84,46.29,1640621.85
542,Bihar,Vaishali,2018,Maize,Rabi,Black,38.68,23.1,41.8,34.3,7.66,312.9,61.5,343.9,NPK,210.5,Sprinkler,7,No,Low,43467,43564,97,5416.69,209517.57,43097.91,1667027.16,29.49,4511645.98
543,Odisha,Kalahandi,2020,Groundnut,Kharif,Black,31.73,27.2,1446.6,66.5,7.29,276.6,71.8,320.9,NPK,183,Sprinkler,1,Yes,Low,43972,44096,124,1823.72,57866.64,32659.96,1036300.53,78.78,3522433.37
544,West Bengal,Bardhaman,2022,Mustard,Rabi,Alluvial,38.66,25.8,662.1,50.8,7.48,302.7,76.3,247.6,Mixed,215.7,Drip,4,Yes,Medium,44874,44984,110,1627.55,62921.08,37921.94,1466062.2,89.29,4152161.03
545,West Bengal,Birbhum,2018,Mustard,Zaid,Loamy,29.51,34.1,64.3,38.5,6.82,261,55.2,203.1,NPK,115.4,Canal,5,No,Low,43145,43250,105,1186.51,35013.91,23254.68,686245.61,68.3,1705204.44
546,Bihar,Samastipur,2013,Wheat,Rabi,Clayey,0.58,18.1,226.7,39.8,6.88,285.5,73.4,267.5,NPK,177.9,Canal,6,Yes,Low,41587,41695,108,3768.75,2185.88,30335.53,17594.61,22.75,32134.16
547,Haryana,Kurukshetra,2020,Soybean,Kharif,Black,28.57,28.8,564.2,71.9,7.84,303.7,36.7,325.9,Urea,83.8,Canal,3,No,Low,43994,44095,101,1670.7,47731.9,31973.85,913492.89,70.05,2430126.7
548,Madhya Pradesh,Ujjain,2015,Wheat,Rabi,Clayey,19.2,23.5,229.2,60.9,7,269.5,50.9,298.3,Mixed,121.8,Drip,6,Yes,Medium,42352,42475,123,4251.34,81625.73,39404.01,756556.99,24.54,1246538.42
549,Rajasthan,Kota,2017,Wheat,Rabi,Alluvial,5.29,20.5,115.8,45.1,6.84,289.4,78.1,207.2,DAP,125.2,Drip,10,No,Low,43009,43107,98,3751.9,19847.55,41000.83,216894.39,27.54,329707.14
550,Telangana,Nizamabad,2017,Soybean,Kharif,Loamy,1.77,29.1,802.9,74.1,7,256.9,52.3,202.5,Organic,193.1,Flood,1,No,Medium,42927,43023,96,1753.27,3103.29,30498.22,53981.85,58.19,126598.6
551,Haryana,Panipat,2015,Maize,Kharif,Black,1.32,22.9,671.3,87,7.46,287.1,38.6,320.8,Urea,60.4,Sprinkler,9,No,Medium,42233,42349,116,5121.87,6760.87,30270.44,39956.98,20,95260.42
552,Gujarat,Ahmedabad,2017,Mustard,Rabi,Alluvial,15.05,24.9,247.2,41.5,6.98,268,83.8,278,NPK,218.2,Canal,3,No,High,43020,43142,122,1132.34,17041.72,26829.26,403780.36,68.42,762214.12
553,Madhya Pradesh,Ujjain,2020,Jowar,Rabi,Red,8.82,21.1,121.1,44.1,6,193.7,25.5,153,Organic,168.2,Canal,4,Yes,Medium,44109,44230,121,1098.8,9691.42,44087.05,388847.78,43.33,31081.45
554,Karnataka,Mysuru,2019,Groundnut,Kharif,Loamy,11.41,31.5,858.9,70.5,6.64,227.7,58.6,231.1,Organic,145.6,Sprinkler,5,No,High,43589,43716,127,1998.01,22797.29,29519.15,336813.5,77.98,1440919.17
555,Rajasthan,Hanumangarh,2022,Wheat,Rabi,Black,32.38,21.8,225.2,63.4,7.12,274.5,67.5,320.5,DAP,137.2,Drip,6,Yes,High,44929,45068,139,4058.44,131412.29,18538.36,600272.1,32.38,3654857.85
556,Maharashtra,Satara,2022,Groundnut,Kharif,Sandy,37.36,27.5,899.3,68.9,6.51,149.3,28.3,108,Organic,166.6,Flood,3,No,Low,44720,44836,116,2397.23,89560.51,39312.21,1468704.17,89.89,6581890.07
557,Haryana,Sirsa,2014,Bajra,Zaid,Red,38.68,28.4,30,42.5,5.92,201.6,50.6,169.4,Mixed,207.1,Sprinkler,6,No,Medium,41680,41758,78,1177.5,45545.7,35966.2,1391172.62,30.86,14367.68
558,Odisha,Ganjam,2020,Groundnut,Kharif,Loamy,34.16,26.3,1158.4,69.7,6.46,225.1,56.2,221,DAP,64.5,Canal,3,No,High,43969,44098,129,1969.01,67261.38,37095.58,1267185.01,85.45,4480299.91
559,Madhya Pradesh,Vidisha,2016,Soybean,Kharif,Sandy,42.91,31.6,1296.3,79.3,6.67,156.8,7.7,111.2,Urea,144,Flood,3,No,Low,42556,42659,103,1179.63,50617.92,43196.43,1853558.81,58.2,1092404.13
560,Bihar,Samastipur,2016,Moong,Zaid,Sandy,19.86,31.8,437,25,6.23,122.1,46.8,89.2,DAP,92.2,Canal,4,No,Low,42418,42498,80,854.09,16962.23,42117.67,836456.93,102.27,898270.33
561,Tamil Nadu,Tiruchirappalli,2016,Groundnut,Kharif,Sandy,23.15,28.3,1120.5,71.1,6.03,144.2,50.7,111,DAP,125.2,Sprinkler,10,No,Medium,42586,42694,108,1782.15,41256.77,23722.35,549172.4,65.25,2142831.84
562,Maharashtra,Nagpur,2012,Maize,Zaid,Loamy,12.63,26,30,51.5,6.16,252,81.3,217.2,DAP,109.3,Canal,6,Yes,High,40943,41065,122,5164.09,65222.46,34368.23,434070.74,22.33,1022346.79
563,Karnataka,Haveri,2012,Maize,Kharif,Alluvial,39.82,27.8,1192,73.2,7.39,320.6,93.2,254,Mixed,297.5,Drip,5,No,Low,41061,41188,127,6003.69,239066.94,41201.22,1640632.58,19.41,2999656.73
564,Uttar Pradesh,Varanasi,2019,Moong,Zaid,Alluvial,40.74,28.3,30,54.9,7.57,291.8,61.2,274.1,Organic,234.2,Canal,3,Yes,High,43500,43575,75,715.94,29167.4,43550.83,1774260.81,115.07,1582031.91
565,Punjab,Jalandhar,2020,Mustard,Rabi,Black,48.3,23.1,145.3,38.5,7.29,287.4,45.8,349.5,Mixed,242.7,Flood,2,Yes,Medium,44121,44253,132,1153.04,55691.83,31061.96,1500292.67,80.88,3004062.54
566,Haryana,Ambala,2021,Mustard,Kharif,Alluvial,42.65,27.1,444.5,50.7,6.94,283.3,41.5,206.9,Urea,129,Sprinkler,6,Yes,Medium,44381,44478,97,1667.85,71133.8,25078.94,1069616.79,80.06,4625355.24
567,Punjab,Amritsar,2013,Cotton,Kharif,Black,33.13,29.6,1006.5,56.3,7.53,291.2,44.2,291.2,Urea,96.1,Sprinkler,1,Yes,High,41508,41658,150,1617.59,53590.76,31451.15,1041976.6,68.48,2627918.64
568,Uttar Pradesh,Kanpur Nagar,2015,Bajra,Kharif,Loamy,20.3,24.9,1295.6,89.4,6.81,271.1,64.1,233.3,Mixed,184.4,Flood,5,No,Low,42194,42277,83,1248.51,25344.75,28447.78,577489.93,30.9,205662.84
569,Haryana,Panipat,2022,Soybean,Kharif,Black,21.27,26.1,402.4,81.9,7.48,294.8,37.4,291.8,Urea,145.7,Flood,4,No,Medium,44702,44809,107,1583.11,33672.75,43798.51,931594.31,81.57,1815091.91
570,Uttar Pradesh,Prayagraj,2018,Maize,Zaid,Loamy,18.46,33.6,151,58.9,6.4,238.4,50.5,213.7,Organic,229.4,Drip,8,No,Low,43163,43287,124,4381.58,80883.97,28311.33,522627.15,25.75,1560135.08
571,Gujarat,Banaskantha,2014,Bajra,Kharif,Loamy,29.65,31.4,679.2,57.7,6.56,249.1,43.4,242.8,Organic,245.2,Sprinkler,5,No,Low,41859,41958,99,1621.28,48070.95,35091.36,1040458.82,31.47,472333.98
572,Odisha,Sambalpur,2013,Cotton,Kharif,Red,40.4,32.5,1239.4,58.7,5.98,183,41,221.2,Organic,147.3,Sprinkler,1,Yes,High,41475,41631,156,1324.24,53499.3,29791.45,1203574.58,65.99,2326844.23
573,West Bengal,Birbhum,2019,Groundnut,Kharif,Red,35.52,27.9,1387.3,50.3,6.09,210.2,29.4,149.7,Urea,105.5,Sprinkler,2,Yes,Medium,43638,43746,108,2002,71111.04,34218,1215423.36,69.97,3760216.11
574,Madhya Pradesh,Dewas,2019,Rice,Zaid,Clayey,15.61,29.8,30,26.9,7.83,298.6,61.5,286.2,NPK,152.9,Flood,5,No,Medium,43565,43692,127,2981.29,46537.94,27835.82,434517.15,40.83,1465626.94
575,Telangana,Warangal,2016,Cotton,Kharif,Loamy,27.93,29.6,1029.3,58.7,6.48,275.9,41.7,176.9,Urea,173.4,Sprinkler,2,Yes,Low,42493,42689,196,2419.02,67563.23,28113.73,785216.48,78.93,4547549.26
576,Karnataka,Bengaluru Rural,2018,Mustard,Rabi,Loamy,35.85,24.1,111.2,50.5,6.67,248.3,58.5,240.8,Organic,184.9,Drip,10,No,Medium,43482,43611,129,1718.36,61603.21,32258.89,1156481.21,62.86,2715896.57
577,Bihar,Vaishali,2015,Moong,Zaid,Sandy,9.15,34.2,410.2,57.6,6.85,121.9,46.6,82.1,Mixed,189.7,Flood,5,No,Low,42116,42173,57,788.54,7215.14,38607.19,353255.79,79.23,218399.75
578,Gujarat,Surat,2020,Cotton,Kharif,Black,14.86,28.3,599.9,55,7.55,245.4,66.9,338.2,DAP,141.4,Drip,11,No,Low,43994,44151,157,1934.59,28748.01,39676.86,589598.14,95.12,2144912.57
579,Karnataka,Tumakuru,2016,Maize,Rabi,Black,18.11,22.5,190.4,53.4,7.75,276.6,48.2,331.3,Organic,269.7,Drip,9,No,High,42684,42806,122,4451.25,80612.14,36458.18,660257.64,27.67,1570280.27
580,Andhra Pradesh,Chittoor,2017,Maize,Kharif,Alluvial,20.83,30.1,1348.8,68.2,6.72,301.7,71.4,211.2,Organic,136.2,Flood,1,Yes,Low,42899,43011,112,4541.42,94597.78,31882.46,664111.64,24.3,1634614.41
581,Karnataka,Bengaluru Rural,2014,Jowar,Kharif,Black,32.99,23.5,935.1,85.9,7.31,292.4,62.2,331.1,NPK,204.9,Canal,4,No,Low,41830,41943,113,1537.5,50722.12,41027.6,1353500.52,33.95,368515.45
582,Madhya Pradesh,Vidisha,2022,Moong,Kharif,Alluvial,7.01,31.4,1349.7,79.4,6.84,290.3,80.2,250.7,DAP,125.1,Canal,2,Yes,Medium,44795,44858,63,900.23,6310.61,35354.25,247833.29,115.96,483945.05
583,Haryana,Karnal,2014,Wheat,Rabi,Clayey,14.83,21.1,269,68.5,6.95,231.9,62.7,254.3,DAP,93,Canal,6,Yes,Medium,41945,42083,138,4454.84,66065.28,34031.76,504691,23.17,1026041.54
584,Karnataka,Mysuru,2018,Maize,Kharif,Black,23.96,23.6,1093.1,59.7,7.17,286.9,61,334.9,DAP,149.4,Flood,3,No,Low,43260,43357,97,5010.28,120046.31,28607.6,685438.1,22.34,1996396.47
585,Andhra Pradesh,Prakasam,2013,Barley,Rabi,Black,5.95,27.6,341.8,51.2,7.58,286.1,43.6,309.8,NPK,147.1,Sprinkler,6,No,Low,41586,41702,116,2994.34,17816.32,37455.44,222859.87,23.37,193507.53
586,Gujarat,Banaskantha,2017,Barley,Rabi,Sandy,45.47,25.3,96.4,50.4,6.09,125.7,26.3,123.4,Organic,225.7,Sprinkler,10,No,Low,43041,43136,95,3118.51,141798.65,42273.72,1922186.05,23.83,1456875.78
587,Haryana,Kurukshetra,2014,Rice,Kharif,Alluvial,37.19,27.8,693,77.5,6.9,307.3,78.6,267.6,Organic,229.3,Sprinkler,4,Yes,Medium,41763,41915,152,4290.65,159569.27,42570.93,1583212.89,27.02,2728348.79
588,Gujarat,Junagadh,2015,Groundnut,Kharif,Clayey,10.05,24.7,761.7,66.4,7.5,237.4,56.9,291.2,Organic,213.8,Flood,1,Yes,High,42129,42236,107,1685.42,16938.47,27313.49,274500.57,69.42,901368.02
589,Karnataka,Mysuru,2013,Bajra,Kharif,Alluvial,44.63,33.8,726.1,64.4,6.98,298.2,69.6,245.6,Mixed,244.2,Sprinkler,4,Yes,Low,41511,41598,87,1349.16,60213.01,34465.97,1538216.24,30.85,319355.12
590,Odisha,Kalahandi,2017,Cotton,Kharif,Red,34.99,27.6,1106.4,41.3,6.73,227.9,49.8,165.8,Mixed,286.3,Sprinkler,6,Yes,Low,42871,43047,176,2136.09,74741.79,42993.57,1504345.01,80.36,4501905.23
591,Uttar Pradesh,Kanpur Nagar,2012,Bajra,Kharif,Sandy,22.17,24.9,915.4,71.9,6.69,140.3,35.2,109,NPK,175.9,Flood,2,No,High,41084,41184,100,1024,22702.08,23758.95,526735.92,28.05,110057.42
592,Tamil Nadu,Dindigul,2020,Groundnut,Kharif,Alluvial,25.44,33.3,1129.3,64.3,6.94,292.5,73.5,243.3,Mixed,143.6,Canal,1,No,Medium,43983,44093,110,1904.25,48444.12,30000.13,763203.31,75.81,2909345.43
593,Bihar,Bhagalpur,2016,Barley,Rabi,Alluvial,46.4,13.9,605.7,52,6.88,291.2,51.4,260.2,Organic,205.4,Sprinkler,6,No,Low,42649,42758,109,4067.84,188747.78,20549.21,953483.34,26.73,4091744.82
594,Rajasthan,Jaipur,2022,Moong,Zaid,Loamy,36.24,35.9,111.1,39.2,6.88,294.9,71.7,196.3,Mixed,294.4,Sprinkler,8,No,Low,44593,44670,77,834.74,30250.98,32661.38,1183648.41,112.97,2233804.8
595,Maharashtra,Solapur,2017,Moong,Zaid,Loamy,36.27,33.4,168.5,34.6,6.73,236.6,45.1,246,Urea,90.7,Drip,7,No,Low,42802,42874,72,961.37,34868.89,32480.02,1178050.33,92.39,2043486.42
596,Bihar,Samastipur,2022,Rice,Kharif,Clayey,8.2,28.5,1227.9,78.7,7.52,265.7,71.7,235.7,DAP,76.9,Canal,1,No,Medium,44727,44851,124,3603.28,29546.9,33651.43,275941.73,37.78,840340.15
597,Madhya Pradesh,Dewas,2017,Wheat,Rabi,Alluvial,1.54,23.1,89.1,54.9,7.4,261.1,71.1,227.5,Urea,128.4,Sprinkler,3,Yes,High,43106,43212,106,3764.24,5796.93,33392.91,51425.08,27.89,110251.3
598,Maharashtra,Satara,2012,Maize,Kharif,Silty,47.9,28.7,1181.4,79.9,7.07,233.4,64.6,282.2,Organic,162.8,Drip,4,Yes,High,41034,41139,105,4116.24,197167.9,31832.27,1524765.73,20.02,2422535.63
599,Haryana,Sirsa,2013,Rice,Kharif,Clayey,31.56,29.9,515.9,53.9,7.28,230.4,75.3,213,DAP,97.9,Sprinkler,5,No,Low,41492,41621,129,4401.96,138925.86,32381.03,1021945.31,25.03,2455368.97
600,Haryana,Karnal,2012,Wheat,Rabi,Black,11.68,21.4,134.9,54.6,7.48,255.1,50.4,305.7,Urea,62.9,Sprinkler,7,Yes,Low,41279,41374,95,4676.45,54620.94,38647.1,451398.13,22.25,763917.78
601,West Bengal,Birbhum,2022,Jowar,Rabi,Loamy,6.36,20.5,140.1,54.9,6.22,249.3,49.9,231.2,Organic,273,Sprinkler,7,Yes,Low,44869,44973,104,1612.66,10256.52,36178.76,230096.91,49.65,279139.31
602,Haryana,Karnal,2021,Wheat,Rabi,Alluvial,17.75,21.8,30,40.6,7.84,325.8,63.4,246.3,Urea,167.2,Sprinkler,10,No,Medium,44522,44644,122,4735.25,84050.69,37748.2,670030.55,32.49,2060776.37
603,Haryana,Panipat,2019,Mustard,Rabi,Sandy,40.83,21,338.4,51.9,5.98,166.1,20,90.1,Urea,98.4,Canal,6,No,Low,43739,43843,104,1303.04,53203.12,33467.24,1366467.41,69.85,2349770.52
604,Haryana,Kurukshetra,2016,Wheat,Rabi,Loamy,7.34,23.3,163.6,45.7,7.21,278.1,56.8,204.9,NPK,139.3,Sprinkler,6,Yes,Medium,42747,42862,115,3239.42,23777.34,37718.24,276851.88,26.15,344925.56
605,West Bengal,Hooghly,2018,Maize,Kharif,Black,35.3,27.9,2315.1,77.5,7.21,284.7,69.8,338.3,Mixed,243,Flood,1,No,Low,43264,43359,95,4173.16,147312.55,19826.24,699866.27,25.41,3043345.63
606,Madhya Pradesh,Sagar,2012,Rice,Rabi,Alluvial,15.09,23.3,80.1,43.8,7.2,281.7,58.2,249,Organic,265.8,Flood,5,No,Low,41279,41396,117,3071.74,46352.56,33813.28,510242.4,24.2,611489.55
607,Uttar Pradesh,Varanasi,2015,Rice,Kharif,Clayey,3.18,19.4,1055.1,75.2,6.96,299,41.7,234.6,Urea,105.3,Sprinkler,3,No,Low,42147,42302,155,3938.75,12525.22,33863.98,107687.46,25.16,207447.08
608,Haryana,Hisar,2019,Bajra,Kharif,Loamy,38.39,23.7,728.9,77.4,7.01,251.6,33,222.8,Urea,69.2,Flood,1,No,Medium,43651,43731,80,1060.43,40709.91,33078.46,1269882.08,41.27,410215.91
609,Karnataka,Belagavi,2020,Mustard,Rabi,Alluvial,25.41,23,464.1,34.2,7.09,268.8,87.8,245.5,DAP,61.1,Flood,7,No,Low,44180,44275,95,1723.09,43783.72,32858.08,834923.81,76.46,2512779.42
610,Punjab,Jalandhar,2018,Mustard,Rabi,Black,26.31,20,30,60.1,7.01,263.7,65.1,320.2,DAP,120.9,Drip,6,Yes,Low,43453,43580,127,1450.94,38174.23,27424.87,721548.33,67.14,1841469.47
611,Gujarat,Kheda,2015,Cotton,Kharif,Black,37.95,28.1,1077.1,71.6,7.25,287,47.4,321.3,DAP,66.3,Drip,6,Yes,Low,42186,42351,165,2412.64,91559.69,29075.5,1103415.23,68.91,5205963.01
612,Rajasthan,Alwar,2020,Rice,Rabi,Loamy,5.11,25.1,112.6,44.1,7.08,216.7,56.7,270.7,Organic,210.2,Sprinkler,7,Yes,Medium,44123,44269,146,2940.61,15026.52,38403.41,196241.43,37,359739.81
613,Rajasthan,Jaipur,2017,Jowar,Zaid,Black,44.88,33.2,90.7,40,7.42,273.2,69.7,300.2,DAP,147.4,Canal,5,Yes,Medium,42819,42934,115,1286.96,57758.76,38267.11,1717427.9,44.46,850526.57
614,Tamil Nadu,Thanjavur,2020,Mustard,Rabi,Clayey,47.66,24.1,30,48.4,7.27,233.6,64.4,272.5,Organic,166.4,Drip,8,No,Low,44212,44344,132,1274.68,60751.25,30694.69,1462908.93,77.89,3269005.93
615,Madhya Pradesh,Gwalior,2022,Soybean,Kharif,Loamy,44.59,26.1,1057.5,81.7,6.92,232.7,65.7,179.4,DAP,79.1,Drip,7,No,Medium,44757,44855,98,1578.34,70378.18,32512.99,1449754.22,68.64,3381004.06
616,Odisha,Mayurbhanj,2015,Maize,Kharif,Loamy,27.58,23.6,2331.2,72.8,6.26,228.6,56.1,214.9,NPK,93.6,Sprinkler,1,No,Low,42174,42304,130,4169.49,114994.53,26102.98,719920.19,24.98,2152643.17
617,Odisha,Cuttack,2019,Rice,Kharif,Red,13.27,27.2,1824,53.3,6.29,204.7,34.4,154.5,Mixed,172.7,Canal,1,Yes,Low,43619,43746,127,3332.04,44216.17,29232.68,387917.66,33.53,1094650.52
618,Karnataka,Tumakuru,2019,Groundnut,Kharif,Loamy,22.32,26.9,895.9,49.9,7.03,252.2,75.4,263.9,DAP,90.1,Flood,1,No,High,43679,43802,123,1641.26,36632.92,22458.91,501282.87,84.19,2582842.66
619,Tamil Nadu,Erode,2017,Rice,Kharif,Alluvial,8.15,33.1,1000.6,62.5,7.33,285.6,67.9,239.5,Organic,238.6,Drip,7,No,Low,42875,43026,151,4992.73,40690.75,30188.87,246039.29,29.85,968579.6
620,Haryana,Panipat,2018,Wheat,Rabi,Loamy,5.9,17.6,78.3,41.9,6.67,247,43.8,210.4,Organic,175.8,Canal,8,No,Low,43480,43617,137,4361.45,25732.56,32619.02,192452.22,29.36,563055.74
621,Uttar Pradesh,Meerut,2018,Groundnut,Kharif,Black,27.48,29.4,1083.1,61.9,7.29,269.5,48.4,301.2,Urea,144.3,Drip,8,No,Low,43292,43423,131,2091.67,57479.09,34681.59,953050.09,82.97,3815990.01
622,Karnataka,Belagavi,2022,Maize,Kharif,Sandy,47.66,27.7,994.4,59.4,6.42,149.1,43.7,110.4,NPK,217,Drip,8,Yes,Low,44775,44888,113,4915.65,234279.88,36803.42,1754051,32.75,5918615.07
623,West Bengal,Birbhum,2016,Maize,Kharif,Loamy,33.65,26.5,1492.7,65,6.84,227.4,69,206.2,DAP,137.4,Flood,4,No,Low,42564,42659,95,4796.45,161400.54,32446.53,1091825.73,27.35,3322479.04
624,Rajasthan,Sri Ganganagar,2012,Wheat,Rabi,Alluvial,48.3,25.2,150.7,41.3,7.17,246.9,85.3,221.8,DAP,144.2,Flood,2,No,Low,41249,41356,107,3601.72,173963.08,43201.59,2086636.8,25.7,2384214.36
625,Maharashtra,Kolhapur,2021,Soybean,Kharif,Silty,1.2,25.1,1057,69.7,7.04,286.1,71.5,181.8,DAP,116.4,Sprinkler,5,No,Medium,44350,44449,99,1356.23,1627.48,24188.01,29025.61,68.11,81822.05
626,Karnataka,Belagavi,2019,Jowar,Kharif,Sandy,32.13,25,1021.8,75.2,6.34,140.6,20.7,96.5,Organic,278.1,Canal,5,No,High,43686,43809,123,1043.02,33512.23,37436.81,1202844.71,42.95,236505.57
627,Andhra Pradesh,Krishna,2012,Maize,Zaid,Alluvial,18.83,32.9,30,26.8,7.24,288.3,70.4,255,Mixed,175.5,Drip,7,No,Low,41024,41124,100,4036.99,76016.52,41808.03,787245.2,21.48,845589.65
628,Gujarat,Ahmedabad,2016,Bajra,Kharif,Sandy,6.11,27.5,806.7,72.4,6.89,172.2,38.9,148.3,NPK,137.5,Sprinkler,3,No,Low,42603,42707,104,1618.67,9890.07,38139.96,233035.16,34.79,111040.38
629,Uttar Pradesh,Gorakhpur,2018,Maize,Kharif,Loamy,49.77,24.8,974.9,62.9,6.43,229.4,57.4,244.4,NPK,168.8,Drip,7,No,Medium,43325,43433,108,5359.2,266727.38,24753.45,1231979.21,25.93,5684261.75
630,Odisha,Cuttack,2013,Groundnut,Kharif,Clayey,42.66,26.5,2008.7,54.1,7.13,272.7,52.4,303.3,Organic,221.4,Sprinkler,1,No,Low,41510,41644,134,1533.44,65416.55,23693.08,1010746.79,57.9,2776871.46
631,Madhya Pradesh,Gwalior,2019,Soybean,Kharif,Red,0.88,31,821,71.7,6.25,202.6,62.4,172.6,NPK,207.1,Canal,1,No,Medium,43597,43716,119,1540.74,1355.85,39676.88,34915.65,64.05,51926.54
632,Gujarat,Vadodara,2020,Cotton,Rabi,Alluvial,39.63,26.5,77.5,40.4,7.06,294.6,75.7,249.8,Organic,264,Flood,1,Yes,Low,44218,44383,165,1964.82,77865.82,42069.39,1667209.93,95.27,5751066.74
633,Telangana,Mahbubnagar,2017,Rice,Kharif,Alluvial,47,30.2,943.4,56.5,5.99,306.9,73.4,233.4,NPK,196,Flood,1,Yes,Medium,42954,43103,149,4527.83,212808.01,34631.36,1627673.92,32.4,5267305.6
634,Maharashtra,Nagpur,2018,Jowar,Kharif,Black,41.95,27,988.5,80.1,7.16,262.8,51.5,336.8,Mixed,123.7,Sprinkler,2,Yes,Medium,43243,43341,98,1404.31,58910.8,28679.37,1203099.57,41.06,1215777.88
635,Uttar Pradesh,Prayagraj,2015,Wheat,Kharif,Loamy,49.18,33.8,853.1,73.4,7.01,301,76.9,203.8,Mixed,284.1,Flood,2,No,Low,42156,42290,134,3309.31,162751.87,32409.27,1593887.9,27.36,2859003.26
636,West Bengal,Bankura,2014,Maize,Zaid,Alluvial,32.1,31,825.6,37,7.38,277.4,88.2,201.7,DAP,115.9,Drip,2,No,Low,41737,41851,114,4825.29,154891.81,30463.9,977891.19,22.21,2462255.91
637,Andhra Pradesh,Krishna,2013,Cotton,Kharif,Loamy,19.84,25.3,987.5,85.4,6.7,225.3,42.9,245.8,Organic,132.4,Flood,1,No,Medium,41464,41625,161,1925.94,38210.65,35964.87,713543.02,73.78,2105638.74
638,Karnataka,Bengaluru Rural,2018,Rice,Zaid,Loamy,1,25.7,435.6,55.6,6.49,228.5,77.3,217.1,DAP,113.4,Sprinkler,4,Yes,Low,43204,43338,134,3182.13,3182.13,37746.42,37746.42,34.74,72800.78
639,Uttar Pradesh,Agra,2013,Moong,Zaid,Alluvial,30.5,31,70.7,47.6,6.02,298,46.7,253.5,Organic,145.3,Flood,3,No,Medium,41384,41473,89,836.3,25507.15,29549.88,901271.34,77.94,1086755.93
640,Haryana,Panipat,2014,Bajra,Zaid,Silty,10.39,27.2,179.2,41.4,7,273.7,71,219.9,DAP,131.6,Canal,7,No,Medium,41712,41825,113,1287.6,13378.16,29292.47,304348.76,30.05,97664.95
641,Gujarat,Junagadh,2022,Bajra,Kharif,Sandy,20.22,29.4,618.4,68.3,6.93,156.6,46.8,91.6,DAP,110.4,Sprinkler,8,No,High,44761,44862,101,1260.27,25482.66,25963.34,524978.73,42.88,567717.73
642,Haryana,Ambala,2017,Soybean,Kharif,Loamy,35.98,26,591.5,81.4,6.68,212,48.9,183.5,DAP,64.5,Drip,7,Yes,Low,42908,43021,113,1932.82,69542.86,40097.65,1442713.45,60.1,2736812.44
643,Madhya Pradesh,Vidisha,2021,Mustard,Rabi,Black,28.91,23.3,266.3,31.3,7.58,335.9,42.9,306.2,Urea,123.3,Drip,8,No,Low,44571,44704,133,1676.45,48466.17,32308.74,934045.67,74.3,2666990.76
644,West Bengal,Birbhum,2022,Mustard,Rabi,Alluvial,8.97,21,535.7,62.2,7.12,289.1,70.5,263.7,NPK,86.6,Canal,3,Yes,Low,44867,44993,126,1743.65,15640.54,36618.92,328471.71,76.51,868186.01
645,Gujarat,Kheda,2015,Groundnut,Kharif,Red,17.2,27.6,822.6,88.2,6.19,180.1,20.5,166.9,Urea,161,Drip,7,No,Low,42139,42257,118,2625.88,45165.14,37365.02,642678.34,70.66,2548690.45
646,Punjab,Amritsar,2019,Wheat,Rabi,Clayey,19.97,15.7,519.8,54.9,7.61,285.6,65.2,255.4,NPK,91.2,Drip,6,Yes,Medium,43810,43927,117,4691.24,93684.06,36765.83,734213.63,32.71,2330191.97
647,Bihar,Nalanda,2019,Barley,Zaid,Loamy,43.14,30.4,30,38.6,6.61,238.6,58.3,230.6,Organic,155.8,Sprinkler,11,Yes,Medium,43544,43645,101,2365.26,102037.32,34224.36,1476438.89,27.91,1371422.71
648,Bihar,Samastipur,2015,Rice,Kharif,Red,4.21,29.8,1252.3,66.1,6.24,171.9,28,151.3,Organic,161.6,Sprinkler,4,Yes,Medium,42203,42313,110,2469.75,10397.65,26666.06,112264.11,28.47,183756.99
649,Gujarat,Kheda,2016,Mustard,Rabi,Clayey,32.03,22.9,30,41.2,6.72,268.8,50.8,250.1,Urea,150.4,Canal,3,No,High,42648,42763,115,1042.4,33388.07,43236.02,1384849.72,70.72,976354.59
650,Telangana,Nizamabad,2022,Soybean,Kharif,Clayey,24.64,27.8,1188.6,67.8,7.52,280.9,56.8,250.2,Urea,61.6,Flood,1,No,Low,44697,44790,93,1523.18,37531.16,25215.99,621321.99,68.8,1960821.82
651,Gujarat,Vadodara,2021,Jowar,Kharif,Black,19.59,29.3,894.9,67.2,7.6,280.7,44.5,301.8,Urea,161.7,Sprinkler,4,Yes,Low,44400,44519,119,1627.46,31881.94,33697.5,660134.02,46.34,817275.08
652,Karnataka,Dharwad,2018,Maize,Kharif,Loamy,44.76,31,963.8,79.7,6.96,239.3,46.6,200.6,Urea,115.3,Drip,5,Yes,Low,43300,43396,96,4410.6,197418.46,31191.22,1396119.01,27.27,3987482.39
653,Uttar Pradesh,Kanpur Nagar,2012,Maize,Kharif,Alluvial,3.13,24.9,807.4,52.9,6.96,265.2,53.7,243.5,DAP,93.1,Sprinkler,8,No,Low,41047,41142,95,5686.56,17798.93,24539.21,76807.73,19.1,263151.83
654,Rajasthan,Bharatpur,2013,Wheat,Rabi,Red,5.9,27.2,30,56.1,6.09,166,45.6,178,NPK,104.7,Canal,8,No,Low,41588,41695,107,3480.91,20537.37,27657.3,163178.07,27.8,407760.82
655,Punjab,Bathinda,2013,Rice,Kharif,Loamy,19.9,25.8,670.5,59.2,7.15,258.8,47.8,215.3,Mixed,120.2,Canal,5,No,Low,41463,41577,114,3692.6,73482.74,33783.94,672300.41,28.07,1390360.1
656,Telangana,Nizamabad,2014,Maize,Kharif,Loamy,8.95,27.8,793.8,50.1,7.03,232.1,64.5,202.9,NPK,139.9,Drip,8,No,Low,41856,41946,90,5696.77,50986.09,33968.5,304018.07,21.77,805949.11
657,Odisha,Khurda,2021,Maize,Kharif,Loamy,26.5,28.8,1894.6,70.6,6.94,251.3,58.8,234,Organic,251,Flood,1,No,Medium,44363,44460,97,4190,111035,33761,894666.5,28.46,2265389.6
658,Uttar Pradesh,Bareilly,2013,Wheat,Rabi,Alluvial,41.47,24.9,460.8,35.4,7.28,320.5,67.9,252.9,Mixed,151.5,Drip,5,No,Low,41663,41780,117,5559.19,230539.61,35512.18,1472690.1,20.8,3322533.79
659,Rajasthan,Bharatpur,2020,Jowar,Rabi,Red,33.14,24.6,192.2,61.6,6.29,210.8,58.5,119.7,Mixed,245.6,Flood,7,No,Low,44200,44307,107,1578.86,52323.42,34575.64,1145836.71,39.72,932449.53
660,Uttar Pradesh,Prayagraj,2019,Wheat,Rabi,Clayey,43.92,23.1,30,52.1,7.22,248.2,61.9,282.6,Organic,151,Sprinkler,8,Yes,High,43842,43950,108,3283.57,144214.39,25989.99,1141480.36,32.56,3554140.18
661,West Bengal,Uttar Dinajpur,2020,Rice,Rabi,Alluvial,41.79,26.4,30,69,7.32,303.2,95.6,252.9,NPK,212.3,Sprinkler,6,Yes,Low,44178,44325,147,3566.37,149038.6,44312.39,1851814.78,34.03,3219968.78
662,Haryana,Kurukshetra,2019,Mustard,Rabi,Alluvial,15.53,19.8,84.1,58.3,7.12,288.7,53.3,252.7,Urea,116,Flood,6,No,Low,43739,43865,126,1547.56,24033.61,29297.72,454993.59,71.53,1264130.53
663,Rajasthan,Kota,2016,Wheat,Rabi,Alluvial,12.95,22.5,120.5,55.2,6.85,277.6,53.1,215.3,DAP,50.5,Drip,6,No,Low,42645,42771,126,4377.1,56683.44,41653.76,539416.19,27.29,1007474.89
664,Gujarat,Banaskantha,2020,Groundnut,Rabi,Loamy,14.89,24.1,226.9,51.2,6.9,279.9,55.3,213.2,Urea,179.5,Drip,10,No,Low,44127,44244,117,2427.43,36144.43,30596.83,455586.8,91.45,2849821.32
665,Punjab,Moga,2017,Rice,Kharif,Alluvial,40.32,29.1,638.9,85.8,7.55,282.6,73.4,231.3,DAP,109.7,Sprinkler,6,No,Low,42951,43077,126,4521.31,182299.22,35880.28,1446692.89,33.07,4581942.32
666,Uttar Pradesh,Lucknow,2016,Wheat,Rabi,Alluvial,5.25,24.6,184.8,45.1,7.74,302.8,73,244.6,NPK,156.4,Canal,3,No,Low,42653,42784,131,4062.08,21325.92,29879.31,156866.38,25.45,385878.28
667,West Bengal,Bardhaman,2019,Mustard,Rabi,Alluvial,41.19,19.4,365,57.5,6.75,303.1,87.1,224,DAP,133,Drip,5,Yes,Medium,43741,43839,98,1572.37,64765.92,33786.03,1391646.58,66.57,2919820.71
668,Andhra Pradesh,Chittoor,2017,Barley,Rabi,Clayey,44.81,23.8,185.5,42.6,6.85,281.6,61.4,255.1,Mixed,128.8,Flood,3,Yes,Medium,43031,43139,108,3082.39,138121.9,33799.79,1514568.59,25.77,2044832.77
669,West Bengal,Nadia,2016,Mustard,Rabi,Sandy,12.74,20.8,718.7,48.9,6.26,154,31.7,116.3,Organic,130.7,Drip,6,No,Low,42755,42862,107,1589.49,20250.1,36979.39,471117.43,60.69,757861.14
670,Haryana,Fatehabad,2012,Bajra,Kharif,Loamy,41.17,26.4,367.8,64.2,6.36,285.3,73.6,255.8,NPK,217.6,Sprinkler,4,No,Medium,41039,41139,100,1343.07,55294.19,32530.4,1339276.57,30.41,342219.75
671,West Bengal,Uttar Dinajpur,2022,Groundnut,Kharif,Red,14.86,23,1795.5,62.3,6.99,204.6,25.6,123.5,Urea,121.4,Canal,2,Yes,Medium,44717,44832,115,1658.8,24649.77,30341.91,450880.78,85.5,1656674.56
672,West Bengal,Murshidabad,2021,Soybean,Kharif,Black,1.05,30.9,2071.1,69.4,7.39,279.1,33.3,297.9,NPK,100.7,Canal,1,Yes,Low,44331,44447,116,1405.4,1475.67,26152.8,27460.44,57.95,58054.64
673,Rajasthan,Jaipur,2022,Mustard,Rabi,Alluvial,17.77,27.8,155.3,52.1,7.2,271.7,55.7,210.3,NPK,118.8,Flood,1,Yes,High,44900,45024,124,1001.25,17792.21,32090.55,570249.07,74.88,762031.61
674,Bihar,Samastipur,2020,Wheat,Rabi,Alluvial,3.88,22,256.9,59.4,7.05,269.3,58.9,231.6,Urea,93.4,Canal,3,Yes,Medium,44180,44320,140,4136.66,16050.24,37169.6,144218.05,29.58,330548.05
675,Telangana,Siddipet,2018,Moong,Zaid,Loamy,29.43,32.3,212.6,53.9,6.9,242.6,70.4,185,DAP,62.9,Sprinkler,6,No,Low,43207,43295,88,1096.65,32274.41,34896.15,1026993.69,88.46,1828000.62
676,Telangana,Medak,2013,Rice,Rabi,Loamy,5.72,22.2,138.6,33.5,6.94,255.4,77.9,230.6,NPK,210.8,Flood,4,No,Low,41569,41685,116,3410.2,19506.34,36720.47,210041.09,25.34,284249.57
677,Uttar Pradesh,Varanasi,2018,Bajra,Kharif,Alluvial,16.4,25.7,885,49.8,7.36,316.6,74.7,252,NPK,186.9,Flood,1,No,Medium,43244,43323,79,1309.88,21482.03,30481.06,499889.38,36.87,292153.07
678,Bihar,Nalanda,2018,Wheat,Rabi,Black,40.78,21.9,482,30.3,7.48,341.9,71.2,330.5,NPK,175,Canal,2,No,Low,43413,43539,126,4662.9,190153.06,31387.16,1279968.38,31.85,4776406.58
679,Odisha,Balasore,2013,Soybean,Kharif,Black,17.37,26.8,1440.1,76.2,7.44,306.6,55.8,334.9,Organic,177.5,Drip,3,No,Low,41427,41525,98,1570.72,27283.41,36072.62,626581.41,47.47,668562.06
680,West Bengal,Uttar Dinajpur,2015,Barley,Rabi,Alluvial,43.76,19.7,436.2,53.6,7.13,330.1,86.8,268.7,Mixed,270.7,Canal,4,Yes,Medium,42350,42484,134,5134.13,224669.53,36377.51,1591879.84,23.45,3676620.64
681,Andhra Pradesh,Krishna,2014,Groundnut,Kharif,Loamy,19.83,31.6,1282.2,85.8,6.67,276,56,143,DAP,52.3,Sprinkler,6,Yes,Medium,41792,41926,134,1882.95,37338.9,26898.19,533391.11,59.35,1682672.61
682,Gujarat,Rajkot,2014,Moong,Kharif,Clayey,32.83,26.1,890.7,54.2,7.75,299.3,76.3,280.7,Mixed,239.5,Sprinkler,3,No,Low,41833,41891,58,1044.41,34287.98,33201.1,1089992.11,84.65,1812485.4
683,Punjab,Firozpur,2018,Rice,Kharif,Clayey,24.93,24.4,481.3,51.7,7.96,237.3,83.3,265.5,DAP,142.4,Flood,3,No,Medium,43258,43403,145,3980.88,99243.34,30921.98,770884.96,33.21,2524986.36
684,Odisha,Khurda,2017,Moong,Zaid,Clayey,25.08,33.8,189.5,48.1,7.78,250.7,59.2,260.8,NPK,212.5,Drip,9,Yes,Low,42828,42918,90,992.26,24885.88,40340.53,1011740.49,89.02,1203600.55
685,Madhya Pradesh,Sagar,2018,Cotton,Kharif,Red,34.26,28.5,909.2,64.9,6.4,191.2,47.1,156.6,Organic,243.8,Canal,1,Yes,Medium,43252,43405,153,2030.67,69570.75,33895.41,1161256.75,106.89,6275160.72
686,Bihar,Patna,2020,Maize,Kharif,Alluvial,17.91,24.4,1174.9,46.2,6.94,274.5,68.6,265.9,Mixed,127.6,Sprinkler,6,No,Low,43996,44113,117,5373.37,96237.06,31411.43,562578.71,29.34,2261016.63
687,Gujarat,Kheda,2012,Maize,Kharif,Loamy,40.72,29.5,1045.6,64.1,7.12,209.8,54.5,233.8,Mixed,109.2,Flood,1,No,Medium,41145,41269,124,4510.25,183657.38,37088.81,1510256.34,17.93,1782720.48
688,Haryana,Karnal,2014,Soybean,Kharif,Alluvial,12.88,25,521.8,53.8,7.34,309.1,90.2,258.4,Mixed,179.6,Drip,5,No,Medium,41800,41898,98,1638.33,21101.69,32747.36,421786,56.4,768349.32
689,Tamil Nadu,Madurai,2019,Groundnut,Zaid,Sandy,16.28,31.5,30,57.4,7.16,138.1,38.4,93.7,DAP,128,Sprinkler,4,No,Low,43511,43630,119,1957.16,31862.56,45359.31,738449.57,80.47,1825530.63
690,Tamil Nadu,Thanjavur,2012,Maize,Kharif,Sandy,37.22,32.6,1260.2,84.7,6.75,164.1,20.4,122,Urea,169.4,Sprinkler,7,Yes,Medium,41130,41225,95,3626.72,134986.52,30267.52,1126557.09,20.19,1598820.75
691,Maharashtra,Solapur,2013,Rice,Rabi,Alluvial,26.86,25.1,242.5,39.7,7.05,274.9,51.3,214.8,NPK,86.2,Canal,7,Yes,Low,41560,41694,134,3333.41,89535.39,32517.29,873414.41,29.45,1763402.83
692,Odisha,Khurda,2013,Soybean,Zaid,Sandy,48.04,31.6,304.1,48.9,6.68,145.3,57.3,92.1,NPK,160.2,Flood,1,Yes,Medium,41351,41470,119,1247.91,59949.6,31933.78,1534098.79,48.53,1375255.3
693,Karnataka,Dharwad,2014,Jowar,Kharif,Silty,18.4,23.2,1266.1,59.4,6.72,276.4,71.3,272.2,Mixed,159.2,Sprinkler,5,Yes,Medium,41823,41928,105,1483.67,27299.53,29081.73,535103.83,34.12,396356.13
694,West Bengal,Malda,2022,Barley,Rabi,Loamy,24.27,23.6,616.6,34.8,6.68,245.3,68.5,230.8,NPK,144.8,Sprinkler,6,No,Low,44904,45010,106,3478.52,84423.68,42564.9,1033050.12,31.51,1627140.04
695,Telangana,Nizamabad,2018,Rice,Zaid,Alluvial,43.52,33.6,30,25,7.19,285.7,61.2,228.3,Organic,190.5,Sprinkler,5,No,Low,43208,43338,130,3701.15,161074.05,36030.67,1568054.76,33.49,3826315.17
696,Uttar Pradesh,Lucknow,2022,Rice,Rabi,Clayey,2.58,25.1,253.7,49.2,7.77,238.7,65.4,274.6,Organic,149.5,Sprinkler,5,No,Low,44869,45020,151,4006.01,10335.51,35914.55,92659.54,38.43,304534.11
697,Bihar,Purnia,2012,Bajra,Zaid,Sandy,25.59,28.9,121.9,57,6.45,180.5,45.5,131.7,Mixed,243.7,Drip,8,Yes,Medium,40961,41058,97,1222.76,31290.43,42499.05,1087550.69,29.23,-172931.42
698,Haryana,Hisar,2015,Rice,Kharif,Silty,17.08,20.1,710.2,85.5,6.73,241.7,69.9,239.5,NPK,202.6,Sprinkler,4,No,Low,42219,42370,151,4050.83,69188.18,29247.38,499545.25,30.55,1614153.65
699,Maharashtra,Kolhapur,2019,Bajra,Kharif,Loamy,25.78,27.8,1209,65.9,6.79,257.4,43.1,218.6,Urea,169.4,Sprinkler,5,No,Low,43648,43741,93,1455.62,37525.88,29457.4,759411.77,40.45,758510.08
700,Odisha,Kalahandi,2015,Cotton,Kharif,Silty,27.18,25.7,1908.3,47.2,6.95,257.7,55.5,251.3,Organic,272.8,Canal,1,No,High,42168,42366,198,1822.63,49539.08,35235.89,957711.49,76.52,2833018.91
701,Gujarat,Rajkot,2015,Soybean,Zaid,Black,22.72,34.8,30,30.4,7.14,288.9,43.3,298,Mixed,115.3,Flood,1,No,Low,42047,42172,125,1373.66,31209.56,38422.39,872956.7,52.51,765857.3
702,Maharashtra,Ahmednagar,2021,Jowar,Zaid,Red,16.04,30.1,497.9,26.4,6.03,220.2,43.6,176.4,Mixed,233.2,Sprinkler,5,No,Medium,44252,44368,116,1774.36,28460.73,43537.77,698345.83,43.79,547949.54
703,Haryana,Kurukshetra,2018,Groundnut,Kharif,Silty,37.27,29.8,567.4,58.4,6.8,244,59.2,227.2,Organic,146.7,Canal,3,No,Low,43257,43386,129,2203.11,82109.91,45845.9,1708676.69,68.24,3894503.57
704,Uttar Pradesh,Agra,2018,Wheat,Rabi,Loamy,17.17,26.8,232.5,34.8,6.51,289.5,51.4,219.7,Urea,108.3,Drip,5,No,Medium,43479,43596,117,3944.41,67725.52,28727.78,493255.98,31.85,1663801.83
705,Telangana,Mahbubnagar,2021,Soybean,Kharif,Clayey,14.82,27.6,1014.6,55.1,7.87,296.5,76.6,292.5,NPK,207.5,Canal,1,No,Medium,44340,44452,112,1450.84,21501.45,48967.33,725695.83,65.15,675123.64
706,Karnataka,Belagavi,2014,Barley,Rabi,Sandy,22.21,18.6,204.6,44.9,6.64,178.2,36,106.7,Mixed,218.6,Sprinkler,8,Yes,Medium,41917,42012,95,3047.94,67694.75,38680.67,859097.68,22.57,668772.83
707,Tamil Nadu,Tiruchirappalli,2013,Maize,Kharif,Loamy,21.81,30.6,1010.4,55.7,6.28,273.1,55.5,242.8,NPK,124.6,Flood,1,Yes,Low,41496,41606,110,4136.41,90215.1,30392.72,662865.22,19.6,1105350.74
708,West Bengal,Malda,2014,Rice,Kharif,Black,24.67,32.2,1916.6,68.3,7.42,299,46.7,308.3,Organic,273.6,Drip,1,No,Low,41791,41939,148,4205.45,103748.45,37173.75,917076.41,31.49,2349962.28
709,Telangana,Nalgonda,2017,Rice,Zaid,Clayey,22.5,31.9,374.2,44.9,7.94,261.2,44.4,262.7,Urea,159.7,Drip,7,Yes,Low,42840,42983,143,3945.57,88775.32,34990.01,787275.23,31.09,1972749.47
710,Maharashtra,Amravati,2016,Maize,Kharif,Alluvial,22.95,30.9,1131.2,61,7.23,315.2,63,236.7,Urea,147.3,Sprinkler,1,No,Low,42502,42597,95,4056.13,93088.18,40449.62,928318.78,25.3,1426812.17
711,Bihar,Muzaffarpur,2017,Jowar,Kharif,Loamy,43.67,25.2,886.1,69.1,6.93,264.6,64.4,240,Organic,271.9,Canal,3,Yes,Medium,42923,43048,125,1599.82,69864.14,31368.55,1369864.58,34.36,1030667.27
712,Madhya Pradesh,Gwalior,2016,Cotton,Kharif,Loamy,0.66,26.5,1125.5,48.8,7.24,271.3,44.5,222.7,Urea,136.2,Flood,4,No,Low,42592,42750,158,2060.68,1360.05,29556.51,19507.3,78.14,86767.01
713,Haryana,Fatehabad,2020,Mustard,Rabi,Loamy,43.96,25.8,30,49.4,6.57,254.7,58.3,213.9,Mixed,146.9,Flood,5,No,Low,44185,44304,119,1146.55,50402.34,35573.36,1563804.91,75.05,2218890.71
714,Telangana,Nizamabad,2016,Soybean,Kharif,Black,21.27,30,1500.5,71.1,7.47,287.6,40,333.9,DAP,59.7,Sprinkler,1,No,Low,42569,42689,120,1277.52,27172.85,28966.66,616120.86,57.14,936535.79
715,Karnataka,Haveri,2015,Groundnut,Kharif,Silty,42.09,27,1005,55.2,7.26,227.4,79,237.3,DAP,119.7,Canal,5,No,Medium,42207,42314,107,2009.59,84583.64,36802.91,1549034.48,62.8,3762818.11
716,Telangana,Siddipet,2021,Cotton,Kharif,Alluvial,40.55,29.5,1219,61.6,6.77,333.1,85,238,Mixed,254.4,Canal,1,No,Low,44361,44514,153,2010.42,81522.53,44693.77,1812332.37,104.97,6745087.6
717,Maharashtra,Satara,2016,Jowar,Kharif,Red,39.09,31.2,916.4,53.6,5.61,190.5,42.6,172.9,DAP,94.8,Flood,1,No,Low,42572,42664,92,1312.61,51309.92,33385.81,1305051.31,39.73,733491.81
718,Haryana,Sirsa,2014,Mustard,Kharif,Red,18.42,25.4,354.7,67.5,6.09,164.9,45.7,155.2,DAP,126.7,Flood,4,No,Medium,41854,41970,116,1623.81,29910.58,37458.21,689980.23,54.57,942240.12
719,Madhya Pradesh,Ujjain,2020,Cotton,Kharif,Alluvial,42.35,28.2,1405.6,66.3,6.89,329.1,58.4,255.4,NPK,110.2,Drip,7,No,Medium,43994,44165,171,2024.17,85723.6,37482.62,1587388.96,87.17,5885137.25
720,Odisha,Cuttack,2020,Cotton,Kharif,Loamy,32.94,30,1779.1,76.2,6.93,272.3,45.2,232.8,Urea,64.1,Canal,1,No,Medium,44013,44177,164,1511.16,49777.61,32742.52,1078538.61,96.52,3725996.31
721,Uttar Pradesh,Kanpur Nagar,2013,Wheat,Rabi,Clayey,10.12,19.2,30,49,7.34,259.4,75.9,283.4,Mixed,221,Canal,5,No,Low,41640,41735,95,4191.67,42419.7,43115.12,436325.01,26.52,688645.43
722,Andhra Pradesh,Nellore,2017,Cotton,Kharif,Alluvial,5.11,30.5,1189.5,70.3,7.58,285.5,84.1,252.2,DAP,146.9,Canal,6,Yes,Medium,42954,43110,156,1698.32,8678.42,33102.19,169152.19,76.03,490668.08
723,Maharashtra,Solapur,2019,Cotton,Kharif,Black,11.59,24.4,1032.5,71.4,7.26,325.5,68.2,325,NPK,213.2,Canal,3,No,Medium,43678,43859,181,1969.5,22826.5,30522,353749.98,89.32,1685113
724,Punjab,Jalandhar,2015,Maize,Kharif,Loamy,29.87,24.2,595.7,76.1,6.88,253.7,54.9,228.9,Organic,135.3,Canal,4,No,Low,42196,42295,99,5684.38,169792.43,31679.25,946259.2,24.32,3183092.7
725,Haryana,Ambala,2018,Mustard,Rabi,Red,16.41,20.7,172,44.2,5.64,237.8,52.6,151.1,DAP,91.2,Drip,7,No,Medium,43406,43532,126,1267.91,20806.4,31560.24,517903.54,72.69,994513.68
726,Andhra Pradesh,West Godavari,2012,Maize,Kharif,Black,25.96,28.4,794.3,67.1,8.02,273.2,77.5,279.2,DAP,145.9,Canal,1,No,Low,41139,41260,121,5100.74,132415.21,34369.84,892241.05,21.24,1920258.01
727,Telangana,Warangal,2013,Cotton,Kharif,Loamy,44.33,28.8,910.1,62.3,7.18,209.5,48.7,243.5,Organic,146.6,Drip,6,No,Low,41400,41583,183,2228.42,98785.86,31599.49,1400805.39,65.43,5062753.43
728,Karnataka,Belagavi,2022,Jowar,Kharif,Red,26.36,27.7,945.5,66.6,6.5,203.7,47.2,119.2,DAP,61.8,Sprinkler,2,Yes,High,44786,44876,90,1181.23,31137.22,31190.1,822171.04,48.02,673038.26
729,Andhra Pradesh,Anantapur,2021,Groundnut,Kharif,Red,46.39,30.1,1128.1,72.8,6.54,203,61.1,143.5,Mixed,220.9,Sprinkler,5,Yes,Low,44367,44490,123,2315.15,107399.81,27947.46,1296482.67,80.25,7322352.08
730,Bihar,Gaya,2014,Cotton,Kharif,Loamy,10.36,26.6,1519.6,57.7,7,261.5,64,198,NPK,89.4,Flood,1,Yes,High,41857,42016,159,1660.36,17201.33,35696.15,369812.11,70.64,845289.84
731,Haryana,Fatehabad,2017,Wheat,Rabi,Clayey,14.09,15.7,69,43.8,7.66,300.9,73.7,251.3,Mixed,276.7,Flood,1,Yes,Low,43020,43155,135,3396.21,47852.6,41853.82,589720.32,31.43,914286.9
732,Andhra Pradesh,Krishna,2014,Mustard,Rabi,Sandy,10.86,25.2,328.8,54.9,6.9,153.6,36,107.6,Mixed,155.4,Canal,5,No,Medium,41992,42124,132,1618.63,17578.32,35357.3,383980.28,59.26,657710.96
733,Punjab,Bathinda,2015,Wheat,Rabi,Loamy,21.56,18.4,216.5,56.8,6.65,212.3,49,218.4,DAP,57.8,Canal,5,Yes,High,42324,42419,95,3915.91,84427.02,29338.97,632548.19,25.28,1501766.88
734,Karnataka,Haveri,2016,Groundnut,Kharif,Red,44.22,28.8,1204.8,64.8,6.11,180.9,34.1,178.5,NPK,129.7,Drip,6,Yes,Medium,42607,42731,124,1857.01,82116.98,37200.27,1644995.94,66.77,3837954.81
735,Telangana,Nizamabad,2014,Bajra,Kharif,Red,32.78,27.1,1113.3,61.6,6.15,200.6,45.8,169.8,NPK,177.3,Canal,5,Yes,Low,41869,41972,103,1387.78,45491.43,25274.66,828503.35,26.73,387482.57
736,Uttar Pradesh,Agra,2017,Barley,Rabi,Alluvial,9.36,22.5,125.3,49.3,7.48,290.7,69.8,257.3,Mixed,275.3,Sprinkler,6,Yes,High,43107,43241,134,3202.16,29972.22,27767.18,259900.8,26.34,529567.47
737,Bihar,Patna,2015,Maize,Kharif,Loamy,2.16,24.9,1326.2,65.4,6.72,222.4,80.7,217.1,DAP,141.6,Sprinkler,1,Yes,Low,42196,42292,96,4802.79,10374.03,36087.68,77949.39,22.76,158163.53
738,Rajasthan,Hanumangarh,2018,Wheat,Rabi,Alluvial,37.62,26.4,30,41.5,7.06,266.3,78.8,269.6,NPK,219.6,Canal,4,Yes,Medium,43392,43488,96,3134.13,117905.97,37849.63,1423903.08,29.95,2107380.72
739,West Bengal,Murshidabad,2012,Maize,Kharif,Black,16.05,27.3,1704.5,62,7.08,301,55.1,300.3,NPK,196.8,Drip,1,No,Low,41065,41160,95,4556.64,73134.07,37836.11,607269.57,20.43,886859.48
740,Telangana,Khammam,2015,Soybean,Kharif,Alluvial,21.11,28.7,1147.2,67.1,7.31,296.4,80.6,241.9,Mixed,244.4,Canal,1,Yes,Low,42208,42308,100,1470.37,31039.51,27653.28,583760.74,54.5,1107892.56
741,West Bengal,Bardhaman,2013,Rice,Kharif,Loamy,9.06,25.9,1461.1,62.8,7.3,248.9,54.3,226.4,NPK,86.2,Canal,4,No,Medium,41458,41579,121,3611.22,32717.65,22722.29,205863.95,27.9,706958.48
742,Bihar,Patna,2016,Rice,Kharif,Alluvial,16.22,24.3,1351.4,63.8,7.15,263.7,65,222.3,Organic,138.6,Flood,1,No,Low,42509,42648,139,4417.6,71653.47,34162.58,554117.05,29.72,1575424.08
743,West Bengal,Bardhaman,2014,Mustard,Rabi,Alluvial,37.5,20.5,426.7,54.3,7.06,285.2,74.8,275.7,DAP,133.7,Flood,3,No,Medium,41936,42046,110,1610.53,60394.88,41126.9,1542258.75,65.16,2393071.63
744,Bihar,Gaya,2016,Wheat,Rabi,Loamy,48.97,19.5,384.4,46.5,6.64,244.3,59.7,227.2,NPK,111.6,Flood,4,No,Low,42693,42808,115,4421.92,216541.42,26131.78,1279673.27,25.08,4151185.54
745,Rajasthan,Hanumangarh,2016,Wheat,Rabi,Alluvial,49.69,27.6,78.2,36.4,7.3,277.7,62.3,225.9,Urea,64.4,Flood,4,Yes,Medium,42756,42894,138,2940.08,146092.58,33022.5,1640888.02,26.41,2217417.02
746,Maharashtra,Kolhapur,2022,Jowar,Rabi,Loamy,26.09,22.1,30,51,6.53,259.6,56.4,204.8,Urea,91,Drip,10,Yes,Low,44898,45020,122,1383.04,36083.51,39582.2,1032699.6,52.44,859519.66
747,West Bengal,Nadia,2019,Rice,Kharif,Alluvial,8.36,27.9,1817.1,71.3,6.9,283.1,59.7,275.2,Organic,171.6,Drip,3,No,Low,43699,43846,147,4956.51,41436.42,33050.06,276298.5,38.66,1325633.5
748,Karnataka,Haveri,2017,Groundnut,Kharif,Sandy,29.88,30.8,924.5,60.6,6.98,173.5,40,108.2,Mixed,137.2,Canal,1,No,Low,42922,43051,129,2312.34,69092.72,33989.77,1015614.33,75.85,4225068.48
749,Bihar,Samastipur,2018,Maize,Kharif,Black,21.34,29,1114.3,72.7,7.49,285.8,52.3,267.2,DAP,54,Drip,4,Yes,High,43297,43412,115,4097.08,87431.69,30235.99,645236.03,28.42,1839572.6
750,Odisha,Bargarh,2021,Cotton,Kharif,Black,33.34,28.9,2000.4,52,7.6,239.8,53,307.3,Mixed,139.7,Flood,1,Yes,High,44397,44591,194,1345.04,44843.63,29451.22,981903.67,95.85,3316358.27
751,Odisha,Khurda,2013,Maize,Rabi,Clayey,15.72,27,460.7,37.6,7.3,278.7,57.9,270.5,NPK,80.1,Sprinkler,5,No,Low,41652,41752,100,4492.3,70618.96,33626.69,528611.57,20.1,890829.53
752,Uttar Pradesh,Lucknow,2015,Maize,Rabi,Loamy,45.69,23.2,197.3,36.2,6.89,251.8,48.8,212.6,Urea,101.4,Flood,5,No,Low,42339,42459,120,4306.08,196744.8,32492.99,1484604.71,23.65,3168409.81
753,West Bengal,Birbhum,2019,Mustard,Rabi,Loamy,30.05,18.4,541,45,6.78,233.4,76.5,227.7,NPK,188.3,Canal,3,No,High,43780,43883,103,1337.86,40202.69,37029.2,1112727.46,66.33,1553916.97
754,West Bengal,Hooghly,2014,Soybean,Kharif,Loamy,2.22,27.1,1861.9,56,7.42,264.8,56.6,225.3,Urea,111.1,Canal,2,No,Low,41770,41884,114,1474.29,3272.92,23990.23,53258.31,55.16,127275.96
755,Maharashtra,Nagpur,2014,Soybean,Kharif,Loamy,34.47,27.2,1458.6,53.5,6.68,241.6,56.3,227.3,NPK,192.5,Canal,4,No,Low,41771,41867,96,1458.26,50266.22,36475.2,1257300.14,54.76,1495278.07
756,Punjab,Moga,2022,Moong,Kharif,Sandy,39.16,30,1012.1,63.7,6.12,131.3,33.5,119.7,Organic,216.6,Sprinkler,3,Yes,Medium,44756,44827,71,876.91,34339.8,42105,1648831.8,121.04,2507657.59
757,Bihar,Vaishali,2020,Moong,Kharif,Loamy,10.28,27.3,994.5,60,6.93,238.3,57.9,240.5,Organic,144.1,Sprinkler,6,No,Low,44061,44140,79,1108.02,11390.45,31714,326019.92,113.74,969529.86
758,Telangana,Siddipet,2018,Rice,Kharif,Loamy,33.91,30.1,1310.8,83.5,6.78,265.9,62.9,235.6,Organic,262.3,Sprinkler,3,Yes,Medium,43327,43460,133,3860.65,130914.64,45428.04,1540464.84,34.95,3035001.83
759,Odisha,Khurda,2020,Maize,Kharif,Alluvial,12.81,22.5,2066.9,50.8,7.4,303.8,63.7,266.7,Organic,215.3,Canal,1,Yes,Low,44054,44163,109,4193.12,53713.87,30903.9,395878.96,29.95,1212851.45
760,Haryana,Hisar,2014,Barley,Rabi,Alluvial,2.51,26,262.1,50.4,7.1,301.7,59.2,232.3,Mixed,148.8,Canal,3,No,Medium,41985,42109,124,4118.07,10336.36,30360,76203.6,24.14,173316.13
761,Gujarat,Junagadh,2012,Wheat,Zaid,Clayey,1.61,34.6,101.2,44.1,7.37,259.7,43,266.4,Organic,174,Canal,3,Yes,Medium,40952,41079,127,2648.48,4264.05,36643.89,58996.66,23.01,39119.13
762,Bihar,Bhagalpur,2022,Mustard,Rabi,Sandy,34.87,23.4,527,45,6.7,129.6,52.1,116.3,DAP,149.5,Flood,6,Yes,Medium,44841,44972,131,1386.54,48348.65,30759.19,1072572.96,80.02,2796286.01
763,Punjab,Firozpur,2021,Maize,Rabi,Alluvial,0.75,22.3,320.8,47.4,6.75,269.1,56.7,260.9,Organic,216.7,Sprinkler,6,Yes,High,44509,44631,122,4492.29,3369.22,35663.62,26747.72,32.16,81606.4
764,Madhya Pradesh,Indore,2018,Soybean,Kharif,Black,36.54,27.1,1302.4,77.6,7.35,264.1,31.4,293,Urea,62.2,Sprinkler,3,Yes,Low,43285,43389,104,1329.28,48571.89,30366.21,1109581.31,61.25,1865446.95
765,Andhra Pradesh,Chittoor,2021,Cotton,Kharif,Black,42.79,25.7,1079.9,68.9,6.94,268.5,66.1,286.5,DAP,84.1,Canal,1,No,Low,44426,44576,150,2123.59,90868.42,34007.39,1455176.22,90.32,6752059.47
766,Karnataka,Dharwad,2020,Mustard,Rabi,Alluvial,37.53,25.5,528.7,25,7.42,283.9,75.5,248,Organic,221,Flood,1,Yes,Medium,44126,44257,131,1610.64,60447.32,29360.6,1101903.32,65.94,2883992.96
767,Tamil Nadu,Erode,2016,Maize,Kharif,Black,37.69,30.6,742.3,73.9,7.48,257.9,44.9,332.5,Mixed,133.3,Drip,7,No,Low,42495,42624,129,5600.88,211097.17,39946.04,1505566.25,26.46,4080064.87
768,Rajasthan,Hanumangarh,2015,Groundnut,Kharif,Clayey,38.46,29,339.5,67.9,6.77,265.4,55.4,224.2,Urea,85.4,Flood,1,No,Low,42128,42253,125,2140.02,82305.17,29430.42,1131893.95,61.26,3910120.76
769,Bihar,Samastipur,2020,Maize,Rabi,Alluvial,25.36,21.9,312.3,54.5,6.74,293.9,63.1,278.3,Organic,226.3,Sprinkler,3,No,Medium,44176,44289,113,5200.71,131890.01,26465.63,671168.38,27.11,2904369.79
770,Tamil Nadu,Dindigul,2015,Barley,Rabi,Alluvial,32.98,24.8,414.6,47.9,6.86,269.3,67.3,228.3,NPK,120.4,Canal,4,No,Low,42375,42481,106,3435.51,113303.12,40323.3,1329862.43,20.57,1000782.75
771,West Bengal,Murshidabad,2018,Groundnut,Kharif,Clayey,30.18,26.9,2228.2,51.9,7.75,280,59.2,246.5,Mixed,144.8,Drip,1,Yes,Medium,43272,43373,101,1761.08,53149.39,32237.43,972925.64,63.29,2390899.25
772,Bihar,Samastipur,2012,Rice,Kharif,Clayey,27.83,25.1,1399.4,55.7,7,268.4,56.7,217.4,DAP,52.3,Canal,4,No,Medium,41143,41258,115,3984.69,110893.92,39532.44,1100187.81,27.24,1920562.57
773,Telangana,Nizamabad,2014,Cotton,Kharif,Loamy,23.23,27.4,1221,46.3,7.01,229.9,60.4,204.2,DAP,63.3,Canal,1,Yes,Low,41874,42036,162,1630.41,37874.42,32167.34,747247.31,67.89,1824047.06
774,West Bengal,Uttar Dinajpur,2015,Mustard,Zaid,Black,34.26,25.7,329.3,52.3,7.99,286.7,39,317.8,Urea,89.4,Drip,5,Yes,Medium,42055,42171,116,1197.37,41021.9,23616.31,809094.78,62.31,1746979.81
775,Maharashtra,Amravati,2018,Rice,Kharif,Alluvial,41.47,26.1,951,57.9,7.38,313.6,70.5,255.9,Mixed,229.4,Canal,4,Yes,Low,43243,43402,159,4572.92,189638.99,26009.16,1078599.87,35.57,5666859
776,Punjab,Sangrur,2018,Mustard,Rabi,Loamy,38.02,20.9,289.9,50.2,6.71,271,75.3,206.8,NPK,140,Sprinkler,8,Yes,Low,43488,43615,127,1888.44,71798.49,32786.86,1246556.42,63.57,3317673.59
777,Andhra Pradesh,Krishna,2014,Maize,Rabi,Loamy,37.75,23.8,76.5,37,7.12,229.1,54.1,214.1,DAP,59.7,Canal,1,Yes,Medium,41959,42062,103,4050.42,152903.36,33483.34,1263996.08,20.96,1940858.35
778,Odisha,Bargarh,2017,Maize,Kharif,Clayey,11.44,29.5,1732.8,79.1,7.31,263.7,54.7,274.3,Mixed,107.1,Drip,4,No,Low,42935,43042,107,4657.91,53286.49,40331.74,461395.11,25.12,877161.52
779,Gujarat,Junagadh,2016,Cotton,Kharif,Clayey,7.75,27.7,808,65.8,7.2,303,72,268,NPK,174.3,Flood,1,No,Low,42567,42762,195,2401.03,18607.98,38480.19,298221.47,82.68,1240286.32
780,Rajasthan,Ajmer,2016,Mustard,Kharif,Loamy,24.11,31.2,425.2,54.9,7.23,249.2,36.3,238.1,Organic,161.5,Canal,5,No,Medium,42556,42688,132,1317.04,31753.83,31864.93,768263.46,64.81,1289702.26
781,Uttar Pradesh,Prayagraj,2022,Wheat,Rabi,Alluvial,1.2,21.9,478.3,49.4,7.09,326.2,46.1,227.5,Urea,164.5,Canal,6,No,Low,44908,45034,126,5541.45,6649.74,36143.3,43371.96,30.51,159511.61
782,Haryana,Sirsa,2015,Rice,Kharif,Alluvial,42.08,26.8,516,56.9,6.72,263.5,60.5,256,DAP,99.9,Drip,5,No,Medium,42145,42267,122,4203.58,176886.65,32484.67,1366954.91,27.76,3543418.49
783,Telangana,Nizamabad,2015,Maize,Kharif,Black,48.54,27.2,854,68.7,7.39,258.3,71.3,322.7,DAP,105.3,Drip,7,No,Low,42202,42296,94,7103.21,344789.81,40961.76,1988283.83,22.94,5921194.41
784,Punjab,Moga,2021,Cotton,Kharif,Red,27.82,26.8,769.6,71.4,6.39,180.7,25.1,153.3,Urea,87.4,Sprinkler,6,Yes,Medium,44370,44561,191,1861.81,51795.55,23455.49,652531.73,98.64,4456581.32
785,Haryana,Rohtak,2013,Bajra,Kharif,Alluvial,16.28,23,755.5,60.7,6.83,308.4,89.7,249.6,Mixed,252.3,Drip,4,Yes,Low,41433,41523,90,1337.68,21777.43,34082.89,554869.45,27.82,50978.65
786,West Bengal,Murshidabad,2015,Soybean,Kharif,Black,36.14,29,2245.2,66.1,7.11,291,59.8,320.8,Mixed,197.4,Drip,2,Yes,Medium,42142,42245,103,1149.21,41532.45,39714.54,1435283.48,52.51,745585.47
787,Karnataka,Dharwad,2021,Jowar,Kharif,Black,25.95,22.1,924.8,85.3,7.37,301.8,51.9,311.3,NPK,164.2,Canal,1,Yes,Low,44325,44463,138,1640.94,42582.39,26295.42,682366.15,48.22,1370956.7
788,West Bengal,Malda,2016,Jowar,Kharif,Alluvial,44.72,27.7,1973.1,47.4,6.99,293.1,59.2,264.6,Organic,276.4,Sprinkler,4,Yes,High,42572,42690,118,1437.95,64305.12,32507.69,1453743.9,37.53,959627.25
789,Tamil Nadu,Nagapattinam,2019,Rice,Kharif,Alluvial,39.05,29.6,1233.1,69.2,7.04,279.2,72,256.8,NPK,127.9,Flood,1,No,Medium,43650,43815,165,4305,168110.25,33486.56,1307650.17,37.16,4939326.72
790,Odisha,Balasore,2015,Maize,Kharif,Clayey,38.44,27.9,1778.1,64,7.42,280.2,66,238.9,Mixed,142.1,Flood,2,Yes,Medium,42220,42329,109,3758.41,144473.28,29784.99,1144935.02,23.15,2199621.41
791,Telangana,Khammam,2017,Rice,Kharif,Alluvial,3.24,29.7,781.4,50.1,6.97,318.7,72.9,267.4,NPK,158.9,Canal,2,Yes,Medium,42931,43060,129,3637.08,11784.14,35122.92,113798.26,31.77,260583.87
792,Maharashtra,Kolhapur,2022,Jowar,Zaid,Red,16.43,29.7,258.5,35.9,5.89,223,34.5,144,Urea,139.4,Drip,10,No,Low,44615,44717,102,1981.37,32553.91,40761.03,669703.72,50.21,964828.1
793,Odisha,Mayurbhanj,2017,Soybean,Kharif,Silty,47.63,30.5,2203.4,63.8,6.96,269,53.5,254,Organic,158.9,Canal,1,No,Low,42956,43052,96,1238.55,58992.14,39358.48,1874644.4,56.37,1450742.53
794,Punjab,Jalandhar,2019,Rice,Zaid,Clayey,23.86,33.6,30,59.9,7.05,255.7,60.7,271.6,DAP,77.6,Drip,11,No,Low,43500,43613,113,3244.99,77425.46,43885.03,1047096.82,33.36,1535816.53
795,Bihar,Muzaffarpur,2017,Moong,Zaid,Sandy,28.06,32.1,30,49.8,6.26,142.5,39.7,133.4,Mixed,140,Sprinkler,5,Yes,Low,42785,42859,74,925.74,25976.26,38010.76,1066581.93,92.49,1335962.36
796,Telangana,Khammam,2012,Rice,Kharif,Silty,23.31,25.8,1218.3,62,7.12,275.5,68.1,252.6,NPK,184.6,Flood,1,No,Low,41102,41261,159,4544.41,105930.2,33923.85,790764.94,26.17,1981428.39
797,Gujarat,Vadodara,2022,Moong,Kharif,Clayey,45.69,24.9,717.1,68.6,7.13,273.7,68.7,259.9,NPK,139.8,Drip,5,No,Medium,44686,44748,62,941.18,43002.51,25397.71,1160421.37,122.22,4095345.4
798,Odisha,Cuttack,2020,Rice,Kharif,Silty,23.55,26.6,1558.5,60.1,7.34,223.6,54.3,207.8,Urea,150.2,Sprinkler,1,Yes,Medium,44063,44214,151,3705.62,87267.35,27804.62,654798.8,35.15,2412648.55
799,Bihar,Gaya,2022,Rice,Kharif,Clayey,1.43,23.2,955,67.7,7.21,303.4,61.5,277.8,NPK,204.5,Canal,3,No,Low,44790,44949,159,4646.51,6644.51,39504.65,56491.65,41.13,216797.05
800,Madhya Pradesh,Sagar,2018,Wheat,Rabi,Clayey,9.85,25.8,503.9,49,7.36,275.4,42.7,252.4,Urea,152.4,Flood,3,Yes,Medium,43452,43576,124,3982.27,39225.36,21723.53,213976.77,31.86,1035743.2
801,Uttar Pradesh,Lucknow,2016,Rice,Kharif,Clayey,33.08,29.1,913,80.2,6.74,230.1,68,237.9,Mixed,169.7,Flood,2,No,Low,42515,42633,118,4009.16,132623.01,37739.09,1248409.1,29.43,2654686.08
802,Madhya Pradesh,Jabalpur,2014,Cotton,Kharif,Red,1.76,29,1006.9,75.2,5.83,163.1,40.9,145.4,Organic,142,Canal,3,Yes,High,41815,41987,172,1401.78,2467.13,34551.19,60810.09,76.65,128295.42
803,Telangana,Nizamabad,2018,Rice,Kharif,Loamy,8.56,29.5,912.6,89,6.38,227.9,64.7,262.3,Organic,134.9,Drip,5,No,Low,43331,43493,162,4135.93,35403.56,29565.05,253076.83,33.09,918426.97
804,Punjab,Ludhiana,2018,Mustard,Rabi,Sandy,32.7,20.8,178.3,50.1,5.95,159.2,32.3,126.2,Organic,189.5,Drip,11,Yes,Medium,43446,43560,114,1388.16,45392.83,41913.89,1370584.2,74.26,2000287.36
805,Odisha,Mayurbhanj,2019,Wheat,Zaid,Clayey,34.91,32.3,639.4,47.5,7.02,272.9,46.4,255.7,Urea,81.3,Flood,1,No,Low,43526,43630,104,2920.96,101970.71,31407.34,1096430.24,29.65,1927001.31
806,Odisha,Ganjam,2017,Jowar,Kharif,Loamy,1.91,24.5,1552.2,74.9,6.95,242.8,59.6,244.6,NPK,167.5,Sprinkler,1,Yes,High,42954,43063,109,974.68,1861.64,34088.86,65109.72,41.64,12408.97
807,Punjab,Firozpur,2012,Jowar,Kharif,Red,1.24,31.3,708.3,62.7,6.33,195.7,44.8,160.9,NPK,186.8,Drip,7,Yes,Medium,41123,41247,124,1514.96,1878.55,26477.69,32832.34,32.39,28013.89
808,Madhya Pradesh,Bhopal,2018,Moong,Kharif,Alluvial,23.74,28,1204,70.4,6.71,291.3,67.5,251.1,Urea,162.8,Canal,1,Yes,Medium,43330,43413,83,928.96,22053.51,28312.68,672143.02,104.48,1632007.7
809,Rajasthan,Sri Ganganagar,2017,Mustard,Rabi,Clayey,11.66,26.1,74.8,47.3,7.31,279.7,54.5,271.8,Mixed,139.3,Flood,2,Yes,Low,43024,43150,126,1439.57,16785.39,34788.96,405639.27,66.78,715289.07
810,Haryana,Hisar,2018,Rice,Kharif,Loamy,38.11,25.3,499.9,65,7.21,215.2,58.3,220.3,DAP,82.9,Sprinkler,3,Yes,High,43287,43443,156,2805.29,106909.6,39054.44,1488364.71,31.26,1853629.39
811,Uttar Pradesh,Prayagraj,2018,Maize,Kharif,Black,41.85,28,953.1,60,7.6,301.3,50.7,315,Organic,247.1,Drip,3,Yes,High,43244,43358,114,3896.69,163076.48,37210.46,1557257.75,27.67,2955068.45
812,Madhya Pradesh,Ujjain,2018,Maize,Kharif,Alluvial,27.52,25.1,1070.1,58.2,7.33,323.3,69.7,247.1,Mixed,181.1,Sprinkler,2,Yes,High,43288,43418,130,4819.8,132640.9,32011.02,880943.27,28.55,2905954.42
813,Haryana,Panipat,2022,Jowar,Zaid,Black,38.28,29.7,40.4,42.5,7.42,264.5,54.6,322.4,NPK,188.1,Sprinkler,7,Yes,Low,44601,44712,111,1537.17,58842.87,33042.5,1264866.9,54.42,1937362.09
814,Rajasthan,Kota,2017,Groundnut,Kharif,Red,15.7,25.6,451.7,25.8,6.45,189,23.6,152.9,Organic,139.2,Sprinkler,5,Yes,Medium,42863,42992,129,2564.24,40258.57,35681.09,560193.11,70.94,2295749.85
815,Maharashtra,Nashik,2020,Cotton,Kharif,Red,28.36,26.9,1223.7,75.7,6.02,183.7,31.8,115.2,Urea,153.1,Flood,1,No,Low,43987,44180,193,1827.74,51834.71,43048.24,1220848.09,83.35,3099574.99
816,Tamil Nadu,Coimbatore,2020,Maize,Kharif,Sandy,42.24,30.8,1248.8,66.8,6.78,125.7,25,149.9,Organic,228.9,Flood,1,No,Medium,43994,44094,100,4745.55,200452.03,35088.05,1482119.23,26.41,3811818.88
817,Odisha,Ganjam,2020,Bajra,Kharif,Sandy,23.67,33.8,1813.4,54.8,6.29,145.5,28.6,106.4,DAP,89,Canal,3,No,Low,44014,44114,100,1230.37,29122.86,31097.3,736073.09,38.73,391855.28
818,Uttar Pradesh,Kanpur Nagar,2012,Wheat,Rabi,Clayey,24.31,24.8,303.5,46.7,7.06,306.2,78,273.4,Mixed,291.9,Flood,1,No,Low,41237,41371,134,4416.52,107365.6,38919.95,946143.98,22.61,1481392.24
819,Uttar Pradesh,Lucknow,2018,Groundnut,Kharif,Clayey,6.61,26.6,899.4,49.7,7.19,235.2,50,278.2,Organic,156.2,Canal,1,Yes,High,43259,43381,122,1840.02,12162.53,29424.45,194495.61,70.82,666854.76
820,Bihar,Gaya,2015,Maize,Rabi,Clayey,11.99,24.6,784.4,58.2,7.17,300.2,57.2,241,Mixed,162.2,Canal,1,No,Low,42298,42395,97,5831.82,69923.52,31046.25,372244.54,21.26,1114329.5
821,Karnataka,Tumakuru,2013,Groundnut,Kharif,Loamy,29.46,27.7,992.1,67.5,6.98,246.7,73.5,218.2,NPK,197.3,Canal,2,No,Low,41464,41566,102,2659.91,78360.95,31402.9,925129.43,55.71,3440359.09
822,Bihar,Nalanda,2016,Rice,Kharif,Sandy,43.33,26,1076.3,70.6,6.6,188.5,47.9,128.2,NPK,197.1,Drip,7,Yes,High,42559,42724,165,3219.27,139490.97,35564.26,1540999.39,30.44,2705105.74
823,Rajasthan,Bikaner,2016,Mustard,Rabi,Silty,11.46,25.9,106.2,44.9,6.49,254.7,46.9,230.6,Organic,136.2,Canal,7,Yes,Medium,42716,42816,100,1011,11586.06,33289.46,381497.21,71.86,451077.06
824,Maharashtra,Solapur,2013,Moong,Zaid,Alluvial,29.72,36.3,30,48.5,7.18,302.3,67,254.4,Mixed,203.8,Drip,8,Yes,High,41383,41462,79,675.03,20061.89,34323.32,1020089.07,77.27,530093.17
825,Odisha,Cuttack,2021,Rice,Zaid,Loamy,32.53,35.1,30,57.2,7.08,256.6,61.9,222.3,Mixed,184.4,Sprinkler,5,No,Low,44308,44463,155,3287.2,106932.62,33122.66,1077480.13,41.59,3369847.54
826,Karnataka,Raichur,2021,Jowar,Kharif,Black,14.97,27.9,1203.2,53.8,7.47,287.4,46.1,279.9,Urea,128,Drip,6,No,Low,44430,44521,91,1706.84,25551.39,39040.78,584440.48,52.58,759051.61
827,Maharashtra,Pune,2019,Jowar,Kharif,Red,38.55,26.2,1343.6,73,6.27,193.1,48.9,167.5,DAP,94.6,Sprinkler,2,No,Low,43658,43763,105,1372.25,52900.24,32890.06,1267911.81,41.13,907875.06
828,Uttar Pradesh,Lucknow,2020,Groundnut,Kharif,Black,16.17,29.6,685.3,65.5,7.6,286.1,33.8,299,Urea,161.4,Flood,3,Yes,High,44068,44190,122,1734.54,28047.51,30153.7,487585.33,74.51,1602234.64
829,Rajasthan,Kota,2013,Mustard,Rabi,Alluvial,44.84,25.1,47.4,49.2,7.65,295.8,61.9,209.1,Urea,91.8,Canal,1,Yes,Medium,41603,41722,119,1337.51,59973.95,42202.45,1892357.86,62.63,1863810.63
830,Odisha,Ganjam,2014,Maize,Kharif,Black,4.98,23.5,1611.5,41.6,7.48,273.4,50.2,334.3,Mixed,135.6,Drip,5,Yes,Medium,41845,41970,125,5128.59,25540.38,28495.39,141907.04,20.71,387034.23
831,Andhra Pradesh,West Godavari,2016,Rice,Kharif,Alluvial,22.41,31,1224.9,54.7,7.25,295.1,80.2,215.2,DAP,111.3,Flood,1,Yes,High,42534,42650,116,4076.18,91347.19,31493.76,705775.16,33.89,2389981.11
832,Punjab,Bathinda,2020,Wheat,Zaid,Loamy,1.11,29,53.7,48.6,7.3,253.2,40.3,225.9,Urea,165,Flood,5,No,Low,43884,43993,109,3261.1,3619.82,42459.66,47130.22,31.39,66495.93
833,Madhya Pradesh,Indore,2021,Cotton,Kharif,Black,37.47,25.5,921.3,47.4,6.87,290.9,56.1,326.8,Mixed,216.2,Canal,3,No,Medium,44361,44522,161,2307.54,86463.52,33244.48,1245670.67,94.65,6938101.5
834,Bihar,Vaishali,2016,Maize,Kharif,Red,39.88,25.1,1049.2,79.3,6.35,180.4,44.2,115.3,DAP,57.7,Flood,3,Yes,Medium,42532,42656,124,3584.28,142941.09,20451.7,815613.8,23.2,2500619.49
835,Andhra Pradesh,Kurnool,2013,Moong,Zaid,Black,23.53,32.3,293.4,44.9,7.65,274.2,48.7,351.4,Organic,249.2,Flood,1,No,Medium,41351,41426,75,781.74,18394.34,31929.82,751308.66,74.43,617782.07
836,Gujarat,Rajkot,2016,Groundnut,Zaid,Red,33.26,37.4,210.6,48.6,6.48,212.4,59.8,162.3,NPK,178.6,Flood,3,No,High,42480,42611,131,1953.14,64961.44,34007.53,1131090.45,70.97,3479222.95
837,Rajasthan,Bikaner,2017,Maize,Rabi,Black,29.58,23.6,133.3,28.2,7.32,280.4,52.2,307.4,Mixed,162.9,Sprinkler,7,No,Low,43105,43229,124,4784.49,141525.21,34751.7,1027955.29,25.11,2525742.73
838,Odisha,Cuttack,2021,Rice,Kharif,Loamy,16.92,25.9,1703.6,66.2,6.47,273.4,48.1,221.4,Urea,160.3,Drip,4,No,Low,44355,44503,148,4698.3,79495.24,37510,634669.2,35.62,2196951.25
839,Haryana,Kurukshetra,2021,Mustard,Rabi,Sandy,35.51,22.1,30,45.8,6.09,125.3,25,77.3,Urea,161.7,Flood,5,No,Low,44584,44709,125,1082.25,38430.7,38912.47,1381781.81,90.06,2079287.03
840,Rajasthan,Hanumangarh,2013,Rice,Kharif,Loamy,34.29,29.3,398.8,69.3,6.71,254.3,50.7,226.5,Organic,203.8,Drip,4,No,Low,41405,41543,138,4562.03,156432.01,37621.09,1290027.18,28.07,3101019.34
841,Haryana,Ambala,2012,Moong,Zaid,Loamy,32.01,27.3,30,51.6,6.51,249.6,79.2,203.5,Mixed,212.7,Flood,4,No,High,40978,41034,56,838.03,26825.34,38611.82,1235964.36,78.2,861777.23
842,Karnataka,Belagavi,2020,Maize,Kharif,Silty,25.61,28.9,786.3,80.1,6.99,256.5,55.6,186.6,Mixed,135.4,Flood,1,No,Low,44002,44115,113,3946.3,101064.74,42179.82,1080225.19,30.16,1967887.37
843,Telangana,Siddipet,2012,Soybean,Zaid,Red,25.13,31.5,90,62.1,6.18,191.2,20.3,149,Organic,175.8,Drip,6,No,Low,40949,41057,108,1269.68,31907.06,37492.22,942179.49,44.66,482789.81
844,Andhra Pradesh,Kurnool,2021,Bajra,Zaid,Sandy,12.35,32.3,420.6,66.6,6.16,130.6,29.7,122.2,Organic,227,Flood,4,Yes,Low,44299,44402,103,1368.4,16899.74,38060.91,470052.24,39.65,200022.45
845,Telangana,Siddipet,2015,Mustard,Rabi,Loamy,37.97,22.8,702.6,55,6.9,226.6,53.3,238.4,Organic,255.6,Canal,4,No,Low,42391,42523,132,1709.28,64901.36,37304.87,1416465.91,55.7,2198539.84
846,West Bengal,Hooghly,2016,Maize,Kharif,Loamy,30.68,25.9,1414.1,62.3,7.03,225.7,52.7,197.7,NPK,91.5,Canal,1,Yes,Low,42595,42712,117,4693.18,143986.76,25160.09,771911.56,24.09,2696729.49
847,Rajasthan,Hanumangarh,2016,Jowar,Rabi,Black,32.23,22.9,55,50.3,7.26,296.8,57.7,302.9,DAP,139.2,Flood,1,Yes,Medium,42650,42745,95,1184.52,38177.08,33668.36,1085131.24,36.7,315967.6
848,Bihar,Patna,2020,Wheat,Zaid,Alluvial,34.22,31.2,30,58.6,7.07,279.6,72.6,257.4,NPK,183.4,Sprinkler,9,Yes,Low,43908,44006,98,3765.4,128851.99,33656.57,1151727.83,32.31,3011479.97
849,Punjab,Bathinda,2013,Maize,Kharif,Loamy,10.7,26.3,425.5,80.2,6.6,249.5,50.9,211.7,NPK,108.9,Canal,7,Yes,Medium,41458,41561,103,4791.78,51272.05,36243.73,387807.91,22.28,754533.36
850,Bihar,Muzaffarpur,2016,Wheat,Rabi,Silty,30.14,21.8,263.9,53.5,7.77,290.2,58.9,196.5,Urea,104.6,Flood,3,Yes,Medium,42710,42829,119,3203.19,96544.15,36019.08,1085615.07,25.66,1391707.82
851,Andhra Pradesh,Nellore,2018,Groundnut,Rabi,Sandy,42.21,22.3,30,50.3,6.58,186.4,35.3,112.9,NPK,176.6,Sprinkler,9,No,Low,43441,43558,117,2296.8,96947.93,32575.66,1375018.61,76.05,5997871.47
852,Madhya Pradesh,Vidisha,2016,Soybean,Kharif,Black,3.79,31.2,1288.3,68.1,6.95,287.5,48.4,335.4,Organic,222,Canal,1,No,Low,42587,42691,104,1593.26,6038.46,42131.84,159679.67,60.73,207036.01
853,Tamil Nadu,Erode,2014,Bajra,Kharif,Red,20.05,28.3,1094.4,61.9,6.56,186.7,48.4,141.1,DAP,78.5,Drip,1,Yes,Medium,41861,41970,109,979.12,19631.36,36892.51,739694.83,25.12,-246555.07
854,Madhya Pradesh,Bhopal,2020,Barley,Rabi,Black,38.25,26.3,365,46,7.15,236.7,46.5,339.5,Organic,137.8,Drip,8,No,Low,44120,44245,125,4897.83,187342,33922.81,1297547.48,27.73,3897446.18
855,Odisha,Cuttack,2015,Cotton,Kharif,Red,36.38,25,1944.6,56.1,6.71,172.7,26.6,169.8,Organic,226.1,Flood,1,No,Low,42236,42435,199,1936.49,70449.51,27369.89,995716.6,80.18,4652925.11
856,Punjab,Ludhiana,2014,Maize,Zaid,Red,11.65,27.8,33,53.2,6.5,217.5,31.7,137.9,Organic,182.6,Drip,9,No,Low,41713,41815,102,4136.2,48186.73,34598.97,403078,21.97,655584.46
857,West Bengal,Hooghly,2017,Mustard,Rabi,Sandy,3.31,21.1,578.4,48.5,6.68,124,40.6,107.9,Mixed,157.6,Sprinkler,5,No,Low,43016,43149,133,1490.62,4933.95,34160.73,113072.02,70.45,234524.76
858,West Bengal,Murshidabad,2018,Soybean,Kharif,Clayey,28.35,29.9,1678.1,69,7.58,279.3,48.8,250.7,Urea,168.2,Drip,4,Yes,Medium,43293,43385,92,1114.84,31605.71,32057.31,908824.74,68.1,1243524.11
859,Telangana,Medak,2021,Rice,Kharif,Clayey,22.76,30.4,898.1,66.2,7.34,290.8,74.3,292.5,NPK,211.2,Canal,3,Yes,Medium,44317,44468,151,4363.05,99303.02,41012.29,933439.72,37.99,2839082.01
860,Bihar,Purnia,2022,Maize,Kharif,Sandy,48.17,26.8,1334.1,65.1,6.42,134.3,33.4,97.5,NPK,155.1,Flood,1,Yes,Low,44789,44888,99,3833.44,184656.8,32919.12,1585714.01,31.22,4179271.29
861,Maharashtra,Solapur,2014,Soybean,Kharif,Silty,6.69,31.9,678.9,75.9,6.9,276.7,84.9,220.4,NPK,179.5,Canal,6,Yes,Low,41792,41911,119,1585.74,10608.6,35800.46,239505.08,45.5,243186.22
862,West Bengal,Bankura,2015,Bajra,Kharif,Clayey,12.68,27.6,1840.8,72.1,6.8,272.7,60.1,252.9,NPK,130.9,Flood,1,No,Low,42231,42330,99,1196.49,15171.49,38307.18,485735.04,35.41,51487.42
863,Bihar,Purnia,2021,Rice,Rabi,Clayey,5.88,27.2,557.2,50.5,7.45,282,71.2,258.3,NPK,132.5,Canal,3,No,Low,44545,44690,145,4040.06,23755.55,34074.35,200357.18,38.68,718507.49
864,West Bengal,Uttar Dinajpur,2016,Jowar,Zaid,Red,9.43,30.1,589.6,42.7,5.86,226.2,28,145.6,Urea,100.5,Canal,3,Yes,High,42431,42533,102,1251.08,11797.68,41442.46,390802.4,37.6,52790.37
865,Bihar,Gaya,2019,Rice,Zaid,Clayey,16.91,30.7,30,39.4,7.08,287.1,75.8,288.5,Organic,245.9,Drip,4,Yes,Low,43576,43688,112,4502.21,76132.37,36821.55,622652.41,34.84,2029799.36
866,Haryana,Sirsa,2017,Rice,Kharif,Loamy,14.84,22.9,599.5,55.6,6.9,254.6,59.6,224,DAP,108.3,Flood,1,Yes,Medium,42867,43016,149,2898.56,43014.63,28450.14,422200.08,32.32,968032.76
867,Haryana,Ambala,2014,Wheat,Rabi,Red,48.82,21.4,83.5,53.8,6.23,227.9,56.1,155,Mixed,225.7,Flood,3,Yes,Medium,42010,42140,130,3004.55,146682.13,40867.8,1995166,23.53,1456264.52
868,West Bengal,Nadia,2019,Rice,Kharif,Red,46.58,27.7,1624.5,52.7,6.42,196,42.2,153.5,Urea,152.1,Sprinkler,1,No,Medium,43690,43830,140,3755.01,174908.37,39794.38,1853622.22,33.75,4049535.27
869,Andhra Pradesh,Kurnool,2019,Jowar,Zaid,Sandy,34.03,32.8,30,63,6.81,141.3,17.4,130.3,Organic,261.8,Sprinkler,7,Yes,Low,43567,43678,111,1327.5,45174.82,36624.81,1246342.28,43.01,696626.73
870,Uttar Pradesh,Meerut,2022,Rice,Kharif,Alluvial,18.58,25.1,998,76.5,7.48,286.6,64.9,241.4,NPK,82.2,Flood,1,Yes,High,44693,44841,148,3104.38,57679.38,32075.55,595963.72,38.22,1608542.18
871,Rajasthan,Alwar,2020,Cotton,Kharif,Red,17.21,32.1,417.7,65.1,6.05,211.4,39.7,167.1,Organic,223.9,Canal,3,Yes,Medium,44054,44214,160,1567.31,26973.41,38385.66,660617.21,93.34,1857080.88
872,Rajasthan,Hanumangarh,2022,Wheat,Rabi,Loamy,2.28,21.9,175.5,43.8,7.28,265.3,53.9,229.4,Organic,168.4,Canal,5,No,Low,44858,44989,131,5104.71,11638.74,25869.2,58981.78,33.27,328239.1
873,West Bengal,Malda,2018,Maize,Rabi,Silty,14.44,22.2,222.2,42.6,6.83,276.5,47.6,232.2,Urea,173.1,Canal,4,Yes,Medium,43479,43590,111,4818.85,69584.19,28548.54,412240.92,25.97,1394860.49
874,Haryana,Fatehabad,2022,Wheat,Rabi,Alluvial,39.05,19,185.6,57.2,6.72,307.2,54.4,240.2,Organic,158.9,Flood,2,Yes,Low,44835,44938,103,4065.19,158745.67,31607.39,1234268.58,39.25,4996498.97
875,Uttar Pradesh,Lucknow,2013,Rice,Kharif,Loamy,24.06,24.6,893,68.6,6.4,223.4,38.7,232.1,Urea,66,Flood,5,No,Low,41508,41632,124,3548.46,85375.95,37735.51,907916.37,25.92,1305028.25
876,Madhya Pradesh,Vidisha,2021,Soybean,Kharif,Clayey,43.97,29.4,1208.8,65.7,7.09,263.9,64.9,240.4,Mixed,101.3,Flood,1,Yes,Low,44331,44432,101,1197.66,52661.11,32998.92,1450962.51,62.15,1821925.48
877,Andhra Pradesh,Prakasam,2013,Groundnut,Kharif,Loamy,25.58,29.3,958.4,50.1,6.81,255.2,54.8,214.6,Urea,107.4,Canal,5,Yes,Medium,41480,41594,114,2380.62,60896.26,36961.55,945476.45,58.33,2606602.4
878,Rajasthan,Alwar,2018,Cotton,Kharif,Loamy,17.54,29,456,46.2,7.09,248.2,52.7,195.8,DAP,78.1,Canal,3,Yes,Low,43241,43434,193,1853.92,32517.76,24187.21,424243.66,87.45,2419434.45
879,Bihar,Patna,2021,Mustard,Rabi,Silty,28.68,25.2,59.8,32.4,6.73,291.2,68.9,227,DAP,108.8,Drip,4,Yes,High,44562,44662,100,1135.35,32561.84,33977,974460.36,77.27,1541593.02
880,Bihar,Vaishali,2019,Maize,Rabi,Alluvial,2.61,24.8,99.8,48.3,6.75,310.3,72.2,226.4,DAP,104.6,Flood,5,Yes,Medium,43824,43945,121,4844.89,12645.16,25940.74,67705.33,29.83,309499.79
881,Gujarat,Kheda,2019,Bajra,Kharif,Sandy,43.73,34.7,550.3,51.1,6.38,139.5,32.6,59.5,NPK,101.4,Drip,7,Yes,Medium,43692,43796,104,1302.49,56957.89,34483.1,1507945.96,41.23,840427.84
882,Odisha,Kalahandi,2018,Moong,Zaid,Alluvial,23.88,30.3,467.6,33.9,7.51,275.5,46.1,250.8,Urea,131.2,Canal,1,Yes,Low,43145,43211,66,1163.83,27792.26,31816.23,759771.57,99.03,1992495.94
883,Rajasthan,Bharatpur,2015,Wheat,Rabi,Alluvial,24.62,26.5,67.3,48.4,6.55,293.7,90.9,220.6,NPK,165,Flood,6,No,Low,42346,42453,107,3748.5,92288.07,31486.5,775197.63,28.55,1859626.77
884,West Bengal,Bardhaman,2017,Moong,Kharif,Alluvial,24.78,25,1568.5,69.1,7.94,269.4,58.9,228.4,Urea,88.2,Canal,1,No,High,42967,43040,73,731.22,18119.63,30728.04,761440.83,88.34,839247.28
885,Rajasthan,Sri Ganganagar,2017,Mustard,Rabi,Alluvial,18.79,19.5,63.9,39.6,7.08,275.3,76.4,248.3,Mixed,156.4,Flood,4,No,Medium,43028,43131,103,1352.08,25405.58,32373.06,608289.8,64.58,1032402.56
886,Andhra Pradesh,Anantapur,2015,Jowar,Zaid,Red,44.58,29.4,205.8,52.6,6.25,208,58.1,145.7,Mixed,221.9,Canal,4,Yes,Medium,42102,42237,135,1228.59,54770.54,43154.18,1923813.34,35.51,21088.54
887,Gujarat,Rajkot,2018,Jowar,Rabi,Loamy,35.74,25.9,237.2,45.4,6.71,259.9,43.1,204.7,DAP,56.7,Sprinkler,7,Yes,Low,43480,43608,128,1683.77,60177.94,38857.49,1388766.69,46.13,1387241.68
888,Gujarat,Ahmedabad,2019,Maize,Rabi,Alluvial,41.29,23.2,378,57.3,6.86,320.1,92.6,237.7,DAP,145.7,Flood,2,No,Low,43848,43947,99,4765.76,196778.23,35349.64,1459586.64,25.54,3566129.35
889,West Bengal,Hooghly,2021,Groundnut,Kharif,Loamy,15.26,26.8,1367.8,64.7,6.9,243.9,55.8,232.2,DAP,74.8,Drip,4,No,Low,44364,44496,132,2120.46,32358.22,33115.17,505337.49,93.53,2521126.83
890,Madhya Pradesh,Ujjain,2016,Wheat,Rabi,Clayey,38.04,19.2,197.1,45.8,7.5,279.2,46.4,222.3,Urea,113.6,Canal,2,Yes,Low,42655,42779,124,4042.76,153786.59,40727.06,1549257.36,25.17,2321551.11
891,Haryana,Panipat,2019,Rice,Kharif,Alluvial,18.76,29.5,457.1,67.5,6.92,304.6,72.1,248,DAP,145.6,Canal,3,No,Low,43635,43753,118,4118.86,77269.81,38672.04,725487.47,35.83,2043089.82
892,Gujarat,Kheda,2020,Wheat,Rabi,Alluvial,44.22,24.8,305.2,39.3,6.85,275.7,53.6,247.6,Organic,223,Drip,9,No,Low,44146,44280,134,5142.68,227409.31,32660.76,1444258.81,33.46,6164856.7
893,Punjab,Patiala,2019,Wheat,Rabi,Loamy,17.51,19.6,194.4,55.8,7.06,225.7,48.7,209.4,Organic,240.7,Canal,4,Yes,High,43792,43902,110,4160.77,72855.08,33238.68,582009.29,30.26,1622585.43
894,Haryana,Fatehabad,2018,Mustard,Rabi,Silty,38.26,20.8,246.9,54.8,6.77,268.2,86.1,279.8,Mixed,264.6,Drip,8,Yes,Medium,43488,43592,104,1413.42,54077.45,33543.96,1283391.91,74.29,2734021.85
895,Telangana,Khammam,2015,Maize,Rabi,Black,47.74,25.5,481,40.9,6.82,274.3,42.1,305.3,NPK,85.9,Flood,1,Yes,Low,42298,42402,104,5410.5,258297.27,43786.45,2090365.12,20.97,3326128.63
896,Uttar Pradesh,Prayagraj,2017,Maize,Rabi,Alluvial,11.86,18.2,196.3,48.5,7.29,308.6,84.3,249.3,NPK,157,Flood,3,No,Low,43085,43176,91,4465.17,52956.92,34069.13,404059.88,25.63,953225.98
897,Karnataka,Bengaluru Rural,2017,Mustard,Rabi,Alluvial,13.65,20.9,124.5,33.2,6.13,256.1,48.5,204.2,Urea,124.3,Sprinkler,7,Yes,High,43052,43160,108,1355.82,18506.94,30148.39,411525.52,61.73,730907.89
898,Gujarat,Kheda,2014,Bajra,Kharif,Alluvial,10.63,27.5,1016.2,60.9,7.05,259.3,73.4,242.3,NPK,96.7,Canal,1,Yes,Low,41801,41892,91,1446.52,15376.51,41647.08,442708.46,30.92,32733.23
899,Haryana,Karnal,2018,Bajra,Kharif,Sandy,18.37,21.3,480.9,63.4,6.46,141.9,54.4,64.9,DAP,133.3,Sprinkler,4,No,Medium,43276,43387,111,1452.11,26675.26,33313.18,611963.12,37.97,400896.5
900,Punjab,Bathinda,2021,Jowar,Rabi,Loamy,36.14,17.7,235.1,57.3,7.04,272.9,44.4,242,Urea,159.6,Canal,7,Yes,High,44479,44569,90,1150.61,41583.05,17386.7,628355.34,54.72,1647069.16
901,Karnataka,Mandya,2021,Jowar,Zaid,Black,31.15,34.1,523.2,63.8,7.42,291.1,48.1,337.3,Urea,69.3,Drip,7,Yes,Low,44296,44436,140,1784.59,55589.98,30041.99,935807.99,49.15,1796439.53
902,Telangana,Nalgonda,2016,Bajra,Kharif,Clayey,4.27,24.9,810.6,57.6,7.22,273.1,73.4,269.4,DAP,71.5,Sprinkler,6,No,Low,42525,42603,78,1237.02,5282.08,22206.82,94823.12,33.07,79855.27
903,Maharashtra,Pune,2016,Jowar,Rabi,Alluvial,44.07,23.1,180.6,52.4,7.25,312.1,63.7,227.8,Organic,267.1,Drip,6,No,Medium,42719,42822,103,1465.47,64583.26,43403.07,1912773.29,37.49,508453.13
904,Karnataka,Belagavi,2012,Maize,Rabi,Alluvial,20.18,22.1,304.2,57.3,7.07,293.4,70.6,245.5,Mixed,195.9,Drip,6,Yes,Medium,41252,41343,91,5104.9,103016.88,30976.07,625097.09,20.32,1468205.91
905,Madhya Pradesh,Jabalpur,2012,Soybean,Zaid,Loamy,39.7,31.3,30,44.3,7.29,261,51.5,230.5,Organic,259.8,Canal,7,Yes,Medium,41014,41104,90,937.2,37206.84,33408.3,1326309.51,44.21,318604.89
906,Bihar,Patna,2016,Maize,Kharif,Alluvial,16.38,25.3,1213.3,58.2,7.04,274,74,211.6,DAP,115.9,Flood,1,No,Low,42600,42700,100,5098.29,83509.99,36150.14,592139.29,23.75,1391222.97
907,West Bengal,Bankura,2018,Rice,Kharif,Alluvial,18.34,31.2,2106,62.2,7.2,293.3,50.5,245.6,Urea,157.7,Canal,1,Yes,Medium,43306,43434,128,3674.91,67397.85,29467.53,540434.5,31.46,1579901.86
908,Maharashtra,Nashik,2021,Cotton,Kharif,Red,30.14,30.5,886.9,59.7,5.96,216.3,45.9,161.6,Mixed,272.4,Flood,1,Yes,Low,44423,44621,198,1815.76,54727.01,44903.4,1353388.48,98.38,4030654.76
909,Tamil Nadu,Salem,2021,Rice,Rabi,Loamy,28.99,26.5,130.8,61,6.4,267.6,74.2,241.3,NPK,203.3,Drip,10,Yes,High,44564,44726,162,3124.96,90592.59,38752.23,1123427.15,39.95,2495746.82
910,Rajasthan,Sri Ganganagar,2015,Mustard,Rabi,Alluvial,29.06,22.9,36,40.7,7.29,313.1,85.4,268.6,Mixed,287.4,Flood,5,No,Low,42362,42480,118,1546.7,44947.1,32538.77,945576.66,66.16,2028123.48
911,Bihar,Samastipur,2013,Rice,Kharif,Loamy,12.47,28.2,1283.2,64.7,6.52,286.2,68.6,235.6,Mixed,260,Sprinkler,1,No,Low,41448,41558,110,3765.27,46952.92,32776.11,408718.09,25.68,797032.9
912,Karnataka,Mysuru,2018,Bajra,Kharif,Loamy,31.94,28.4,776.5,57,7.31,238.2,58.9,203.3,DAP,70.8,Canal,1,No,Low,43292,43391,99,1338.03,42736.68,40710.44,1300291.45,33.69,139507.3
913,Andhra Pradesh,Guntur,2022,Cotton,Kharif,Black,21.42,30.1,1043.2,54.1,7.43,278.2,58.5,301.2,NPK,200.6,Drip,5,No,Low,44690,44884,194,2974.67,63717.43,45193.41,968042.84,92.53,4927730.96
914,Andhra Pradesh,Anantapur,2022,Cotton,Kharif,Loamy,23.01,27.3,1139.6,71.9,7.08,241.3,41.4,233.4,NPK,115.3,Drip,3,Yes,Low,44798,44953,155,1821.28,41907.65,36666.01,843684.89,98.3,3275837.1
915,Karnataka,Mysuru,2020,Maize,Kharif,Black,42.75,27.6,647.4,68.5,7.59,285.6,26.5,305,Organic,231.7,Sprinkler,4,No,Low,43960,44087,127,6082.95,260046.11,37384.23,1598175.83,28.46,5802736.46
916,Punjab,Sangrur,2021,Rice,Kharif,Loamy,38.74,26.5,614.1,69.7,6.62,255.2,57.5,254.4,NPK,114.9,Flood,3,No,Low,44323,44463,140,4679.45,181281.89,34237.33,1326354.16,40.52,6019188.02
917,Punjab,Sangrur,2014,Rice,Rabi,Clayey,7.39,21,323.6,25,7.49,286.3,68.3,279,NPK,193.2,Flood,4,Yes,High,42012,42167,155,3033.04,22414.17,43988.35,325073.91,28.22,307453.97
918,Bihar,Patna,2019,Maize,Rabi,Alluvial,3.81,21.8,485.1,55.8,7.01,278,59.5,228.8,Organic,187,Canal,4,No,Low,43820,43944,124,6048.69,23045.51,41160.45,156821.31,29.23,516798.95
919,Haryana,Panipat,2022,Maize,Kharif,Red,28.09,27.1,457.2,76.1,6.26,199.1,36.3,137.6,Urea,70.4,Sprinkler,5,Yes,Low,44716,44807,91,4805.67,134991.27,31451.7,883478.25,31.75,3402494.57
920,Karnataka,Mysuru,2022,Maize,Kharif,Black,25.75,26.7,1011.7,57.2,6.91,284.5,51.2,299.4,DAP,63.3,Drip,4,Yes,Medium,44719,44818,99,4884.73,125781.8,38776.84,998503.63,32.2,3051670.33
921,Punjab,Amritsar,2020,Groundnut,Kharif,Loamy,11.1,27.3,846.7,66.2,6.3,289.5,69.6,203.7,NPK,192.2,Canal,3,No,Low,43993,44108,115,2377.82,26393.8,31486.16,349496.38,84.85,1890017.55
922,Madhya Pradesh,Dewas,2022,Maize,Kharif,Alluvial,19.84,30.1,1091.7,79.6,7.35,285.3,64.1,300.2,Organic,259.3,Sprinkler,6,Yes,Medium,44706,44823,117,5867.02,116401.68,38611.99,766061.88,31,2842390.2
923,Andhra Pradesh,Prakasam,2014,Cotton,Zaid,Black,21.92,31.9,30,41.2,7.3,269.3,44.6,280.5,Urea,89,Drip,6,No,Low,41719,41917,198,1707.2,37421.82,37763.17,827768.69,78.57,2112463.71
924,Punjab,Jalandhar,2013,Soybean,Kharif,Silty,15.52,26.1,708.8,79.7,6.73,266.4,59.4,202.8,NPK,119.3,Sprinkler,3,No,Medium,41406,41513,107,1704.58,26455.08,29378.62,455956.18,49.57,855422.14
925,Tamil Nadu,Erode,2016,Barley,Rabi,Alluvial,12.95,22.1,65,63.6,7.09,309.1,76.3,267.4,Organic,230.6,Drip,7,Yes,High,42690,42806,116,3142.99,40701.72,35583.82,460810.47,24.78,547778.15
926,Rajasthan,Bikaner,2016,Mustard,Rabi,Sandy,14.29,29,30,52.9,6.67,148.3,20.6,105,Urea,101.8,Canal,4,No,Low,42712,42843,131,1128.81,16130.69,25356.5,362344.38,64.27,674375.07
927,Andhra Pradesh,West Godavari,2022,Groundnut,Rabi,Sandy,10.62,25.9,228.3,38.1,6.1,134,23.1,115.1,Urea,142.5,Sprinkler,4,No,Low,44890,45008,118,1874.89,19911.33,30573.7,324692.69,84.1,1349850.16
928,Karnataka,Belagavi,2013,Barley,Rabi,Silty,19.89,24.4,98.7,48.3,7.02,241.3,62.8,231.5,DAP,68.3,Flood,4,Yes,Medium,41598,41733,135,2882.3,57328.95,37718.97,750230.31,22.53,541390.93
929,Bihar,Bhagalpur,2021,Maize,Kharif,Alluvial,40.69,28.6,1277,68.1,7.22,320.1,84.6,231.1,NPK,193.8,Flood,1,Yes,High,44325,44422,97,3402.39,138443.25,40214.66,1636334.52,26.6,2046255.93
930,Rajasthan,Hanumangarh,2019,Bajra,Kharif,Sandy,24.08,32.9,427.9,66.8,6.1,123.5,24.4,112,Organic,277.1,Drip,6,Yes,Medium,43684,43776,92,1324.27,31888.42,30516.38,734834.43,42.77,629033.29
931,Maharashtra,Kolhapur,2013,Cotton,Kharif,Red,46.32,31,1419.2,74,5.46,164.8,42.5,119.4,DAP,60.7,Drip,6,Yes,Low,41396,41550,154,1828.98,84718.35,29267.39,1355665.5,62.7,3956175.05
932,West Bengal,Birbhum,2015,Wheat,Rabi,Loamy,46.43,25.8,108.4,44,7.48,236.4,65.3,245.6,DAP,78.4,Sprinkler,9,Yes,Low,42288,42422,134,3965.68,184126.52,21276.33,987860,29.86,4510157.89
933,Gujarat,Vadodara,2014,Wheat,Rabi,Clayey,40.57,21.8,222.4,57.6,7.45,288.2,69.5,284,Mixed,223.3,Sprinkler,7,Yes,High,41956,42064,108,3125.29,126793.02,33795.4,1371079.38,25.55,1868482.28
934,Haryana,Hisar,2015,Bajra,Kharif,Silty,22.59,28.3,601.2,61.4,7.2,250.5,38.5,214.3,DAP,60.7,Canal,4,No,Low,42161,42250,89,1650.17,37277.34,28954.22,654075.83,31.15,507113.31
935,Madhya Pradesh,Bhopal,2013,Cotton,Kharif,Loamy,22.11,30.1,1196.7,47.7,7.33,240.4,53,213.3,NPK,83.2,Canal,1,Yes,Medium,41506,41704,198,1928.33,42635.38,36753.64,812622.98,59.39,1719492.24
936,Tamil Nadu,Erode,2017,Wheat,Rabi,Alluvial,8.83,24.9,357.9,57.1,7.25,251.6,63.2,230.4,DAP,64.5,Canal,6,No,Low,43120,43228,108,4442.24,39224.98,34086.59,300984.59,26.89,753775.12
937,Maharashtra,Ahmednagar,2015,Soybean,Kharif,Loamy,32.45,30.5,1485.4,64.2,6.69,291.8,76.6,241.2,Mixed,275.5,Flood,2,Yes,High,42193,42307,114,1159.35,37620.91,36189.28,1174342.14,54.78,886531.31
938,Haryana,Fatehabad,2012,Cotton,Kharif,Black,13.82,25.3,482.7,64.2,7.49,263.3,68.9,270.9,NPK,207.3,Flood,7,No,Low,41135,41331,196,2009.34,27769.08,33746.61,466378.15,66.99,1393872.52
939,Rajasthan,Hanumangarh,2014,Rice,Rabi,Clayey,5.07,25.5,56.8,46.6,7.64,254.9,60.2,228.5,DAP,54.8,Flood,3,No,Low,41945,42079,134,2702.13,13699.8,32078.62,162638.6,27.33,211776.93
940,Bihar,Patna,2016,Wheat,Zaid,Alluvial,26.27,31.6,120.2,61,6.84,285,83.9,233.7,DAP,137.1,Flood,5,No,Low,42434,42556,122,3577.14,93971.47,40485.97,1063566.43,26.65,1440773.25
941,Madhya Pradesh,Bhopal,2021,Wheat,Rabi,Clayey,30.33,22.2,395.1,54.2,6.89,234.8,73.5,262.9,NPK,211.9,Flood,1,Yes,High,44510,44640,130,4387.67,133078.03,32141.69,974857.46,32.78,3387440.36
942,Haryana,Hisar,2013,Rice,Rabi,Black,39.45,24.4,171.6,50.8,7.61,289.2,70.1,327.1,DAP,122.3,Flood,6,No,Low,41657,41815,158,3764.71,148517.81,29106.36,1148245.9,28.66,3108274.53
943,Gujarat,Surat,2016,Groundnut,Kharif,Red,28.91,34.7,913.6,65.1,5.98,192.1,21.8,179.8,Urea,65.8,Sprinkler,4,Yes,Low,42503,42611,108,1687.28,48779.26,29737.91,859722.98,64.07,2265564.21
944,Rajasthan,Hanumangarh,2015,Groundnut,Rabi,Red,34.04,21.6,61.3,40.1,5.96,232.8,44.2,189.9,Organic,277.3,Canal,6,No,Low,42329,42431,102,1692.5,57612.7,27188.6,925499.94,58.56,2448299.77
945,Madhya Pradesh,Bhopal,2021,Moong,Zaid,Loamy,11.17,29.2,77.7,46.7,6.78,221.2,56.5,189.9,DAP,87.4,Drip,7,Yes,Low,44268,44347,79,954.78,10664.89,37171.37,415204.2,115.31,814564.27
946,Odisha,Ganjam,2019,Barley,Rabi,Red,20.26,24,174.7,54.9,6.06,186.2,39.8,149.5,Urea,62,Canal,6,No,Low,43812,43922,110,3499.41,70898.05,35265.29,714474.78,26.16,1140218.21
947,Bihar,Nalanda,2017,Jowar,Kharif,Black,44.41,27.9,1341.9,70.1,7.38,296.5,34.7,302.5,Organic,167.3,Canal,2,No,Low,42863,42962,99,1401.3,62231.73,52759.4,2343044.95,42.27,287490.28
948,Telangana,Medak,2013,Soybean,Kharif,Black,1.05,27.8,942.2,65.3,7.56,279.7,41.9,316.3,Organic,176.4,Flood,4,No,Low,41488,41608,120,1652.12,1734.73,35796.12,37585.93,43.02,37042.15
949,Haryana,Ambala,2020,Rice,Kharif,Loamy,14.6,29.4,730.4,72.3,6.54,275.9,60.6,234,NPK,126.8,Sprinkler,3,Yes,Medium,44013,44151,138,3715.43,54245.28,40481.58,591031.07,35.55,1337388.63
950,Punjab,Amritsar,2019,Mustard,Rabi,Black,7.63,19.4,194.7,54.5,7.32,265.8,73.2,281.4,DAP,116.1,Sprinkler,8,No,Low,43743,43862,119,1738.45,13264.37,23023.64,175670.37,75.42,824728.42
951,Andhra Pradesh,Nellore,2015,Wheat,Rabi,Silty,6.15,27.1,235.5,55.6,6.69,266.4,54.2,213.8,Organic,155.1,Canal,5,Yes,High,42362,42487,125,3104.59,19093.23,20739.45,127547.62,24.13,333172.02
952,West Bengal,Uttar Dinajpur,2017,Groundnut,Zaid,Sandy,26.57,30,305.5,47.6,6.27,166.2,46.7,109.3,Mixed,277.8,Sprinkler,6,Yes,Medium,42813,42948,135,2351.44,62477.76,39036.22,1037192.37,72.93,3519310.67
953,West Bengal,Malda,2021,Mustard,Rabi,Sandy,3.04,22.2,876.2,63.3,6.35,125.7,34.6,113,DAP,144,Canal,4,No,Low,44577,44689,112,1322.19,4019.46,30067.57,91405.41,77.55,220303.71
954,Andhra Pradesh,Nellore,2016,Rice,Kharif,Loamy,37.25,32.1,1035.1,66.8,6.78,278.6,45.1,207.3,Urea,171.1,Canal,1,Yes,Medium,42529,42668,139,3818.93,142255.14,16012.02,596447.74,29.24,3563092.55
955,Maharashtra,Kolhapur,2016,Rice,Kharif,Alluvial,48.93,27.3,1262.7,68.5,7.11,249.7,62.2,222.5,Organic,189.7,Canal,1,Yes,Medium,42515,42645,130,4668.89,228448.79,41761.95,2043412.21,31.29,5104750.43
956,Gujarat,Junagadh,2013,Cotton,Kharif,Sandy,17.14,28.2,802.3,59.6,6.33,150.1,27.1,124.7,NPK,140.2,Flood,2,Yes,Low,41505,41668,163,1822.41,31236.11,38791.38,664884.25,60.54,1226149.85
957,Andhra Pradesh,Anantapur,2021,Cotton,Kharif,Loamy,49.6,25.5,929.9,54.7,6.93,297.8,67.1,259.4,NPK,149,Flood,3,No,Low,44321,44505,184,2487.69,123389.42,31624.53,1568576.69,101.18,10915964.83
958,Punjab,Moga,2014,Wheat,Rabi,Silty,49.82,16.2,106.9,80.9,6.55,250.1,52.8,237.2,Organic,126.5,Drip,7,Yes,High,41995,42126,131,3004.73,149695.65,40239.93,2004753.31,24.93,1727159.24
959,Haryana,Karnal,2021,Wheat,Zaid,Clayey,7.36,28.8,73.8,62.2,7.16,284.2,70.6,231.4,DAP,109.3,Sprinkler,4,Yes,Medium,44271,44372,101,2634.41,19389.26,34583.2,254532.35,32.99,385119.34
960,Karnataka,Tumakuru,2014,Groundnut,Kharif,Loamy,40.61,26.9,928.3,41.2,7.18,228.5,47.9,253.7,Organic,182.9,Canal,1,Yes,Low,41813,41931,118,2047.45,83146.94,35819.56,1454632.33,66.6,4082953.87
961,Gujarat,Banaskantha,2016,Groundnut,Zaid,Clayey,3.41,32.8,117.9,41.4,7.34,265.2,45.9,261.7,Urea,88.9,Drip,8,Yes,Low,42410,42530,120,1846.29,6295.85,39148.1,133495.02,75.85,344045.2
962,Haryana,Ambala,2013,Moong,Kharif,Red,46.53,25.1,684.9,76.9,6.11,202.1,56.6,146,DAP,107.9,Drip,5,Yes,Medium,41480,41556,76,1076.14,50072.79,32477.97,1511199.94,90.24,3007368.63
963,West Bengal,Malda,2015,Jowar,Rabi,Black,9.73,25.1,655.5,45.2,7.52,296.5,22.8,293.3,Organic,127.8,Canal,1,No,Medium,42376,42488,112,1614.46,15708.7,35045.09,340988.73,38.04,256570.22
964,Karnataka,Raichur,2022,Moong,Zaid,Sandy,0.87,28.6,269.3,35.8,6.69,154.7,36.2,88.9,NPK,172.2,Flood,6,Yes,High,44625,44700,75,821.2,714.44,42868.8,37295.86,117.77,46843.74
965,Odisha,Ganjam,2016,Cotton,Kharif,Sandy,36.18,26.4,2064.8,76.1,6.22,151.7,27.6,105.8,Urea,121.5,Flood,2,No,Low,42523,42681,158,1432.4,51824.23,24876.47,900030.68,87.36,3627334.05
966,Maharashtra,Pune,2012,Groundnut,Rabi,Sandy,7.82,22.8,530.6,59.8,6.55,160.2,30.9,132.8,Organic,197.2,Flood,4,Yes,Medium,41254,41354,100,2075.28,16228.69,35582.01,278251.32,50.7,544543.26
967,West Bengal,Malda,2020,Maize,Kharif,Black,2.7,25,1382.1,81,7.32,313.6,63.8,324.8,NPK,215,Canal,1,Yes,Medium,43996,44088,92,4971.69,13423.56,31656.2,85471.74,30.8,327973.91
968,Gujarat,Ahmedabad,2018,Groundnut,Zaid,Loamy,40.93,34.1,67.2,42.1,6.67,251.9,67.9,223.8,DAP,133.5,Drip,10,No,Low,43174,43288,114,1876.83,76818.65,32618.84,1335089.12,75.51,4465487.14
969,West Bengal,Malda,2018,Maize,Kharif,Loamy,27,29.4,1864.3,75.8,7.19,238,46,227.1,Organic,188.8,Sprinkler,1,No,High,43320,43435,115,4953.25,133737.75,28330.41,764921.07,30.94,3372924.92
970,Telangana,Nizamabad,2018,Soybean,Kharif,Black,6.93,27,841,67.3,7.41,254.2,39.7,332.7,Organic,172.6,Drip,10,No,Low,43252,43369,117,2218.29,15372.75,29270.16,202842.21,58.31,693542.84
971,Bihar,Bhagalpur,2014,Groundnut,Kharif,Clayey,4.27,29.3,1188.1,67.2,7.08,273.5,57.8,276.2,DAP,59.8,Drip,4,Yes,High,41858,41968,110,1512.54,6458.55,43469.27,185613.78,53.25,158304.01
972,Uttar Pradesh,Meerut,2012,Bajra,Kharif,Sandy,25.78,33.3,870.9,83.1,6.42,167.3,33,156.4,NPK,127.3,Canal,4,No,Low,41096,41178,82,1482.74,38225.04,34169.68,880894.35,27.9,185584.27
973,Uttar Pradesh,Bareilly,2017,Wheat,Rabi,Black,5.63,25.7,405.6,45,7.27,271.2,60.3,263.9,DAP,53,Canal,2,Yes,High,43125,43260,135,3041.46,17123.42,37333.43,210187.21,29.08,287761.84
974,Tamil Nadu,Dindigul,2015,Rice,Kharif,Alluvial,10.36,28.5,925,80.5,6.62,284,74.7,232.2,NPK,158,Sprinkler,6,No,Low,42148,42272,124,4670.49,48386.28,33414.34,346172.56,25.69,896870.97
975,Punjab,Ludhiana,2019,Rice,Kharif,Loamy,4.72,21.7,748.5,86.1,6.71,222.5,61.6,228.8,NPK,185,Canal,2,No,Low,43667,43798,131,3793.65,17906.03,29355.46,138557.77,33.19,455743.37
976,Telangana,Warangal,2021,Cotton,Kharif,Clayey,39.41,29.2,1386.3,76.8,7.75,303.3,80.3,219.2,Mixed,245.2,Drip,3,No,Low,44424,44609,185,2075.21,81784.03,32984.97,1299937.67,109.16,7627607.04
977,West Bengal,Bankura,2015,Maize,Rabi,Alluvial,17.33,21.7,279.3,37.9,7.56,290.2,47.8,240.6,Urea,143.5,Sprinkler,3,No,Medium,42279,42388,109,5336.55,92482.41,37042.15,641940.46,20.59,1262272.36
978,Maharashtra,Nashik,2020,Soybean,Kharif,Clayey,18.45,29.9,1252.7,57.4,7.48,271.1,72.4,251.5,DAP,82.8,Drip,8,No,Medium,44044,44135,91,1149.76,21213.07,38343.71,707441.45,66.13,695378.87
979,Haryana,Panipat,2017,Rice,Kharif,Clayey,40.67,26.9,407.9,57.7,7.09,244.5,76.4,249.4,DAP,81.1,Drip,5,No,Medium,42863,42976,113,3972.79,161573.37,24876.25,1011717.09,36.13,4825928.77
980,Tamil Nadu,Tiruchirappalli,2020,Groundnut,Kharif,Clayey,5.17,33.4,1193.1,60,7.2,282.1,49.8,321.1,Organic,225.3,Drip,6,Yes,Low,43961,44087,126,1808.84,9351.7,31381,162239.77,78.57,572523.3
981,Andhra Pradesh,Guntur,2013,Jowar,Kharif,Red,4.56,26.9,1463.6,66.3,5.29,177.6,40.4,140.7,DAP,65.9,Flood,1,No,High,41504,41600,96,1035.45,4721.65,34996.43,159583.72,34.75,4493.62
982,Uttar Pradesh,Bareilly,2022,Bajra,Kharif,Loamy,49.49,22.9,1028.5,71.5,6.92,274.2,39.3,206.9,Urea,80.3,Flood,1,No,High,44697,44785,88,943.42,46689.86,32530.76,1609947.31,48.65,661514.38
983,Punjab,Sangrur,2021,Mustard,Rabi,Loamy,17.54,20.2,213.5,56.2,6.48,228.1,46.9,211.4,Urea,133.6,Sprinkler,7,No,Low,44502,44624,122,1862.24,32663.69,27626.73,484572.84,80.11,2132115.37
984,Maharashtra,Satara,2021,Cotton,Kharif,Red,29.74,29.8,764.9,70.8,6.18,192.2,60.1,132.6,DAP,114.8,Canal,1,No,Low,44339,44515,176,1876.33,55802.05,30959.59,920738.21,91.45,4182359.26
985,Bihar,Bhagalpur,2014,Soybean,Kharif,Black,7.08,22.4,1130.4,60.6,7.85,279.1,41.4,291.8,Urea,179.8,Canal,4,No,Medium,41795,41887,92,1250.33,8852.34,38231.03,270675.69,44.53,123519.01
986,Madhya Pradesh,Jabalpur,2013,Soybean,Kharif,Clayey,43.51,28,1391.9,78.2,7.15,248.5,49.1,239.1,DAP,70.6,Drip,7,No,Low,41408,41504,96,1594.8,69389.75,31763.2,1382016.83,47.59,1920241.37
987,Gujarat,Kheda,2018,Groundnut,Kharif,Silty,24.75,30.2,742.9,59.4,7.37,237.9,52.6,241.5,Urea,106.7,Flood,3,No,Low,43272,43381,109,1897.65,46966.84,25785.88,638200.53,71.69,2728852.23
988,Rajasthan,Ajmer,2012,Cotton,Kharif,Loamy,14.53,31.8,447.7,73.9,6.46,266,61.6,234.5,Mixed,157.8,Flood,1,No,Low,41053,41232,179,1844.79,26804.8,37921.85,551004.48,70.63,1342218.54
989,Uttar Pradesh,Varanasi,2012,Maize,Rabi,Loamy,48.19,26.2,377.7,48,6.81,240.3,47,202.4,Urea,113.9,Canal,2,Yes,Medium,41286,41395,109,3648.47,175819.77,24027.52,1157886.19,17.98,2003353.27
990,Rajasthan,Sri Ganganagar,2019,Maize,Zaid,Loamy,5.94,34.9,61.4,66.8,7.11,249.6,62.5,203.5,NPK,110.6,Flood,5,Yes,High,43517,43638,121,3323.75,19743.08,33158.87,196963.69,27.49,345773.58
991,Bihar,Vaishali,2020,Rice,Kharif,Silty,12.98,21.3,976.8,62.9,7.21,261.4,56.3,257.8,Organic,130.1,Sprinkler,5,Yes,High,44036,44171,135,4219.88,54774.04,20462.06,265597.54,35.4,1673403.48
992,Madhya Pradesh,Ujjain,2022,Cotton,Kharif,Loamy,5.87,28.1,1018,69.2,6.9,244.8,67.8,254.2,Mixed,183.9,Flood,1,No,Low,44692,44891,199,1861.53,10927.18,34232.33,200943.78,85.06,728522.15
993,Rajasthan,Ajmer,2016,Mustard,Rabi,Loamy,44.57,29.2,129.7,46.1,6.61,275.7,60.3,220.6,Mixed,212.8,Flood,1,No,Low,42757,42890,133,1529.87,68186.31,33640.91,1499375.36,64.77,2917051.94
994,Gujarat,Ahmedabad,2017,Cotton,Kharif,Black,11.95,29.2,816.7,61.7,7.29,280,48.6,322,Mixed,103.3,Flood,1,No,Low,42955,43132,177,1665.61,19904.04,31587.72,377473.25,78.73,1189571.82
995,Telangana,Nalgonda,2015,Cotton,Kharif,Red,5.29,26.7,1400.6,62.2,5.83,191.9,47.9,152.1,NPK,180.6,Sprinkler,4,Yes,Low,42146,42331,185,1921.71,10165.85,40218.95,212758.25,79.08,591157.17
996,Rajasthan,Jaipur,2021,Groundnut,Zaid,Red,39.66,31.6,30,45.6,6.16,233.5,60.3,113.2,DAP,142.4,Sprinkler,5,Yes,Medium,44262,44367,105,1531.56,60741.67,34954.18,1386282.78,74.66,3148690.3
997,Rajasthan,Jaipur,2018,Mustard,Rabi,Sandy,12.09,25.2,63.2,72.4,6.39,144.2,26.1,93.4,Mixed,104.3,Flood,3,Yes,Low,43405,43506,101,1208.64,14612.46,30410.9,367667.78,73.55,707078.65
998,Punjab,Patiala,2015,Mustard,Rabi,Alluvial,18.65,22,216,42.3,7.11,288,68,250.4,Urea,134.2,Flood,4,No,Low,42299,42422,123,1669.18,31130.21,35883.6,669229.14,71.21,1547553.11
999,Odisha,Bargarh,2022,Cotton,Kharif,Red,5.87,24.4,1834.9,56.8,6.62,163.1,42.8,111.7,Organic,147.4,Canal,1,Yes,Low,44728,44902,174,1681.12,9868.17,29113.42,170895.78,97.29,789178.48
1000,Odisha,Ganjam,2015,Rice,Kharif,Alluvial,44.38,25.9,1782.5,75.7,7.56,314,79.5,227.8,Mixed,242.7,Sprinkler,1,Yes,High,42164,42319,155,4019.07,178366.33,36324.15,1612065.78,29.28,3610500.36
1001,Uttar Pradesh,Lucknow,2019,Maize,Kharif,Clayey,10.22,20.2,1043,67.6,7.41,249.6,55.5,246.8,Mixed,142.8,Drip,4,No,Medium,43657,43763,106,4539.79,46396.65,34689.89,354530.68,24.96,803529.7
1002,Rajasthan,Ajmer,2020,Groundnut,Kharif,Red,3.12,26.7,559.1,62.2,6.71,176.8,54.9,174.8,Mixed,289.9,Flood,3,No,Low,43984,44098,114,2537.5,7917,42138.76,131472.93,93.32,607341.51
1003,Uttar Pradesh,Lucknow,2014,Rice,Kharif,Silty,16.94,23.4,888.7,60.9,7.25,244,64.8,208.1,Mixed,116.7,Sprinkler,4,Yes,Low,41767,41911,144,3285.87,55662.64,32364.01,548246.33,25.91,893972.67
1004,Uttar Pradesh,Bareilly,2012,Maize,Rabi,Loamy,37.02,21.2,30,47.6,7.04,250.6,54.4,245.3,Organic,202.9,Drip,7,Yes,Medium,41236,41366,130,4185.91,154962.39,32830.08,1215369.56,19.14,1750610.58
1005,Gujarat,Mehsana,2014,Mustard,Zaid,Alluvial,4.64,36.1,35.5,48.2,7.26,285,69.1,246.2,Organic,244,Drip,9,No,Medium,41695,41790,95,1131.65,5250.86,32821.43,152291.44,59.86,162025.04
1006,Gujarat,Junagadh,2018,Mustard,Rabi,Black,14.72,23.2,378.8,45.4,7.9,225.9,63.3,283.4,DAP,65.9,Canal,4,Yes,Low,43459,43572,113,1664.67,24503.94,31109.18,457927.13,73.08,1332820.81
1007,Tamil Nadu,Thanjavur,2014,Rice,Kharif,Black,0.64,31.6,1140.3,68.3,7.47,292,45,327.9,NPK,85.7,Drip,7,Yes,Low,41770,41904,134,3886.99,2487.67,28510.53,18246.74,27.42,49965.17
1008,Gujarat,Junagadh,2022,Wheat,Rabi,Loamy,12.4,26.2,148.8,62.8,6.93,286.4,75,234.7,Mixed,242.9,Flood,1,Yes,Medium,44950,45047,97,3571.31,44284.24,38573.26,478308.42,34.07,1030455.64
1009,Andhra Pradesh,Chittoor,2021,Maize,Zaid,Clayey,43.33,35.8,489.5,60.6,7.67,266.6,43,250.3,Urea,67.7,Drip,5,Yes,Low,44303,44404,101,4628.28,200543.37,36040.69,1561643.1,30.99,4653195.94
1010,Rajasthan,Kota,2020,Bajra,Kharif,Alluvial,19.22,31.5,261.1,51.9,7.15,322,81.8,265.1,Mixed,289.7,Flood,3,No,Low,44033,44119,86,1086.27,20878.11,33931.79,652169,42.32,231392.62
1011,Odisha,Balasore,2020,Groundnut,Kharif,Loamy,20.68,25.7,1193.3,63.5,6.95,292.4,71.8,207.8,Mixed,235.6,Sprinkler,3,Yes,Medium,43956,44081,125,1917.27,39649.14,36501.24,754845.64,77.39,2313601.3
1012,Uttar Pradesh,Agra,2015,Jowar,Rabi,Loamy,41.19,20.9,367.8,53,6.78,241.6,79.3,218.9,DAP,146.1,Drip,7,No,Low,42376,42472,96,2074.3,85440.42,29134.86,1200064.88,39.75,2196191.82
1013,Telangana,Nalgonda,2022,Rice,Kharif,Alluvial,38.72,28,1101.4,69.3,7.58,321.8,84.7,237,Mixed,292,Drip,7,No,Low,44752,44894,142,5411.34,209527.08,31201.65,1208127.89,39.75,7120573.54
1014,Bihar,Muzaffarpur,2017,Rice,Kharif,Black,2.36,28.8,1187.4,75.7,7.61,300.2,37,282.7,Urea,115.9,Sprinkler,1,Yes,Medium,42927,43083,156,4286.16,10115.34,39376.53,92928.61,29.37,204158.93
1015,West Bengal,Bardhaman,2016,Maize,Zaid,Loamy,40.43,32.3,30,55.1,7,231.2,67.9,206.9,DAP,108.7,Flood,5,Yes,High,42436,42559,123,3263.43,131940.47,33028.6,1335346.3,27.06,2234962.82
1016,Odisha,Cuttack,2013,Rice,Kharif,Black,24.88,27.8,1467.3,64.2,6.8,314.6,85.2,330.3,Mixed,295.1,Flood,1,Yes,Low,41412,41525,113,3633.56,90402.97,26749.9,665537.51,25.77,1664147.03
1017,Uttar Pradesh,Varanasi,2022,Rice,Kharif,Red,49.58,23.2,829.3,68.8,6.07,196.7,40.8,170.1,Organic,266.9,Sprinkler,2,Yes,Medium,44705,44819,114,3833.58,190068.9,47244.76,2342395.2,39.86,5233751.15
1018,Haryana,Fatehabad,2020,Bajra,Kharif,Red,17.06,23.7,432.2,69.5,5.95,224.2,31.4,157.6,Urea,158.4,Drip,8,Yes,High,43952,44038,86,1103.03,18817.69,30339.44,517590.85,42.04,273504.84
1019,Maharashtra,Nashik,2020,Cotton,Kharif,Red,41.24,28.8,1153.5,81.8,5.87,158.1,50.8,170.6,DAP,97.2,Sprinkler,5,Yes,Medium,44005,44179,174,1900.97,78396,35663,1470742.12,102.11,6534273.44
1020,Andhra Pradesh,Krishna,2018,Bajra,Rabi,Red,40.52,25,30,26.4,6.37,199.8,49.2,134.7,DAP,63.4,Drip,7,No,Low,43477,43591,114,1153.93,46757.24,31870.93,1291410.08,37.57,465259.43
1021,Telangana,Khammam,2013,Cotton,Kharif,Black,47.11,31.4,1003.9,69.5,7.56,272.1,60.1,285.8,Mixed,127.9,Flood,1,Yes,High,41497,41648,151,1390.64,65513.05,29219.57,1376533.94,70.06,3213310.34
1022,Andhra Pradesh,Kurnool,2013,Maize,Kharif,Alluvial,47.06,29.8,929,63.4,7.29,283.2,80.4,244,Organic,231.3,Canal,4,Yes,High,41397,41503,106,4577.35,215410.09,29805.17,1402631.3,21.25,3174833.11
1023,Punjab,Firozpur,2022,Wheat,Rabi,Loamy,39.13,23.9,301.7,77.5,7.06,254.8,48.5,242.5,Organic,203.1,Canal,3,No,Low,44940,45062,122,5175.8,202529.05,27942.95,1093407.63,40.95,7200156.97
1024,Punjab,Ludhiana,2015,Barley,Rabi,Sandy,34.4,18.2,30,56.2,6.05,162.4,22.9,122.2,Mixed,117.7,Flood,1,Yes,High,42351,42471,120,2304.07,79260.01,39058.16,1343600.7,23.07,484927.73
1025,Haryana,Sirsa,2015,Wheat,Rabi,Loamy,31.51,19.5,154.6,54.3,7.11,238.3,57.7,188.7,NPK,151.3,Canal,4,No,Low,42350,42448,98,3347.8,105489.18,27245.65,858510.43,26.76,1964380.03
1026,Karnataka,Mandya,2020,Groundnut,Kharif,Loamy,39.12,27.7,996.2,67.7,6.87,224.2,65.7,220.6,Organic,158.7,Canal,3,Yes,High,44022,44124,102,1819.87,71193.31,33200.63,1298808.65,82.56,4578911.02
1027,Gujarat,Mehsana,2012,Groundnut,Kharif,Black,29.35,31.6,696,67.3,7.57,283.2,60.7,318.2,Mixed,136.4,Sprinkler,3,No,Low,41039,41157,118,2309.65,67788.23,37159.85,1090641.6,59.01,2909541.85
1028,Odisha,Balasore,2014,Jowar,Kharif,Red,20.69,29.3,1709,71.7,6.1,161.3,20.3,137.6,Urea,153.2,Drip,4,No,Low,41800,41939,139,1558.29,32241.02,36424.09,753614.42,34.57,360957.64
1029,Bihar,Patna,2020,Maize,Kharif,Loamy,26.24,28.9,1104.8,55.8,6.09,278.3,48,212.2,Urea,149.9,Flood,1,No,Low,44044,44162,118,4683.04,122882.97,30185.74,792073.82,28.13,2664624.13
1030,Madhya Pradesh,Sagar,2022,Soybean,Rabi,Black,48.02,25.3,228.5,53.7,7.25,276.4,48.5,320.4,Organic,253.8,Sprinkler,6,No,High,44887,45012,125,1270.22,60995.96,41670.63,2001023.65,72.29,2408374.3
1031,West Bengal,Murshidabad,2014,Jowar,Kharif,Black,21.99,23.8,1950,62.5,7.15,294.4,44.3,314.2,Urea,108.7,Flood,1,Yes,Medium,41777,41917,140,1633.89,35929.24,35677.56,784549.54,33.15,406504.77
1032,Rajasthan,Kota,2020,Groundnut,Kharif,Clayey,38.44,30.4,406.8,46.7,7.28,293.5,73,264.3,Mixed,196.4,Flood,7,No,Low,43958,44058,100,2053.45,78934.62,32923.67,1265585.87,77.01,4813169.22
1033,Odisha,Kalahandi,2021,Maize,Zaid,Loamy,42.56,28.5,165.7,42.5,7.34,253.2,72.3,265.2,NPK,155.8,Sprinkler,8,No,Low,44252,44359,107,4836.97,205861.44,30068.19,1279702.17,29.57,4807620.61
1034,Rajasthan,Jaipur,2012,Bajra,Kharif,Sandy,6.28,26.7,390.9,60,6.25,159.9,44.5,112.8,NPK,164.1,Drip,9,Yes,High,41030,41137,107,1272.52,7991.43,34672.43,217742.86,29.69,19522.7
1035,Odisha,Mayurbhanj,2020,Rice,Kharif,Loamy,15.01,23.3,1425,80.9,7.19,235,53.9,242.5,Organic,180,Drip,7,No,Low,44013,44126,113,3616.03,54276.61,31533.9,473323.84,36.44,1504515.83
1036,Andhra Pradesh,Krishna,2017,Rice,Kharif,Loamy,13.87,27.6,1060.2,49.6,6.72,234.9,71.2,221,NPK,167.8,Sprinkler,3,No,Low,42905,43043,138,4414.3,61226.34,34662.17,480764.3,31.34,1438069.2
1037,Karnataka,Raichur,2019,Groundnut,Kharif,Loamy,37.42,30.8,1277.9,48.9,6.89,263.7,60.4,222.9,NPK,174,Drip,5,Yes,Medium,43682,43807,125,2322.21,86897.1,35617.41,1332803.48,79.76,5598109.22
1038,Karnataka,Raichur,2018,Bajra,Zaid,Red,48.53,29.4,45.6,33.6,6.62,173,49.1,147.8,Organic,183.6,Drip,5,No,Low,43193,43284,91,1344.43,65245.19,33982.11,1649151.8,36.73,747304.03
1039,Madhya Pradesh,Gwalior,2019,Maize,Zaid,Sandy,23.48,30.7,275.3,43.8,6.21,133.3,27.1,96.5,Urea,101.4,Drip,5,Yes,High,43536,43636,100,3179.46,74653.72,24080.58,565412.02,31.94,1819027.8
1040,Madhya Pradesh,Ujjain,2022,Wheat,Rabi,Loamy,25.04,23.6,235.2,45.1,6.85,259.8,49.5,240.7,Urea,159,Canal,5,Yes,High,44842,44964,122,4031.4,100946.26,28219.1,706606.26,34.86,2812380.36
1041,Andhra Pradesh,Anantapur,2018,Rice,Kharif,Loamy,2.87,33.4,1159.2,62.8,6.48,242.5,59.7,186.8,Mixed,109.8,Sprinkler,3,No,High,43291,43417,126,3092.44,8875.3,27683.95,79452.94,35.71,237484.02
1042,Telangana,Medak,2016,Cotton,Zaid,Loamy,23.78,33.7,137.5,61.5,6.64,254.9,52.7,224.9,Urea,114.2,Canal,4,No,Medium,42439,42592,153,1273.58,30285.73,24965.02,593668.18,79.89,1825858.79
1043,Haryana,Ambala,2019,Barley,Rabi,Black,5.57,22.9,231.9,46.2,7.4,269.2,42.9,284.4,Urea,136.7,Flood,2,No,High,43772,43867,95,2227.91,12409.46,32655.43,181890.75,30.87,201189.28
1044,Madhya Pradesh,Jabalpur,2020,Bajra,Kharif,Red,43.8,24.2,1008.3,70.5,6.83,189.7,47.6,148.6,Mixed,187.6,Flood,2,No,Medium,44036,44142,106,1111.07,48664.87,34365.56,1505211.53,41.69,523626.9
1045,Tamil Nadu,Madurai,2013,Barley,Rabi,Silty,24.89,24.8,434.8,48,7.13,239.3,57.9,213,DAP,72.9,Drip,5,No,Medium,41622,41718,96,3134.87,78026.91,25930.7,645415.12,23.07,1154665.69
1046,Bihar,Samastipur,2018,Mustard,Zaid,Alluvial,43.08,31,202.5,42.4,6.88,292.9,76.2,228.6,NPK,113,Flood,1,No,Low,43192,43312,120,1285.19,55365.99,34609.84,1490991.91,63.74,2038036.29
1047,Punjab,Firozpur,2012,Maize,Kharif,Black,1.23,23.2,635.8,61.8,7.55,265.1,50,289.7,DAP,82.8,Sprinkler,4,No,Low,41066,41170,104,4501.47,5536.81,30330.1,37306.02,22.27,85998.74
1048,Gujarat,Mehsana,2013,Mustard,Rabi,Loamy,37.87,26.3,30,54.1,6.73,249.9,45.6,243.4,Organic,277.1,Canal,4,No,Low,41564,41670,106,1458.47,55232.26,28945.1,1096150.94,54.52,1915111.88
1049,Punjab,Sangrur,2015,Maize,Kharif,Alluvial,33.28,24.8,693.3,54,7.2,287.8,69,254.4,Organic,256.1,Flood,1,No,Medium,42130,42228,98,4347.36,144680.14,30517.62,1015626.39,24.45,2521803.03
1050,Tamil Nadu,Dindigul,2021,Groundnut,Kharif,Sandy,17.67,31.9,777.3,53.9,6.98,184.5,39.9,93.8,Mixed,202.4,Sprinkler,4,No,Medium,44357,44478,121,2065.75,36501.8,32908.88,581499.91,81.67,2399602.1
1051,West Bengal,Uttar Dinajpur,2012,Mustard,Rabi,Alluvial,1.8,23.1,210.2,62.2,7.54,297.7,60.9,253.4,NPK,142.7,Flood,1,No,Low,41221,41350,129,1394.73,2510.51,29040.76,52273.37,62.81,105411.76
1052,Andhra Pradesh,Chittoor,2016,Cotton,Kharif,Clayey,25.54,30.1,941.1,72.5,7.41,299.8,70.9,288.4,Mixed,198.5,Canal,2,No,Low,42598,42787,189,2397.13,61222.7,33054.6,844214.48,84.06,4302165.68
1053,Bihar,Gaya,2014,Rice,Kharif,Alluvial,18.75,29,1329.1,44.5,7.6,289.8,80.2,264.8,DAP,118.2,Flood,1,No,Low,41780,41924,144,4307.26,80761.12,33368.66,625662.38,28.7,1692181.76
1054,Bihar,Bhagalpur,2012,Groundnut,Zaid,Sandy,45.04,32,321.4,50.4,6.4,136.8,39,103.1,NPK,159.7,Sprinkler,7,Yes,Low,40981,41102,121,2191.94,98724.98,36351.89,1637289.13,54.53,3746184.03
1055,Uttar Pradesh,Prayagraj,2017,Rice,Kharif,Black,32.1,23.4,1014.9,84.3,7.56,275.1,37.7,284.2,Urea,76.8,Flood,1,No,Medium,42966,43101,135,2974.64,95485.94,37618.6,1207557.06,33.78,2017957.99
1056,Andhra Pradesh,Prakasam,2015,Maize,Kharif,Black,26.19,27.7,1082,61.7,7.44,274.4,41.9,327.6,Organic,209.6,Canal,1,No,Low,42132,42254,122,5415.53,141832.73,26316.97,689241.44,23.12,2589931.28
1057,Gujarat,Banaskantha,2019,Wheat,Rabi,Loamy,12.29,27.8,100.3,62.2,6.95,241,57.7,205,DAP,111.9,Drip,7,No,Low,43793,43899,106,3140.47,38596.38,27254.38,334956.33,28.83,777777.31
1058,Maharashtra,Amravati,2017,Rice,Zaid,Alluvial,9.28,30.4,367.8,34.7,7.13,345.6,67.1,245,Organic,165.4,Sprinkler,7,Yes,Medium,42789,42954,165,4066.53,37737.4,38903.28,361022.44,32.23,855253.96
1059,Uttar Pradesh,Prayagraj,2020,Mustard,Rabi,Alluvial,15.28,22.1,186,52.1,6.91,271.3,77.3,218.4,Mixed,183.1,Sprinkler,10,Yes,Medium,44115,44247,132,1809.26,27645.49,33560.75,512808.26,70.85,1445874.71
1060,Telangana,Khammam,2014,Cotton,Kharif,Clayey,44.18,25.4,957.9,86.9,7.22,263.6,75.7,240.5,NPK,218,Drip,4,No,Low,41762,41956,194,1899.47,83918.58,30912.81,1365727.95,75.11,4937396.59
1061,Punjab,Patiala,2016,Maize,Kharif,Black,40.07,28.4,898.3,59.1,7.79,291.5,40.7,313.9,Urea,137.1,Drip,5,No,Medium,42524,42629,105,4205.05,168496.35,32089.22,1285815.05,25.33,2982197.5
1062,Telangana,Mahbubnagar,2013,Maize,Kharif,Alluvial,14.58,30.8,1151.3,72.2,6.69,292.5,76.2,226.2,NPK,157.8,Sprinkler,6,Yes,Low,41446,41576,130,5181.6,75547.73,33465.1,487921.16,22.79,1233811.61
1063,Uttar Pradesh,Agra,2014,Maize,Kharif,Black,35.52,33.3,919.3,65.2,7.43,280.9,35.3,262.9,Urea,174,Flood,4,Yes,Low,41802,41910,108,4880.62,173359.62,28763.82,1021690.89,21.85,2766216.81
1064,Odisha,Cuttack,2014,Rice,Kharif,Loamy,26.22,23.6,1389,62.9,6.97,237.7,64.8,218.5,DAP,112.4,Drip,7,No,Low,41811,41921,110,4461.5,116980.53,33747.61,884862.33,29.16,2526289.92
1065,Maharashtra,Solapur,2019,Cotton,Kharif,Black,39.45,28.2,1027.1,70.5,7.54,261.5,63.2,339.4,NPK,136.6,Flood,1,No,Medium,43603,43763,160,1897.46,74854.8,36946.62,1457544.16,86.59,5024132.97
1066,Gujarat,Mehsana,2019,Cotton,Kharif,Black,31.12,26.3,827.9,69.6,7.1,256.5,56.8,298.1,NPK,101.7,Flood,1,Yes,Medium,43662,43820,158,2122.14,66041,35271.74,1097656.55,83.22,4398275.47
1067,Tamil Nadu,Nagapattinam,2018,Jowar,Kharif,Red,3.63,31,978.6,68.6,5.85,187,21.3,148,Urea,146.2,Flood,1,Yes,High,43314,43439,125,1013.54,3679.15,33856.19,122897.97,47.97,53590.86
1068,West Bengal,Hooghly,2015,Cotton,Kharif,Loamy,37.18,25.2,1253,76.9,6.8,279.4,40.3,203.3,Urea,80.7,Flood,1,Yes,Medium,42156,42326,170,1853.86,68926.51,35968.9,1337323.7,76.91,3963814.18
1069,Uttar Pradesh,Meerut,2018,Mustard,Rabi,Clayey,35.27,26.1,30,43,6.96,282.8,50.7,256.9,Mixed,128.8,Sprinkler,7,Yes,High,43442,43572,130,1129.83,39849.1,34069.93,1201646.43,71.55,1649556.68
1070,Madhya Pradesh,Gwalior,2017,Soybean,Kharif,Black,28.77,28.3,1130,67.3,7.49,279,42.4,287.3,NPK,110.6,Drip,1,Yes,Medium,42971,43090,119,1128.69,32472.41,37318.15,1073643.18,60.76,899380.45
1071,Rajasthan,Bikaner,2021,Bajra,Kharif,Red,28.77,27.4,253.2,66.7,6.07,220.1,52.9,167.8,Mixed,265,Flood,3,Yes,High,44322,44425,103,1129.34,32491.11,33109.49,952560.03,44.74,501092.23
1072,Karnataka,Mysuru,2014,Rice,Kharif,Red,7.34,25.1,795.5,61.5,6.64,216.8,49.4,154.7,NPK,180.6,Sprinkler,2,No,Low,41876,42019,143,4046.45,29700.94,30929.94,227025.76,27.56,591532.15
1073,Tamil Nadu,Madurai,2014,Rice,Rabi,Clayey,9.08,20.9,362.7,30.3,8.15,259.6,57.5,265.3,DAP,89.7,Flood,3,No,Medium,41917,42077,160,2721.96,24715.4,28355.74,257470.12,31.13,511920.28
1074,Punjab,Sangrur,2020,Maize,Rabi,Black,33.53,20.9,145.8,49,7.53,304.4,59.4,302.3,Mixed,272.7,Sprinkler,4,No,Low,44213,44335,122,5951.43,199551.45,33959.91,1138675.78,24.31,3712419.97
1075,Gujarat,Surat,2015,Groundnut,Kharif,Loamy,40.83,33.4,799.6,68.7,6.4,221.1,59,203,DAP,147.8,Drip,4,No,Low,42131,42232,101,1922.55,78497.72,33646.18,1373773.53,69.16,4055128.79
1076,Telangana,Mahbubnagar,2013,Cotton,Kharif,Red,33.37,30.8,1208.7,44.8,6.45,206.2,33.6,161.9,Organic,123.7,Sprinkler,2,No,Low,41449,41635,186,1513.76,50514.17,26569.17,886613.2,72.57,2779200.12
1077,Odisha,Ganjam,2012,Rice,Kharif,Clayey,22.6,27.5,1737.4,73.3,7.04,261,61,280.1,NPK,94.6,Drip,5,Yes,High,41033,41167,134,3599.23,81342.6,26045.28,588623.33,25.92,1519776.86
1078,Bihar,Vaishali,2022,Mustard,Rabi,Alluvial,10.82,21.8,30,39,7.03,298.4,61.3,197,Urea,64.4,Sprinkler,5,Yes,Medium,44872,45006,134,1506.87,16304.33,29066.61,314500.72,83.17,1041530.41
1079,Punjab,Patiala,2019,Groundnut,Kharif,Alluvial,31.45,28.3,670.8,42,7.26,308.1,51.9,230,Urea,72.1,Canal,2,No,Low,43590,43708,118,2404.73,75628.76,25030.99,787224.64,78.52,5151145.6
1080,Uttar Pradesh,Prayagraj,2012,Soybean,Kharif,Loamy,49.73,24.7,703.6,63.5,6.42,239.5,49.5,234.2,Organic,254.4,Sprinkler,6,No,Medium,41103,41201,98,1392.85,69266.43,42291.31,2103146.85,41.86,796345.91
1081,Gujarat,Kheda,2013,Bajra,Kharif,Loamy,38.93,28.4,1074.7,51.9,7.5,229.1,69.4,217.4,Mixed,169,Drip,4,Yes,Medium,41448,41559,111,1688.04,65715.4,39797.38,1549312,29.17,367606.22
1082,Madhya Pradesh,Vidisha,2013,Wheat,Rabi,Red,13.34,25.7,291.4,56.1,6.82,189,38.6,158.3,NPK,123,Drip,8,Yes,High,41626,41744,118,3433.93,45808.63,33989.17,453415.53,25.22,701878.12
1083,Haryana,Ambala,2012,Wheat,Rabi,Loamy,30.15,25.7,225.4,41.7,7.26,268.5,55.5,196.2,Urea,117.5,Flood,2,Yes,Medium,41194,41328,134,3218.52,97038.38,27574.89,831382.93,20.53,1160815.01
1084,Punjab,Moga,2013,Maize,Rabi,Loamy,13.42,21.1,337.6,47.5,6.69,234.5,67.6,242.6,DAP,103.1,Sprinkler,6,Yes,High,41583,41681,98,4382.57,58814.09,27638.94,370914.57,21.7,905351.18
1085,Telangana,Karimnagar,2022,Soybean,Kharif,Clayey,47.85,28.6,839.7,69.2,7.46,273.4,68.8,275.2,Organic,140,Canal,4,No,Medium,44744,44849,105,1611.94,77131.33,42728.08,2044538.63,81.46,4238579.51
1086,Andhra Pradesh,Chittoor,2017,Cotton,Kharif,Clayey,12.94,28.6,903.9,67.8,7.61,268.7,70.3,261.8,DAP,87.2,Flood,1,Yes,Low,42931,43118,187,2023.82,26188.23,34386.18,444957.17,93.64,2007308.69
1087,Telangana,Warangal,2014,Barley,Rabi,Alluvial,10.76,26.6,348.2,44.3,7.68,285.2,59.5,256.9,Organic,243.1,Drip,6,Yes,Medium,41914,42044,130,4040.52,43476,33462.35,360054.89,20.95,550767.31
1088,Odisha,Mayurbhanj,2020,Maize,Kharif,Alluvial,22.66,28.4,1536.6,69.5,7.18,273.9,81.9,256.7,NPK,152.3,Sprinkler,5,No,Low,43967,44067,100,5122.3,116071.32,34352.17,778420.17,28.88,2573719.55
1089,Uttar Pradesh,Agra,2013,Moong,Zaid,Alluvial,16.94,31.3,30,33.7,7.2,299.4,57.3,211,NPK,143.4,Flood,5,No,Low,41322,41379,57,820.07,13891.99,28152.15,476897.42,86.16,720036.44
1090,Punjab,Sangrur,2017,Moong,Zaid,Alluvial,17.77,28.6,230.4,74.8,6.82,282.4,76.5,256.8,Organic,232.7,Flood,1,No,Low,42779,42845,66,1007.84,17909.32,37547.45,667218.19,91.25,967007.26
1091,Telangana,Mahbubnagar,2019,Cotton,Kharif,Alluvial,30.54,29.9,1030.6,40.3,7.1,307.2,61.6,214.1,Mixed,101.1,Flood,3,No,Low,43592,43749,157,1946.5,59446.11,39216.25,1197664.27,92.78,4317745.82
1092,Uttar Pradesh,Gorakhpur,2016,Barley,Rabi,Alluvial,1.44,23.2,212,43.9,6.92,275,70.6,236.4,Mixed,112.8,Canal,4,Yes,Low,42677,42794,117,3484.46,5017.62,32194.05,46359.43,24.43,76221.03
1093,Punjab,Sangrur,2018,Maize,Kharif,Sandy,45.74,25.9,803.5,74,6.74,122.4,21.9,129.6,Organic,128.1,Drip,7,No,Medium,43245,43339,94,3684.38,168523.54,40388.36,1847363.59,24.14,2220794.67
1094,Punjab,Ludhiana,2022,Rice,Kharif,Clayey,16.17,29.7,583,49.6,7.49,283.6,68.9,247.7,DAP,107.4,Drip,6,No,Low,44704,44850,146,3921.29,63407.26,27711.22,448090.43,37.63,1937924.76
1095,West Bengal,Murshidabad,2015,Cotton,Kharif,Loamy,7.85,28.6,1548.2,67.5,7.06,254.8,68,232.9,Mixed,250,Drip,3,No,Low,42229,42417,188,2495.12,19586.69,31637.1,248351.24,81.98,1357365.61
1096,Haryana,Fatehabad,2012,Wheat,Rabi,Alluvial,5.73,24.7,156.7,41.9,7.37,287.3,66.4,224.7,Organic,154.3,Flood,9,No,Low,41296,41399,103,3308.25,18956.27,34638.31,198477.52,24.65,268794.54
1097,Maharashtra,Pune,2014,Groundnut,Kharif,Red,45.09,28.3,1157.6,50,6.63,175.7,37.9,166.9,Organic,157.6,Canal,4,No,Medium,41824,41958,134,1965.67,88632.06,26310.77,1186352.62,65.57,4625251.55
1098,Haryana,Hisar,2019,Moong,Zaid,Black,44.76,29.6,179.8,58.4,7.51,340.8,49.4,284.9,Mixed,106.1,Canal,3,Yes,Medium,43574,43647,73,868.94,38893.75,23826.26,1066463.4,108.26,3144173.98
1099,Rajasthan,Sri Ganganagar,2014,Jowar,Kharif,Red,46.66,33.3,510,73.6,5.6,159.3,35.7,155.3,Urea,128.5,Canal,4,No,Low,41837,41959,122,1881.41,87786.59,28941.01,1350387.53,32.62,1513211.04
1100,Tamil Nadu,Salem,2012,Mustard,Rabi,Loamy,15.33,23,265.4,74.3,6.73,252.2,64.2,212.1,Organic,252.6,Drip,6,Yes,Low,41285,41410,125,1601.61,24552.68,31320.4,480141.73,50.46,758786.5
1101,Maharashtra,Nashik,2022,Mustard,Rabi,Black,23.44,27.6,233.2,51.8,7.74,284.1,67.6,316.2,DAP,129.1,Flood,3,Yes,Medium,44948,45080,132,1258.96,29510.02,34146.15,800385.76,87.13,1770822.28
1102,Odisha,Mayurbhanj,2021,Bajra,Kharif,Sandy,39.61,29.9,1597.8,63.1,6.41,151.4,33.8,110.4,Mixed,170.9,Drip,7,Yes,Medium,44325,44402,77,1255.26,49720.85,35017.26,1387033.67,37.62,483464.71
1103,Maharashtra,Nashik,2017,Soybean,Kharif,Black,17,25.9,1101.7,65.2,7.48,266.4,62,306.9,DAP,117.4,Flood,1,Yes,Medium,42892,43013,121,1750.34,29755.78,33361.04,567137.68,62.13,1281588.93
1104,Maharashtra,Kolhapur,2013,Jowar,Kharif,Red,41.84,29,1017.6,82.1,5.88,212.7,42.3,184.4,Organic,261.6,Sprinkler,7,Yes,High,41492,41600,108,1557.2,65153.25,39656.25,1659217.5,36.29,705193.94
1105,Maharashtra,Satara,2020,Cotton,Kharif,Clayey,5.56,28.4,849.5,65.7,6.89,269.5,70,229.5,Mixed,162.5,Sprinkler,3,Yes,Low,43960,44138,178,1805.37,10037.86,25062.31,139346.44,103.39,898467.91
1106,Uttar Pradesh,Bareilly,2017,Soybean,Kharif,Black,13.66,29.3,877.5,71.5,7.18,253.3,43.4,306.4,Urea,60,Flood,6,No,High,42934,43058,124,1235.51,16877.07,30724.2,419692.57,53.94,490656.59
1107,Maharashtra,Ahmednagar,2021,Wheat,Rabi,Sandy,4.91,26.4,114.8,48.2,6.27,164.2,49.5,72.7,Mixed,189,Drip,11,Yes,Medium,44577,44681,104,2314.6,11364.69,37118.64,182252.52,30.98,169825.58
1108,Haryana,Rohtak,2013,Mustard,Rabi,Red,12.02,27,188.9,58,6.03,232.3,28.5,132.8,Urea,179.8,Drip,6,Yes,High,41630,41763,133,1168.68,14047.53,23205.43,278929.27,53.64,474580.24
1109,Haryana,Fatehabad,2019,Bajra,Zaid,Loamy,43.38,29.1,196.7,25.5,6.92,264,64.7,222.6,Mixed,207.6,Drip,6,No,Medium,43560,43651,91,1562,67759.56,35554.98,1542375.03,39.87,1159198.63
1110,Karnataka,Belagavi,2013,Cotton,Kharif,Black,27.52,25.8,957.6,78.8,7.35,294.7,57.5,333,Mixed,136.9,Sprinkler,5,No,Low,41402,41572,170,2356.91,64862.16,24737.14,680766.09,69.55,3830397.14
1111,Andhra Pradesh,Prakasam,2021,Cotton,Kharif,Black,5.98,32.3,1411.3,58.7,7.18,283.9,46.1,328.9,Organic,172.4,Drip,2,No,Medium,44427,44596,169,1741.54,10414.41,33054.47,197665.73,99.1,834402.3
1112,Andhra Pradesh,Kurnool,2021,Groundnut,Kharif,Red,4.39,32.9,981.3,54.5,6.82,185.1,52.2,146.6,NPK,204.5,Canal,1,Yes,Low,44420,44535,115,2000.88,8783.86,26834.18,117802.05,76.42,553460.53
1113,West Bengal,Bardhaman,2015,Barley,Rabi,Sandy,25.98,21.1,557.8,52.2,6.6,139.2,41.9,100.7,DAP,74.9,Drip,9,Yes,High,42376,42497,121,2764.35,71817.81,26061.69,677082.71,23.57,1015663.07
1114,Rajasthan,Bharatpur,2017,Mustard,Rabi,Loamy,9.36,25.6,34.2,41.8,6.6,240.7,78.3,231.6,DAP,130.7,Sprinkler,5,No,Low,43028,43159,131,1826.87,17099.5,31006.03,290216.44,66.18,841428.47
1115,Rajasthan,Ajmer,2018,Mustard,Rabi,Sandy,41.1,25.9,170.8,52.1,6.48,111.1,38.6,57.9,NPK,87,Drip,10,Yes,Medium,43479,43605,126,1300.97,53469.87,29796.8,1224648.48,75.32,2802702.13
1116,Rajasthan,Bharatpur,2018,Bajra,Kharif,Silty,21.54,30.8,406.9,95,6.56,279.4,80.3,208.6,DAP,126.8,Drip,7,Yes,High,43239,43342,103,1273.51,27431.41,37691.62,811877.49,37.61,219817.84
1117,Madhya Pradesh,Sagar,2016,Mustard,Rabi,Sandy,30.38,20.9,281.4,49.5,6.17,118.9,44.2,118.3,DAP,120.1,Sprinkler,7,No,Low,42699,42820,121,1532.57,46559.48,34119.52,1036551.02,66.54,2061516.78
1118,Gujarat,Vadodara,2012,Wheat,Zaid,Alluvial,48.23,37.3,162.5,53.7,6.65,292,60.4,240.1,Urea,95.3,Canal,5,Yes,High,40943,41049,106,2925.7,141106.51,23838.33,1149722.66,23.55,2173335.65
1119,Telangana,Khammam,2020,Mustard,Rabi,Sandy,35.69,24.1,353.8,50.7,6.07,123,19.7,130.2,Organic,137.3,Canal,4,No,Medium,44129,44258,129,1519.66,54236.67,34972.41,1248165.31,76.27,2888465.51
1120,Tamil Nadu,Salem,2015,Barley,Rabi,Clayey,42.71,25.3,510.4,46,7.25,269.1,68.6,267.6,DAP,94.6,Sprinkler,6,Yes,High,42353,42448,95,2604.93,111256.56,39795.75,1699676.48,24.74,1052810.81
1121,West Bengal,Birbhum,2013,Rice,Kharif,Loamy,17.61,32.2,1388.1,62.6,7.61,254.1,34.3,219.1,Urea,148.2,Canal,1,Yes,High,41442,41568,126,2896.92,51014.76,36199.25,637468.79,25.46,661367
1122,Andhra Pradesh,West Godavari,2020,Rice,Kharif,Sandy,25.42,28.9,984.3,56.3,6.67,167.3,30.9,97.7,Mixed,135,Flood,3,No,Low,43994,44120,126,2941.66,74777,36812.25,935767.4,40.49,2091953.33
1123,Rajasthan,Bharatpur,2016,Wheat,Rabi,Alluvial,42.35,27.2,142.7,65.1,6.18,305.6,81.1,250.9,DAP,115.2,Flood,2,Yes,Low,42725,42843,118,3021.29,127951.63,27349.96,1158270.81,26.15,2187664.31
1124,Haryana,Hisar,2014,Bajra,Kharif,Red,22.81,24.4,615.1,76.1,6.25,222.6,61.2,140.7,Mixed,253.1,Drip,8,Yes,Medium,41861,41970,109,1497.41,34155.92,40529.62,924480.63,33.78,229306.35
1125,Odisha,Mayurbhanj,2015,Maize,Kharif,Black,41.07,29.9,1515.3,49.9,6.83,267.5,31.6,305.4,Organic,150.7,Flood,1,Yes,Medium,42171,42271,100,3648.29,149835.27,34046.54,1398291.4,23.58,2134824.27
1126,Karnataka,Haveri,2012,Groundnut,Kharif,Sandy,16.59,25.3,967.9,58.4,6.21,140.7,30.6,92.4,DAP,82.9,Flood,1,Yes,Medium,41129,41231,102,1780.7,29541.81,26089.27,432820.99,55.3,1200841.1
1127,Tamil Nadu,Thanjavur,2018,Maize,Kharif,Alluvial,34.58,28.5,1191.5,69.3,6.95,271.3,66.9,222.2,NPK,87.5,Sprinkler,6,No,Low,43290,43396,106,4451.6,153936.33,38964.77,1347401.75,26.67,2758080.17
1128,Karnataka,Dharwad,2019,Mustard,Rabi,Loamy,43.77,23.8,282.1,61.7,7.01,250,44.5,228.2,Organic,143.5,Sprinkler,9,No,Low,43807,43940,133,1822.81,79784.39,38586.53,1688932.42,76.03,4377074.75
1129,Bihar,Samastipur,2021,Soybean,Kharif,Black,41.96,25.9,1519.9,51.4,7.03,279.2,62.1,287,DAP,149.3,Flood,1,No,Low,44372,44465,93,1501.75,63013.43,34481.7,1446852.13,68.98,2899814.27
1130,Haryana,Panipat,2019,Mustard,Rabi,Loamy,7.04,19,30,62.4,6.93,280.9,74.1,243.3,Mixed,249.5,Sprinkler,5,No,Low,43762,43895,133,1758.25,12378.08,32758.05,230616.67,81.48,777949.29
1131,Madhya Pradesh,Gwalior,2021,Cotton,Kharif,Loamy,49.18,26.1,752.6,47.2,6.83,286.9,64.8,185.9,Mixed,200,Flood,2,No,Low,44321,44478,157,2406.58,118355.6,26838.91,1319937.59,108.59,11532297.01
1132,Maharashtra,Nashik,2012,Jowar,Kharif,Silty,19.49,31.4,1500.7,62.7,7.07,260.7,52.7,271.6,Organic,121.8,Sprinkler,5,No,Low,41144,41258,114,1491.25,29064.46,34146.99,665524.84,35.24,358706.73
1133,Haryana,Panipat,2012,Bajra,Kharif,Red,21.35,20.5,730.9,69.6,6.94,182.2,48.9,193.6,Organic,214.3,Sprinkler,5,No,Medium,41111,41201,90,1242.14,26519.69,45165.66,964286.84,28.99,-195481.03
1134,Odisha,Ganjam,2015,Maize,Kharif,Sandy,41.85,27.5,1658.4,73.7,6.76,125.7,25.4,139.8,Organic,120.6,Canal,1,No,Medium,42207,42303,96,3383.22,141587.76,35034.86,1466208.89,22.16,1671375.87
1135,Maharashtra,Nagpur,2012,Soybean,Kharif,Sandy,21.39,31.7,1289.2,74.1,6.24,145.9,25.7,116.5,DAP,52,Canal,6,Yes,Medium,41136,41230,94,822.79,17599.48,41197.42,881212.81,43.27,-119683.31
1136,Haryana,Hisar,2012,Bajra,Kharif,Black,5.48,27.8,604.6,74.1,7.75,281.9,42.8,291.2,Urea,178.4,Sprinkler,2,No,Low,41052,41132,80,1432.12,7848.02,30330.39,166210.54,29.89,68366.78
1137,Andhra Pradesh,Nellore,2021,Cotton,Kharif,Loamy,8.39,30.9,812.6,53.2,7.08,266.6,54.7,202.3,Mixed,140.5,Canal,4,Yes,Medium,44361,44537,176,1765.93,14816.15,31773.71,266581.43,82.07,949380
1138,Andhra Pradesh,Chittoor,2012,Cotton,Kharif,Black,9.44,30,1248.5,49.7,7.52,312.1,56.1,310.8,NPK,189.4,Canal,6,Yes,Low,41045,41228,183,2005.09,18928.05,38817.72,366439.28,67.56,912339.78
1139,West Bengal,Nadia,2018,Wheat,Zaid,Black,17.11,31.8,30,38.1,7.58,264,58,297.1,DAP,143.5,Sprinkler,5,Yes,High,43156,43287,131,3415.05,58431.51,37437.53,640556.14,33.81,1335013.21
1140,Andhra Pradesh,West Godavari,2014,Cotton,Kharif,Loamy,36.19,29.1,1157.3,62.5,6.21,251.4,48.5,205.4,Mixed,114.9,Sprinkler,1,No,Low,41862,42044,182,1978.19,71590.7,33388.73,1208338.14,73.67,4065748.73
1141,Gujarat,Banaskantha,2014,Wheat,Rabi,Clayey,6.75,26.4,176.8,46.4,7.2,249.8,63.8,244,DAP,93.5,Flood,2,Yes,Low,41989,42086,97,2833.44,19125.72,45030.08,303953.04,23.15,138807.38
1142,Telangana,Mahbubnagar,2019,Mustard,Rabi,Loamy,47.56,22.3,242.7,59,6.86,205,54.6,235.8,NPK,110.7,Sprinkler,5,Yes,Medium,43741,43876,135,1543.89,73427.41,35192.61,1673760.53,76.59,3950044.8
1143,Karnataka,Belagavi,2015,Jowar,Kharif,Red,0.75,28.1,890.8,61,6.42,223.4,60.6,110.9,Mixed,222.2,Sprinkler,4,No,High,42172,42272,100,1288.12,966.09,48984.97,36738.73,36.06,-1901.52
1144,Haryana,Fatehabad,2020,Mustard,Rabi,Black,47.11,19,136.5,38.8,7.09,306.7,58.3,346.3,NPK,113.7,Canal,4,No,Low,44158,44269,111,1465.31,69030.75,31371.74,1477922.67,75.58,3739421.42
1145,Haryana,Hisar,2017,Rice,Kharif,Red,23.39,26.6,544.3,51.8,6.18,193,40.4,149.2,NPK,87.5,Drip,8,Yes,Medium,42924,43086,162,3165.81,74048.3,41178.09,963155.53,34.9,1621130.14
1146,Odisha,Mayurbhanj,2021,Maize,Kharif,Sandy,11.74,29.2,1624.4,80.2,6.54,160.5,42.5,117.5,Mixed,214.8,Sprinkler,7,No,Low,44400,44495,95,3366.89,39527.29,35207.72,413338.63,32.96,889480.85
1147,West Bengal,Nadia,2021,Soybean,Kharif,Black,20.96,25.7,2066.1,62.9,7.41,315.6,34.6,299.9,Urea,131.4,Drip,3,No,Low,44361,44473,112,1932.43,40503.73,31009.58,649960.8,67.81,2096597.13
1148,Bihar,Muzaffarpur,2021,Mustard,Rabi,Loamy,2.26,25.9,589.7,39.4,6.52,253,61.4,246.6,Mixed,116.5,Drip,7,Yes,High,44568,44682,114,1329.27,3004.15,36579.2,82668.99,81.41,161898.86
1149,Gujarat,Ahmedabad,2014,Cotton,Kharif,Clayey,22.17,33.6,832,62.9,7.04,271.8,54.1,231.7,Organic,194.9,Sprinkler,4,No,Low,41812,41973,161,1728.46,38319.96,32054.37,710645.38,66.32,1830734.37
1150,Tamil Nadu,Madurai,2017,Barley,Rabi,Black,49.49,29.9,411.2,61.8,7.37,249.5,54.2,296.6,NPK,85.4,Flood,1,Yes,Low,43109,43238,129,3076.98,152279.74,36019.58,1782609.01,27.21,2360922.72
1151,Rajasthan,Bikaner,2020,Groundnut,Kharif,Sandy,3.13,31.2,396.8,70.7,6.26,152,29.1,104,DAP,90.6,Sprinkler,5,Yes,Low,44020,44144,124,2419.64,7573.47,31020.77,97095.01,78.94,500754.71
1152,Telangana,Siddipet,2016,Soybean,Kharif,Black,29.91,23.8,767.3,63.7,7.43,269.8,62.5,329.6,DAP,146.1,Drip,4,No,Low,42563,42658,95,1812.53,54212.77,42583.44,1273670.69,47.4,1296014.61
1153,Tamil Nadu,Erode,2017,Rice,Kharif,Clayey,23.4,22.7,1016.6,50.6,7.12,290.2,72.6,297.7,Organic,262.3,Drip,6,Yes,Low,42877,43025,148,5045.72,118069.85,45812.58,1072014.37,36.67,3257607.03
1154,Maharashtra,Kolhapur,2015,Soybean,Rabi,Loamy,39.35,26,123.1,50.4,7.01,267.3,49.2,188.4,Organic,262.9,Sprinkler,5,Yes,Medium,42299,42400,101,1566.66,61648.07,38491.44,1514638.16,64.48,2460429.39
1155,Andhra Pradesh,Anantapur,2012,Wheat,Rabi,Clayey,48.35,26.4,785.8,41.7,7.77,273.7,67.4,303.8,Organic,174,Sprinkler,3,No,High,41185,41300,115,3722.13,179964.99,26488.07,1280698.18,23.27,2907087.14
1156,West Bengal,Malda,2019,Mustard,Rabi,Loamy,29.95,21.3,431.9,51.6,6.5,261.8,55.3,242.3,Organic,242.4,Canal,3,No,Medium,43801,43927,126,2066.99,61906.35,40109.19,1201270.24,67.06,2950169.59
1157,Punjab,Firozpur,2021,Mustard,Rabi,Sandy,38.76,21.8,148.9,49.5,6.89,127.7,36.3,106.1,NPK,120.3,Sprinkler,9,Yes,Medium,44471,44566,95,1153.3,44701.91,31273.43,1212158.15,81.37,2425236.27
1158,Punjab,Bathinda,2021,Wheat,Rabi,Loamy,4.06,21,107.9,47.3,6.45,257.8,48.5,236.1,Organic,201,Drip,9,No,Medium,44476,44598,122,3377.99,13714.64,27714.2,112519.65,30.81,310028.41
1159,Rajasthan,Kota,2015,Moong,Kharif,Clayey,7.75,26.5,444.2,62,7.97,276.2,76.1,248.1,DAP,126,Sprinkler,6,No,Low,42173,42250,77,1045.39,8101.77,31916.59,247353.57,86.09,450127.81
1160,Gujarat,Kheda,2013,Wheat,Rabi,Alluvial,4.15,31.2,309.3,43,6.78,294.1,64.9,231.4,NPK,160,Drip,10,No,High,41568,41664,96,3572.23,14824.75,44555.22,184904.16,21.19,129232.29
1161,Maharashtra,Amravati,2019,Cotton,Kharif,Red,15.68,27.8,1081.8,74.2,5.65,210.2,26.5,140.5,Urea,146,Sprinkler,3,Yes,High,43694,43861,167,1603.32,25140.06,28766.17,451053.55,96.5,1974962.24
1162,Bihar,Vaishali,2015,Wheat,Rabi,Alluvial,24.91,21.1,663.8,40.3,6.83,298.8,71.6,268.7,Organic,154.9,Drip,7,No,Medium,42319,42434,115,4840.43,120575.11,24431.13,608579.45,24.69,2368420.02
1163,Maharashtra,Kolhapur,2016,Cotton,Kharif,Alluvial,11.33,27,1394.9,73.5,7.01,308.2,50.3,222,Urea,129.9,Flood,2,No,Medium,42600,42766,166,1452.28,16454.33,33933.11,384462.14,74.96,848954.44
1164,Madhya Pradesh,Jabalpur,2017,Barley,Rabi,Red,25.77,21,257.2,38.4,5.98,206.7,45.8,145.2,NPK,197.5,Canal,2,Yes,Low,43027,43124,97,3035.76,78231.54,40126.61,1034062.74,28.19,1171284.37
1165,Madhya Pradesh,Indore,2014,Jowar,Kharif,Black,47.91,25.5,1501.1,75.8,7.1,276.5,33.2,289.3,Urea,134,Sprinkler,3,No,Low,41859,41999,140,1071.21,51321.67,37033.07,1774254.38,33.17,-71914.59
1166,Karnataka,Haveri,2021,Groundnut,Zaid,Silty,20.06,30.7,30,45.9,7.1,251.8,53.2,263.4,Urea,131.2,Flood,3,Yes,Medium,44292,44397,105,1260.22,25280.01,36358.4,729349.5,79.01,1268024.09
1167,Madhya Pradesh,Gwalior,2018,Soybean,Kharif,Silty,44.55,32.6,956,68.4,6.9,241.1,66.3,214.8,DAP,102.1,Canal,5,No,Low,43266,43379,113,1444.24,64340.89,28877.97,1286513.56,57.5,2413087.61
1168,Bihar,Gaya,2012,Jowar,Kharif,Red,5.4,23.3,1205.4,61,6.07,186.4,33.7,160.5,Mixed,101.2,Flood,2,No,Low,41068,41203,135,1283.54,6931.12,33798.57,182512.28,27.16,5736.94
1169,Odisha,Ganjam,2013,Maize,Zaid,Clayey,25.41,30.9,552.4,40.6,7.23,314,69.9,286,Organic,229.8,Drip,8,Yes,Medium,41383,41504,121,4930.48,125283.5,31414.05,798231.01,20.41,1758805.22
1170,Madhya Pradesh,Sagar,2017,Soybean,Kharif,Black,35.59,21.6,999.4,68.9,7.22,286.3,61.6,296.2,NPK,103.4,Drip,3,Yes,Medium,42935,43054,119,2019.69,71880.77,30971.56,1102277.82,60.99,3281730.34
1171,Odisha,Kalahandi,2015,Cotton,Kharif,Red,45.01,27.4,2289.1,66.5,6.25,171.9,49.8,120.9,NPK,165.2,Canal,1,No,Low,42158,42343,185,1557.14,70086.87,41606.4,1872704.06,70.32,3055804.64
1172,Odisha,Bargarh,2017,Moong,Kharif,Loamy,27.78,29.1,1831,56.3,6.22,219.2,48.9,210.2,Urea,146.7,Flood,1,Yes,Low,42872,42935,63,748.59,20795.83,33420.09,928410.1,86.79,876459.99
1173,Andhra Pradesh,Nellore,2020,Rice,Rabi,Sandy,32.91,31,51.5,55.2,7.08,139.4,25.1,114.8,Organic,160.3,Sprinkler,9,No,Low,44157,44276,119,3193.73,105105.65,37180.91,1223623.75,35.12,2467686.68
1174,Bihar,Gaya,2020,Mustard,Rabi,Sandy,6.82,25.1,471.3,42.2,6.66,170.8,19.3,104.9,Urea,144.1,Drip,10,No,Medium,44184,44317,133,1615.87,11020.23,34721.16,236798.31,77.18,613743.04
1175,West Bengal,Hooghly,2012,Maize,Rabi,Loamy,12.56,28.2,284.8,35.1,6.32,277.1,69.1,257.2,NPK,130.3,Drip,4,Yes,High,41218,41336,118,4457.26,55983.19,41462.8,520772.77,17.37,451655.24
1176,Bihar,Purnia,2012,Jowar,Rabi,Black,17.55,22.5,200.6,63.9,7.12,275.1,47.6,317.2,NPK,115.5,Drip,8,No,Low,41285,41378,93,1524.18,26749.36,31908.21,559989.09,27.62,178828.23
1177,Odisha,Balasore,2019,Cotton,Kharif,Red,49.54,28.5,2079.4,61.8,5.78,206.8,20.8,137.5,Urea,75.8,Flood,1,Yes,Low,43605,43789,184,1311.07,64950.41,32450.25,1607585.38,88.84,4162609.04
1178,Haryana,Kurukshetra,2022,Bajra,Kharif,Red,6.41,22.7,593.1,66.7,6.71,214.2,36.9,127.6,Mixed,108.2,Flood,2,Yes,High,44783,44882,99,1137.14,7289.07,35974.18,230594.49,44.24,91873.97
1179,Odisha,Khurda,2016,Maize,Zaid,Black,46.97,31.6,598.3,55.2,7.68,274.5,54.4,307,NPK,134.9,Flood,3,Yes,Low,42432,42561,129,5060.78,237704.84,37764.15,1773782.13,25.97,4399412.56
1180,Maharashtra,Satara,2015,Mustard,Rabi,Loamy,9.89,26.8,348,45.4,6.7,244.9,60.7,254.2,DAP,50.9,Canal,4,Yes,Medium,42327,42448,121,1557.28,15401.5,35934.95,355396.66,68.49,699452.08
1181,Telangana,Karimnagar,2018,Rice,Rabi,Loamy,47.07,27.1,403.4,58.2,6.97,266.2,41.7,211.6,Urea,154.3,Sprinkler,6,No,Medium,43439,43565,126,3212.73,151223.2,35694.19,1680125.52,32.37,3214969.46
1182,Tamil Nadu,Erode,2016,Groundnut,Kharif,Red,7.8,30.9,1255.9,56.6,5.88,218.9,63.6,138.3,Mixed,290.1,Canal,1,No,Medium,42508,42639,131,2373.8,18515.64,40064.64,312504.19,69.95,982664.83
1183,Madhya Pradesh,Jabalpur,2013,Soybean,Kharif,Alluvial,47.39,28.7,1232.6,49.2,7.04,311.3,82.2,228.1,DAP,130.5,Sprinkler,3,Yes,High,41432,41557,125,1449.46,68689.91,36525.85,1730960.03,48.35,1590197.12
1184,Uttar Pradesh,Prayagraj,2022,Wheat,Rabi,Loamy,20.58,18.5,455.3,42,7.52,229.9,43.7,212.6,Urea,69.3,Canal,4,Yes,Medium,44902,44999,97,4659.01,95882.43,26907.19,553749.97,38.12,3101288.26
1185,Gujarat,Banaskantha,2017,Bajra,Kharif,Clayey,36.23,28.1,825.1,79.8,7.31,245.7,62,251.1,NPK,136.2,Sprinkler,2,No,Medium,42932,43028,96,1386.82,50244.49,28651.87,1038057.25,35.73,757178.38
1186,West Bengal,Bankura,2015,Maize,Kharif,Alluvial,21.83,27.1,1538.6,62.7,6.96,318.2,79.2,265.9,NPK,210.4,Drip,5,Yes,Medium,42225,42340,115,4888.02,106705.48,42892.33,936339.56,21.47,1354627.1
1187,Rajasthan,Sri Ganganagar,2013,Rice,Kharif,Loamy,9.68,29.4,525.9,36.8,6.41,277.4,74.3,185.6,Mixed,283.4,Sprinkler,8,Yes,Low,41413,41544,131,3629.84,35136.85,38892.42,376478.63,25.96,535674
1188,Maharashtra,Nagpur,2017,Jowar,Kharif,Black,7.27,25.7,935.9,75.9,7.49,283,44.6,314,Organic,256.6,Sprinkler,6,No,Low,42931,43032,101,1838.73,13367.57,42929.89,312100.3,42.21,252144.83
1189,Gujarat,Rajkot,2016,Rice,Kharif,Silty,40.92,29.4,634.8,58.2,6.72,246.1,79.1,224.8,Mixed,216.7,Canal,5,No,Low,42512,42638,126,4647.44,190173.24,38479.55,1574583.19,31.81,4474827.57
1190,Rajasthan,Bharatpur,2016,Maize,Rabi,Alluvial,26.94,25.1,228,51,7.46,274.3,49.2,240,Urea,72.5,Drip,7,No,High,42743,42862,119,3845.67,103602.35,23901.4,643903.72,22.23,1659176.52
1191,West Bengal,Murshidabad,2019,Bajra,Kharif,Sandy,16.26,27.2,1541,79.5,6.33,114.6,39.5,91.1,DAP,123,Sprinkler,7,No,Low,43620,43700,80,1464.13,23806.75,37208.32,605007.28,40.91,368926.86
1192,Madhya Pradesh,Sagar,2022,Maize,Zaid,Alluvial,6.07,32.7,541,56.5,6.92,284.2,80,265.3,DAP,134.4,Drip,7,No,Medium,44666,44772,106,4558.51,27670.16,34764.66,211021.49,29.16,595840.38
1193,Madhya Pradesh,Ujjain,2022,Bajra,Kharif,Red,20.32,26.4,1112.1,53.9,6.28,228.7,25.9,145.9,Urea,168.6,Canal,2,Yes,Low,44784,44868,84,1168.98,23753.67,42194.21,857386.35,40.01,92997.99
1194,Gujarat,Kheda,2015,Rice,Kharif,Alluvial,40.78,29.9,839.5,52,7.44,312.5,70.9,250,Organic,268,Flood,3,Yes,Medium,42145,42307,162,4054.86,165357.19,29656.63,1209397.37,27.38,3318082.49
1195,Tamil Nadu,Thanjavur,2012,Bajra,Kharif,Red,15.8,28.6,1151.3,56.4,6.24,186.7,26.1,127.1,Urea,118.1,Drip,1,No,Medium,41031,41107,76,1272.28,20102.02,38290.02,604982.32,25.5,-92380.81
1196,Gujarat,Mehsana,2022,Bajra,Kharif,Clayey,24.97,29.3,678.7,61.6,7.07,266.6,71.7,271.2,Organic,243.1,Drip,4,No,Low,44750,44861,111,1781.41,44481.81,41817.73,1044188.72,38.38,663023.15
1197,Uttar Pradesh,Agra,2015,Wheat,Rabi,Alluvial,39.31,22.6,484,49.9,7.44,345.5,58.4,220.6,Urea,168.8,Canal,3,No,Low,42325,42445,120,5159.33,202813.26,41127.11,1616706.69,26.66,3790294.82
1198,Gujarat,Surat,2017,Moong,Kharif,Sandy,35.12,29,974.8,55.6,6.74,136.2,14.7,104.5,Urea,78.1,Flood,4,No,Medium,42894,42958,64,938.41,32956.96,32777.3,1151138.78,95,1979772.42
1199,Madhya Pradesh,Ujjain,2012,Maize,Rabi,Black,23.74,17.5,139.1,52.7,7.95,297,42,290.2,Urea,87.2,Drip,5,No,Low,41225,41329,104,3687.76,87547.42,32958.05,782424.11,19.82,952765.75
1200,Haryana,Karnal,2020,Moong,Kharif,Loamy,24.82,30.4,480.3,65.3,6.95,232.1,45.3,230.5,Urea,159.6,Drip,6,Yes,Low,44047,44134,87,1085.46,26941.12,33084.46,821156.3,104.57,1996076.62
1201,Uttar Pradesh,Varanasi,2013,Maize,Rabi,Silty,46.19,19.4,369.5,40.9,6.9,285.5,45.4,203.4,Urea,144.7,Canal,1,Yes,High,41596,41721,125,3712.78,171493.31,35318.63,1631367.52,20.09,1813933.08
1202,Odisha,Bargarh,2020,Barley,Rabi,Alluvial,7.51,20.6,848.9,28.5,7.8,295.2,55,218.8,Urea,77.4,Flood,3,No,High,44180,44291,111,2825.31,21218.08,19789.92,148622.3,27.48,434450.54
1203,Uttar Pradesh,Agra,2022,Wheat,Rabi,Alluvial,9.34,23.7,337.2,59.7,7.1,293.9,73.7,253.4,Mixed,130.9,Flood,4,No,Medium,44877,45007,130,4159.71,38851.69,34217.74,319593.69,32.7,950856.57
1204,Gujarat,Kheda,2012,Cotton,Kharif,Clayey,43.29,28,641.4,62.2,7.58,259.4,55,278.7,Organic,264,Canal,4,No,Low,41097,41270,173,1902.44,82356.63,34050.06,1474027.1,71.07,4379058.59
1205,Madhya Pradesh,Bhopal,2022,Wheat,Rabi,Alluvial,38.72,23.4,361.8,51.2,7,304.7,64.2,255.2,Urea,60.8,Sprinkler,6,Yes,Medium,44935,45036,101,4432.22,171615.56,38908.44,1506534.8,32.61,4089848.61
1206,West Bengal,Bankura,2014,Wheat,Rabi,Loamy,33.01,25.2,424.8,57.2,7.21,246,42.5,238.6,Organic,201.4,Canal,2,No,Low,42010,42130,120,4679.97,154485.81,28083.58,927038.98,24.98,2932016.55
1207,Maharashtra,Nashik,2017,Barley,Rabi,Loamy,4.78,23.5,287.8,59.8,7.29,227,58.6,239.5,Organic,247.9,Sprinkler,7,Yes,High,43078,43209,131,3829.37,18304.39,31698.47,151518.69,25.75,319819.35
1208,Bihar,Bhagalpur,2013,Wheat,Rabi,Clayey,29.83,20.7,497.4,34.6,7.22,240.8,65.7,258.1,Organic,211.1,Canal,3,Yes,Medium,41622,41734,112,4465.96,133219.59,26401.84,787566.89,25.63,2626851.2
1209,Madhya Pradesh,Sagar,2019,Soybean,Kharif,Loamy,4.02,27.4,874.3,57.8,6.65,254,46.9,194.9,Organic,160.6,Drip,5,Yes,Low,43678,43776,98,1408.26,5661.21,35138.24,141255.72,57.15,182282.43
1210,Telangana,Siddipet,2013,Rice,Kharif,Loamy,23.41,28.5,1067.9,67.5,6.89,275.3,38.4,211.8,Urea,150.2,Canal,1,No,Low,41401,41547,146,4548.57,106482.02,32101.22,751489.56,24.56,1863708.85
1211,Andhra Pradesh,Chittoor,2018,Wheat,Zaid,Alluvial,7.03,32.8,393.8,38.6,7.15,305.8,70.3,238.6,NPK,205,Flood,5,No,Low,43137,43259,122,3402.15,23917.11,24789.12,174267.51,25.58,437532.16
1212,West Bengal,Birbhum,2022,Mustard,Rabi,Alluvial,10.55,19,678.7,52.5,6.82,314.6,83.7,248.9,NPK,129.3,Sprinkler,6,No,Medium,44947,45076,129,1822,19222.1,44782.1,472451.16,77.35,1014378.27
1213,Andhra Pradesh,Krishna,2022,Groundnut,Kharif,Loamy,42.19,33.8,1044,87.1,7.19,246.6,57.7,228,Organic,143.2,Sprinkler,2,No,Low,44748,44862,114,2260.52,95371.34,30157.23,1272333.53,94.41,7731674.68
1214,Odisha,Kalahandi,2019,Mustard,Rabi,Alluvial,20.08,27.6,584.1,70.3,7.56,290.2,58.7,224.5,Organic,233.8,Canal,7,No,Low,43840,43965,125,1746.67,35073.13,42086.57,845098.33,68.28,1549694.99
1215,Rajasthan,Ajmer,2019,Groundnut,Kharif,Red,13.22,27,353.5,62.9,6.81,183.8,33.2,141.2,Urea,106.3,Drip,8,No,Low,43649,43775,126,2582.91,34146.07,28998.88,383365.19,73.06,2111346.68
1216,Gujarat,Ahmedabad,2012,Cotton,Kharif,Red,48.16,25,836.5,59.8,5.85,216.4,65.7,178.3,Mixed,247.8,Flood,1,Yes,High,41128,41280,152,1538.38,74088.38,36024.19,1734924.99,70.67,3500900.82
1217,Karnataka,Mysuru,2013,Jowar,Kharif,Black,9.37,23.5,603.3,32.5,7.31,312.5,40.2,284.7,Urea,65.9,Drip,7,No,Low,41494,41604,110,1755.82,16452.03,35063.77,328547.52,36.62,273925.82
1218,Gujarat,Rajkot,2014,Groundnut,Kharif,Red,30.78,32.1,681.8,73,5.95,197.5,53.5,162.9,Organic,256.5,Sprinkler,3,No,Medium,41861,41976,115,2123.71,65367.79,32701.14,1006541.09,63.17,3122742.2
1219,Gujarat,Banaskantha,2018,Groundnut,Kharif,Sandy,30.79,34.7,749,60.9,6.28,120.1,52.4,85.9,DAP,120.9,Sprinkler,4,No,Medium,43291,43405,114,2388.7,73548.07,38183.85,1175680.74,79.4,4664036.02
1220,Maharashtra,Ahmednagar,2021,Cotton,Kharif,Red,1.35,26.8,1269.2,58.9,5.6,200.4,38.7,147.9,DAP,72.6,Sprinkler,4,No,High,44396,44574,178,1618.5,2184.98,37129.55,50124.89,100.99,170536.24
1221,Odisha,Ganjam,2014,Maize,Kharif,Black,5.44,26.1,1748,76,7.56,273.3,37.3,310.1,Urea,178.6,Sprinkler,2,Yes,Medium,41810,41930,120,3256.53,17715.52,26113.66,142058.31,24.77,296755.12
1222,Uttar Pradesh,Meerut,2012,Moong,Zaid,Alluvial,45.01,33.2,384.2,47.9,7.01,272.7,61.4,289.5,Organic,257.7,Sprinkler,8,Yes,Medium,40962,41028,66,779.62,35090.7,20941.01,942554.86,73.88,1649946.06
1223,Tamil Nadu,Erode,2015,Maize,Rabi,Alluvial,15.44,26.3,218.5,56.8,7.21,323.7,59.8,200.8,Urea,163.1,Drip,6,Yes,Low,42354,42481,127,5370.17,82915.42,36135.62,557933.97,23.9,1423744.57
1224,Andhra Pradesh,West Godavari,2016,Cotton,Kharif,Red,39.05,24,1171.4,62.6,5.95,183.6,42.7,158,Organic,142.6,Flood,1,Yes,Medium,42540,42693,153,1713.58,66915.3,29144.71,1138100.93,72.55,3716604.08
1225,Madhya Pradesh,Vidisha,2017,Barley,Rabi,Black,27.99,26.1,369.1,52.8,7.75,301.5,58.1,315.2,Mixed,167.5,Drip,8,Yes,Medium,43107,43223,116,4653.91,130262.94,34797.9,973993.22,23.63,2104120.05
1226,Tamil Nadu,Erode,2012,Jowar,Kharif,Loamy,9.56,28.8,681.9,83,7.06,252,46.8,247,Urea,64,Sprinkler,1,No,Low,41127,41259,132,1918.52,18341.05,29394,281006.64,33.92,341121.78
1227,Maharashtra,Ahmednagar,2022,Maize,Kharif,Black,35.68,30.5,976.8,61,7.55,329.7,57.4,319.1,Mixed,266.2,Sprinkler,3,No,Low,44790,44905,115,4773.15,170305.99,33780.68,1205294.66,30.91,4058863.49
1228,Uttar Pradesh,Kanpur Nagar,2018,Groundnut,Zaid,Loamy,15.45,33.2,245.7,50.1,7,255.2,67.1,230.9,NPK,204.5,Drip,7,No,Low,43193,43324,131,2398.84,37062.08,35218.06,544119.03,65.38,1878999.76
1229,Telangana,Mahbubnagar,2012,Rice,Kharif,Clayey,17.25,31.5,1067.6,65,7.1,253.4,47.1,249.6,Urea,157.8,Canal,3,Yes,Medium,41092,41212,120,4523.07,78022.96,34171.69,589461.65,25.9,1431333.01
1230,Karnataka,Haveri,2014,Maize,Kharif,Sandy,10.62,25.4,1048.4,57.7,5.94,126.8,20.7,129.3,Organic,141.5,Flood,1,No,Low,41791,41889,98,3696.68,39258.74,43261.38,459435.86,23.69,470603.69
1231,Punjab,Bathinda,2012,Rice,Kharif,Alluvial,22.16,25.6,648.1,68.2,7.57,265.9,72.2,272.1,Organic,227.3,Drip,7,No,Low,41053,41207,154,5217.53,115620.46,38168.91,845823.05,26.56,2225056.37
1232,Bihar,Bhagalpur,2019,Rice,Kharif,Alluvial,5,26.9,1442.3,67.2,7.11,323.6,74.2,246.4,Mixed,159.2,Drip,2,No,Low,43618,43736,118,4104.83,20524.15,35795.85,178979.25,37.74,595602.17
1233,Bihar,Gaya,2014,Groundnut,Kharif,Loamy,36.62,22.7,865.4,72.4,6.62,253.1,73.1,232.9,NPK,208.3,Canal,2,No,Low,41822,41950,128,2354.22,86211.54,30447.38,1114983.06,60.98,4142196.65
1234,Haryana,Fatehabad,2022,Mustard,Rabi,Sandy,18.31,20.2,102.8,45.7,6.76,188.3,47.8,141.4,Mixed,287.1,Canal,8,No,Low,44930,45064,134,1486.36,27215.25,40118.15,734563.33,84.92,1576555.7
1235,Tamil Nadu,Madurai,2020,Barley,Rabi,Sandy,30.14,27.5,283,54.1,6.77,125.6,46.4,105.7,DAP,100.6,Sprinkler,7,Yes,High,44217,44321,104,2570.99,77489.64,33427.58,1007507.26,30.81,1379948.55
1236,Odisha,Kalahandi,2018,Cotton,Kharif,Red,39.82,29.5,1770,77.7,5.71,197.1,21.5,166.1,Urea,135.3,Drip,2,No,Low,43259,43440,181,1860.67,74091.88,23502.52,935870.35,89.91,5725730.58
1237,Haryana,Ambala,2013,Wheat,Rabi,Black,33.65,22.5,65,55.2,6.96,266.1,66.7,290.2,DAP,148.3,Drip,6,No,Medium,41555,41694,139,3273.83,110164.38,30947.24,1041374.63,23.5,1547488.3
1238,Haryana,Fatehabad,2012,Bajra,Kharif,Red,9.32,27.3,688.3,72.9,5.83,200.5,34.3,136,DAP,60.4,Sprinkler,1,Yes,High,41080,41164,84,906.35,8447.18,30686.2,285995.38,30.94,-24639.63
1239,Gujarat,Rajkot,2019,Wheat,Rabi,Red,42.93,29.6,335.5,47.4,6.36,170.8,27.9,101.6,Urea,86.4,Sprinkler,6,Yes,Low,43854,43965,111,4022.6,172690.22,31964.27,1372226.11,29.86,3784303.86
1240,Uttar Pradesh,Bareilly,2013,Maize,Kharif,Alluvial,10.52,22.9,1080.2,65.9,7.1,351,47.3,231.8,Urea,169.1,Flood,4,Yes,Medium,41474,41588,114,4422.76,46527.44,31402.63,330355.67,21.4,665331.55
1241,Rajasthan,Bikaner,2016,Groundnut,Zaid,Loamy,1.53,33.8,30,45.2,7.03,271.6,61.7,204.6,Mixed,219.8,Canal,4,Yes,High,42477,42608,131,1589.7,2432.24,35948.22,55000.78,65.54,104408.23
1242,West Bengal,Hooghly,2014,Bajra,Kharif,Black,45.65,27.7,1913.7,67.9,7.53,292.8,63.8,317.3,NPK,209,Flood,1,No,Low,41799,41885,86,1301.41,59409.37,36938.48,1686241.61,32.48,243374.73
1243,Andhra Pradesh,Kurnool,2012,Cotton,Rabi,Black,7.97,28.2,216.1,45.1,7.3,292.9,36.3,284,Urea,63.3,Flood,4,No,Low,41187,41375,188,1788.66,14255.62,34529.35,275198.92,59.57,574008.36
1244,Rajasthan,Kota,2013,Soybean,Kharif,Sandy,12.01,37.1,302.3,48.5,6.56,149,29.3,121.3,Urea,131,Canal,6,No,Low,41493,41585,92,874.39,10501.42,40705.23,488869.81,50.51,41556.91
1245,Punjab,Firozpur,2013,Rice,Kharif,Loamy,3.68,22.9,650.4,77.4,7.05,258.9,56.8,217.8,Mixed,206.9,Flood,1,Yes,High,41396,41523,127,2815.32,10360.38,40258.71,148152.05,29.35,155925.1
1246,West Bengal,Murshidabad,2014,Barley,Rabi,Sandy,43.55,21.3,703.9,46,6.13,144,41.8,130.9,Mixed,232.5,Flood,3,Yes,High,41924,42037,113,2860.01,124553.44,29535.94,1286290.19,22.98,1575947.86
1247,Rajasthan,Sri Ganganagar,2022,Wheat,Rabi,Loamy,32.07,22.2,30,48.2,6.86,258,55.4,195.2,Mixed,196.1,Canal,3,Yes,Medium,44941,45076,135,3448.52,110594.04,34867,1118184.69,32.9,2520359.23
1248,Rajasthan,Ajmer,2016,Jowar,Kharif,Black,9.36,31,475.3,63.8,7.97,292.9,32,297.4,Urea,73.4,Flood,2,No,Low,42528,42636,108,1809.92,16940.85,29526.07,276364.02,33.37,288952.14
1249,Madhya Pradesh,Ujjain,2012,Maize,Kharif,Alluvial,4.96,32,914.4,65.4,6.96,296.7,58.2,253.5,Organic,165,Drip,6,No,Low,41108,41211,103,4803.29,23824.32,38386.87,190398.88,19.48,273698.87
1250,Telangana,Siddipet,2014,Mustard,Rabi,Clayey,3.32,25.3,30,58.8,7.23,301.5,59.1,263.1,Organic,224.3,Drip,4,Yes,Low,41992,42120,128,1222.96,4060.23,25727.23,85414.4,56.34,143338.96
1251,Maharashtra,Satara,2018,Wheat,Rabi,Loamy,27.43,23.1,266.1,49.4,6.63,203.8,73.8,175.6,DAP,143.6,Flood,4,Yes,Medium,43375,43470,95,3319.81,91062.39,21726.91,595969.14,27.59,1916442.2
1252,Madhya Pradesh,Bhopal,2012,Maize,Kharif,Clayey,46.28,28.5,1318.7,68.4,7.58,299,48.6,266.1,Urea,126,Flood,1,No,Low,41098,41221,123,4631.83,214361.09,41250.91,1909092.11,18.01,1951551.12
1253,Telangana,Karimnagar,2022,Groundnut,Rabi,Loamy,42.96,25.5,30,66.6,6.64,242.6,55.6,231.3,NPK,103,Flood,3,No,Low,44939,45073,134,2092.57,89896.81,33631.11,1444792.49,83.34,6047207.66
1254,Tamil Nadu,Dindigul,2014,Cotton,Kharif,Black,10.46,31.1,1046.8,67.7,7.93,282.9,38.1,324.7,Organic,275.7,Flood,1,No,Low,41845,42001,156,1771.92,18534.28,37075.32,387807.85,73.96,982987.5
1255,Madhya Pradesh,Ujjain,2013,Soybean,Kharif,Clayey,16.61,29.9,990.4,68.1,6.92,302.6,74,250.2,NPK,183.2,Canal,1,Yes,Medium,41437,41538,101,1439.83,23915.58,31673.63,526098.99,44.22,531447.96
1256,Odisha,Khurda,2018,Bajra,Kharif,Clayey,42.89,31.8,1714.2,60.9,7.57,276.5,73.8,232.1,DAP,132.6,Drip,5,No,Low,43234,43349,115,1369.93,58756.3,33432.75,1433930.65,36.35,701860.86
1257,Telangana,Khammam,2015,Groundnut,Kharif,Silty,29.19,30,844.5,56.6,7.12,264.2,49.6,278.5,NPK,208.6,Canal,3,Yes,Medium,42230,42337,107,1928.84,56302.84,29028.17,847332.28,61.85,2634998.37
1258,Tamil Nadu,Madurai,2020,Groundnut,Kharif,Silty,38.3,29.6,733,82.7,7.29,240.8,66.5,272.9,NPK,132.8,Canal,4,No,Medium,43974,44083,109,2126.69,81452.23,36105.55,1382842.56,76.98,4887350.11
1259,Andhra Pradesh,Anantapur,2021,Mustard,Rabi,Alluvial,30.32,20.1,190.1,44.1,6.78,291,74.3,242.4,Mixed,213.1,Flood,5,Yes,High,44550,44677,127,1514.68,45925.1,36775.48,1115032.55,77.72,2454266.22
1260,West Bengal,Birbhum,2022,Mustard,Rabi,Red,21.44,23.3,30,55.9,6.43,187.2,31.9,171.3,Organic,191.2,Canal,4,Yes,Medium,44884,45017,133,1256.46,26938.5,41560.21,891050.9,86.01,1425929.49
1261,Rajasthan,Kota,2019,Mustard,Rabi,Loamy,34.44,26.7,30,51.8,7.04,260.6,63.2,230.4,NPK,123,Sprinkler,11,Yes,Medium,43756,43889,133,1417.84,48830.41,38224.33,1316445.93,69.65,2084592.13
1262,Telangana,Khammam,2018,Maize,Zaid,Loamy,10.71,33.9,331.1,64.7,6.46,232.7,49,236.1,Organic,185.8,Sprinkler,7,No,Low,43207,43316,109,4763.24,51014.3,41715.49,446772.9,25.37,847459.89
1263,Bihar,Muzaffarpur,2018,Rice,Kharif,Loamy,16.67,26.8,1332.8,70.4,7.06,253.5,56,219.3,Mixed,133.3,Drip,4,No,Medium,43292,43402,110,3391.32,56533.3,32216.1,537042.39,32.31,1289548.53
1264,Uttar Pradesh,Meerut,2012,Wheat,Rabi,Alluvial,13.89,27.6,271,49.6,6.77,299.8,95.7,255.1,Mixed,220.4,Flood,5,No,Low,41287,41400,113,4732.9,65739.98,38935.71,540817.01,22.82,959369.33
1265,Telangana,Khammam,2017,Cotton,Kharif,Loamy,31.13,25.7,1101.2,63.3,7.08,228.7,67.2,219.9,DAP,98.2,Flood,2,Yes,Medium,42908,43060,152,1729.62,53843.07,29118.63,906462.95,81.36,3474209.23
1266,Bihar,Nalanda,2016,Barley,Rabi,Loamy,2.84,19.1,542.9,32.7,7.23,231.3,58.1,249.1,Organic,143.9,Drip,4,Yes,High,42718,42828,110,4300.12,12212.34,43686.88,124070.74,25.11,182581.12
1267,Madhya Pradesh,Indore,2022,Maize,Kharif,Black,19.68,25.7,1282.3,63.1,7.45,274.4,61.6,321.1,DAP,114.5,Sprinkler,4,No,Low,44700,44828,128,4841.89,95288.4,25642,504634.56,26.25,1996685.94
1268,Haryana,Panipat,2021,Rice,Kharif,Black,32.85,26.7,599,55.4,7.57,292,54,286.2,Mixed,110.4,Drip,3,No,Medium,44391,44529,138,3576.21,117478.5,42613.73,1399861.03,43.08,3661112.75
1269,Tamil Nadu,Nagapattinam,2014,Cotton,Kharif,Loamy,13.93,32.2,953.8,60.5,6.07,240.7,31.1,214.1,Urea,111.3,Flood,1,Yes,High,41780,41978,198,1318.87,18371.86,20136.71,280504.37,73.01,1060825.13
1270,Rajasthan,Bikaner,2016,Wheat,Rabi,Loamy,8.66,26.3,174.2,45.2,6.74,257.6,67.2,217.1,DAP,145.5,Sprinkler,7,No,Medium,42744,42881,137,3917.67,33927.02,31177,269992.82,26.8,639251.32
1271,Punjab,Jalandhar,2014,Mustard,Rabi,Alluvial,9.62,17.2,371.4,41.8,7.89,267.9,89.8,245.8,NPK,202.1,Flood,2,No,Low,41993,42126,133,1843.92,17738.51,38552.15,370871.68,60.9,709403.58
1272,Telangana,Karimnagar,2013,Soybean,Kharif,Loamy,34.39,27.8,1116.7,59.4,6.37,234.9,54.5,214.7,DAP,99.9,Sprinkler,5,No,Low,41470,41561,91,2094.67,72035.7,28056.67,964868.88,52.51,2817725.73
1273,Gujarat,Junagadh,2021,Maize,Kharif,Loamy,16.98,27.1,515.5,49.6,6.66,243,52.6,208.1,DAP,50.6,Sprinkler,7,No,Medium,44365,44469,104,4231.47,71850.36,35528.26,603269.85,33.06,1772103.05
1274,Gujarat,Vadodara,2013,Wheat,Rabi,Red,46.5,24.4,299.2,57.2,6.08,157.4,28.2,142.7,NPK,97.9,Drip,5,Yes,Low,41548,41658,110,3857.77,179386.3,31239.64,1452643.26,24.38,2920794.73
1275,Odisha,Sambalpur,2015,Bajra,Kharif,Red,31.07,27.1,1428.6,57.3,6.74,183.3,39.3,160.1,NPK,188.1,Flood,1,No,Low,42232,42317,85,1060.98,32964.65,26742.72,830896.31,31.38,203534.41
1276,Tamil Nadu,Erode,2022,Maize,Kharif,Loamy,24.72,29.4,914,52.8,7.14,237.7,57.3,216,Urea,145.5,Sprinkler,4,No,Low,44748,44860,112,4767.62,117855.57,35611.49,880316.03,33.51,3069024.12
1277,Andhra Pradesh,Krishna,2019,Rice,Kharif,Loamy,11.9,27.2,1219.5,68.1,6.83,263.4,44.3,199.3,Mixed,118.5,Canal,3,No,Low,43597,43726,129,3976.45,47319.76,24446.52,290913.59,36.55,1438623.64
1278,Gujarat,Vadodara,2017,Jowar,Kharif,Red,10.37,28.4,914.3,71.5,5.99,200.7,37.1,150,NPK,96.7,Canal,1,No,Medium,42920,43060,140,1839.09,19071.36,31755.29,329302.36,38.17,398651.45
1279,West Bengal,Nadia,2018,Bajra,Kharif,Red,14.62,26.9,1955.1,67,6.11,171.1,62.4,130.2,DAP,129.4,Drip,2,No,Low,43269,43348,79,1302.02,19035.53,31289.28,457449.27,39.12,287220.66
1280,Tamil Nadu,Dindigul,2014,Maize,Kharif,Loamy,24.39,28,1357.3,66.7,6.57,236.2,63,222.3,NPK,125.7,Flood,1,No,Medium,41874,41983,109,4747.71,115796.65,29544.62,720593.28,23.11,1955467.3
1281,Odisha,Khurda,2013,Cotton,Rabi,Black,37.24,20,438.7,41.4,7.53,275,78.1,307.3,DAP,136.9,Canal,6,No,Low,41646,41814,168,1719.44,64031.95,31294.43,1165404.57,75.96,3698462.35
1282,Uttar Pradesh,Varanasi,2021,Bajra,Zaid,Loamy,13.47,32.2,43.7,45.1,7.05,232.9,73.1,246.9,Mixed,215.1,Canal,8,Yes,High,44260,44372,112,953.15,12838.93,34009.98,458114.43,44.31,110778.56
1283,Gujarat,Ahmedabad,2021,Groundnut,Kharif,Loamy,26.8,29.9,1034.4,63.3,7.26,256.6,70.7,199.7,Mixed,219.1,Drip,6,Yes,Low,44320,44423,103,2221.39,59533.25,38695.77,1037046.64,83.02,3905403.78
1284,Madhya Pradesh,Sagar,2014,Wheat,Rabi,Clayey,31.15,21.5,431.7,42.1,7.3,244.8,69.7,235.6,DAP,89,Sprinkler,7,Yes,Medium,41983,42088,105,3381.23,105325.31,27390.07,853200.68,24.1,1685139.29
1285,Telangana,Siddipet,2021,Maize,Kharif,Red,47.3,33,1194.1,48.1,7.06,177.9,48.8,119.3,DAP,113.5,Flood,1,No,Medium,44402,44523,121,3708.26,175400.7,31305.04,1480728.39,26.67,3197208.28
1286,Bihar,Muzaffarpur,2021,Wheat,Rabi,Alluvial,41.09,22.3,366.6,37,7.43,316.5,77.1,214.6,Mixed,232.1,Drip,5,No,Medium,44585,44714,129,5562.44,228560.66,46493.76,1910428.6,33.74,5801208.07
1287,Rajasthan,Alwar,2022,Mustard,Rabi,Sandy,40.64,24.8,87.1,58.9,6.75,187,49.7,97.3,Mixed,205.8,Sprinkler,7,Yes,High,44927,45043,116,881.33,35817.25,33717.38,1370274.32,82.79,1595035.81
1288,Odisha,Bargarh,2015,Cotton,Kharif,Loamy,37.72,32.2,1958.3,61.7,6.8,220.4,53.5,261.8,Organic,149.2,Sprinkler,1,Yes,Low,42233,42389,156,1895.83,71510.71,37555.5,1416593.46,76.74,4071138.43
1289,Telangana,Warangal,2013,Soybean,Kharif,Sandy,41.75,23.3,868.8,53.9,6.82,131.4,37.9,106.3,Mixed,102.3,Flood,1,No,Medium,41403,41514,111,1243.16,51901.93,36169.21,1510064.52,51.99,1188316.82
1290,Karnataka,Raichur,2021,Rice,Kharif,Black,37.35,23.3,1144.1,61.5,7.43,314.1,46.7,274.1,Urea,86.5,Sprinkler,4,Yes,Medium,44422,44569,147,3779.03,141146.77,27971.16,1044722.83,31.33,3377405.47
1291,Tamil Nadu,Coimbatore,2019,Moong,Kharif,Sandy,39.47,28,942.8,61.5,6.41,130.8,29.9,92.4,NPK,82.8,Flood,2,Yes,Medium,43653,43716,63,853.32,33680.54,33780.63,1333321.47,83.11,1465868.21
1292,Haryana,Karnal,2015,Moong,Zaid,Sandy,34.66,27.4,181.9,55.2,7.08,151,13.8,100.7,DAP,85,Drip,3,No,Low,42073,42136,63,859.32,29784.03,32084.46,1112047.38,74.36,1102693.09
1293,Gujarat,Rajkot,2020,Barley,Kharif,Alluvial,10.68,27.9,845,79.7,7.27,255.1,59.5,199.5,NPK,108.9,Canal,6,No,Low,43992,44100,108,3814.97,40743.88,36349.75,388215.33,29.41,810062.18
1294,Odisha,Mayurbhanj,2014,Jowar,Kharif,Red,31.52,28.7,1690.1,66.1,6.11,181.6,28.7,147,Urea,102.4,Drip,3,Yes,Medium,41870,41975,105,1119.92,35299.88,25162.26,793114.44,38.21,555693.97
1295,Tamil Nadu,Erode,2018,Rice,Kharif,Alluvial,28.62,27.3,1203.6,50.3,6.38,271.1,80.7,223.5,DAP,136.1,Canal,4,Yes,Medium,43254,43405,151,4513.78,129184.38,43571.1,1247004.88,34.19,3169809.07
1296,Gujarat,Junagadh,2013,Wheat,Rabi,Alluvial,42.84,21.2,343.8,50.3,7.11,306.9,98.2,278.5,Mixed,282.2,Drip,5,Yes,Low,41569,41672,103,4933.23,211339.57,38400.36,1645071.42,24.61,3555995.4
1297,Tamil Nadu,Dindigul,2022,Cotton,Kharif,Red,4.29,28.2,897.8,65,6.09,210.3,38.2,147.7,Organic,180.4,Canal,3,Yes,Low,44748,44931,183,2086.21,8949.84,39408.09,169060.71,118.57,892121.82
1298,Haryana,Fatehabad,2017,Mustard,Rabi,Black,7.2,19.1,220.2,46.9,7.74,288.1,47.7,377.5,Organic,276.1,Drip,6,Yes,High,43083,43194,111,1330.5,9579.6,26285.77,189257.54,70.35,484667.32
1299,Madhya Pradesh,Indore,2016,Wheat,Rabi,Alluvial,29.8,16.7,165.8,47.6,7.24,284.4,83.6,270.9,DAP,117.6,Flood,2,No,Low,42652,42787,135,3563.96,106206.01,26523.03,790386.29,27.21,2099479.24
1300,Odisha,Balasore,2012,Soybean,Kharif,Loamy,9.07,29.9,1509.3,69.7,6.95,271.3,61.2,219.4,Mixed,225.3,Flood,1,Yes,Medium,41134,41240,106,1237.23,11221.68,35778.36,324509.73,45.59,187086.66
1301,Karnataka,Mysuru,2019,Cotton,Kharif,Silty,38.9,29.3,1169.3,71.9,6.68,226.7,68.2,277,Organic,246.2,Sprinkler,3,No,Medium,43695,43880,185,1972.86,76744.25,31255.77,1215849.45,77.75,4751015.99
1302,Odisha,Khurda,2015,Maize,Kharif,Black,36.75,27.1,1510.9,55.4,7.47,274.5,39.2,288.7,Urea,125.8,Flood,1,No,Low,42141,42262,121,4172.51,153339.74,46237.26,1699219.31,25.14,2155741.75
1303,Madhya Pradesh,Dewas,2016,Groundnut,Kharif,Sandy,10.05,28.7,974.6,68.3,6.46,129.2,35.7,83,Mixed,102.5,Sprinkler,5,No,High,42498,42598,100,1580.32,15882.22,30980.57,311354.73,66.13,738936.48
1304,Telangana,Medak,2012,Rice,Kharif,Loamy,44.77,31.9,884.6,54.8,6.6,242.5,59.3,195.2,DAP,56.8,Flood,1,No,Medium,41096,41208,112,2726.61,122070.33,39070.28,1749176.44,23.01,1059661.85
1305,Andhra Pradesh,Guntur,2022,Maize,Kharif,Loamy,5.44,26.6,859.9,80.9,6.61,263.1,55.3,226.2,Organic,233.2,Sprinkler,6,No,Low,44745,44836,91,5621.01,30578.29,40194.12,218656.01,29.11,671478.01
1306,Madhya Pradesh,Ujjain,2016,Maize,Rabi,Silty,7.64,25.2,410.1,54,6.75,249.9,68.5,240.8,NPK,180,Flood,1,No,Low,42645,42774,129,5244.87,40070.81,21290.35,162658.27,23.07,761775.32
1307,Rajasthan,Hanumangarh,2012,Mustard,Rabi,Alluvial,42.18,21.5,30,54.3,6.68,287.9,79.1,268.7,NPK,108.7,Canal,5,Yes,Low,41283,41414,131,1499.37,63243.43,33079.02,1395273.06,42.34,1282453.77
1308,Odisha,Ganjam,2014,Maize,Kharif,Red,15.62,29.5,1696.7,67.9,6.24,167.7,40.1,183.2,Organic,137.3,Flood,1,Yes,Medium,41796,41912,116,4137.73,64631.34,30355.79,474157.44,23.87,1068592.65
1309,Tamil Nadu,Dindigul,2013,Groundnut,Kharif,Silty,39.06,30.9,1189.7,63.8,7.32,252.9,70.7,255.5,NPK,177.2,Flood,1,No,Low,41443,41568,125,1989.27,77700.89,38484.49,1503204.18,56.81,2910983.38
1310,Punjab,Firozpur,2015,Maize,Rabi,Black,23.51,23.8,135.8,52.3,7.58,283.7,32.9,300.6,Urea,109.1,Sprinkler,6,Yes,Low,42296,42409,113,4629.68,108843.78,31530.93,741292.16,22.65,1724019.46
1311,Andhra Pradesh,Anantapur,2012,Rice,Kharif,Loamy,32.89,26.9,1340.7,82.1,7.02,245.3,51.4,234.7,NPK,110.3,Drip,3,Yes,Low,41030,41191,161,4640.1,152612.89,30533.13,1004234.65,23.57,2592851.17
1312,Uttar Pradesh,Bareilly,2013,Wheat,Rabi,Alluvial,6.44,18.4,189.3,53.5,7.03,280.9,71.4,271.9,NPK,203.8,Flood,1,Yes,Medium,41571,41698,127,4915.49,31655.76,38521.84,248080.65,22.72,471138.22
1313,Odisha,Bargarh,2017,Barley,Rabi,Alluvial,23.96,23.6,314.8,40.5,6.8,317.7,53.1,263.3,Organic,211.1,Drip,8,No,Low,43104,43230,126,4273.78,102399.77,29647.38,710351.22,27.32,2087210.5
1314,Punjab,Moga,2016,Rice,Kharif,Sandy,18.35,27.2,668.6,65.3,6,97.2,48.1,93.6,DAP,79.3,Flood,2,No,Medium,42529,42687,158,3129.27,57422.1,35420.76,649970.95,35.73,1401720.68
1315,Haryana,Kurukshetra,2012,Wheat,Rabi,Red,29.38,22.9,222.6,46.6,6.78,222.6,36.3,118.6,Urea,174.5,Drip,10,Yes,High,41268,41368,100,3481.31,102280.89,28118.81,826130.64,22.24,1448596.35
1316,Rajasthan,Hanumangarh,2019,Bajra,Kharif,Loamy,4.41,29.9,380.9,79.3,6.61,234.4,53.1,205.8,DAP,81.6,Canal,6,Yes,Low,43630,43745,115,1396.66,6159.27,42658.14,188122.4,40.78,63052.63
1317,Karnataka,Tumakuru,2020,Wheat,Zaid,Loamy,5.76,28.9,171.2,41.3,7.35,348.1,72.9,242.1,Mixed,208,Drip,6,Yes,Low,43913,44030,117,3783.79,21794.63,41247.04,237582.95,35.85,543754.54
1318,West Bengal,Murshidabad,2017,Moong,Zaid,Sandy,13.14,29.2,30,38,6.95,152.7,49.9,111.9,Mixed,276.2,Canal,9,Yes,High,42772,42854,82,715.28,9398.78,36868.67,484454.32,108.71,537287.05
1319,Tamil Nadu,Dindigul,2020,Groundnut,Kharif,Silty,22.2,25,1006.9,62.8,6.77,256.1,66.8,233.9,Mixed,153.8,Flood,1,Yes,Low,43952,44084,132,2269.2,50376.24,27177.3,603336.06,81.48,3501319.98
1320,West Bengal,Murshidabad,2021,Rice,Kharif,Alluvial,19.96,30.4,1785,52.8,7.43,271.5,65,222.9,DAP,54.4,Flood,1,No,Low,44350,44487,137,3452.51,68912.1,28304.33,564954.43,35.52,1882803.36
1321,Bihar,Gaya,2015,Mustard,Zaid,Alluvial,11.59,32.2,89.7,67.8,6.87,280,81.8,263.9,DAP,94.9,Drip,9,Yes,High,42080,42202,122,1121.54,12998.65,35904.21,416129.79,55.12,300355.8
1322,Tamil Nadu,Dindigul,2017,Maize,Kharif,Black,43.38,35.6,977.6,56.9,7.16,263.6,31.5,311.8,Urea,83.9,Flood,1,No,Medium,42861,42955,94,3852.11,167104.53,35789.83,1552562.83,23.04,2297525.54
1323,Gujarat,Junagadh,2012,Bajra,Kharif,Loamy,22.95,29.5,996.1,76.9,6.32,258.9,55.8,218.6,Mixed,175.4,Canal,1,No,Medium,41030,41140,110,1260.78,28934.9,35489.61,814486.55,29,24625.55
1324,Andhra Pradesh,Krishna,2021,Wheat,Rabi,Clayey,19.53,23.5,262.7,41.5,7.32,270.9,51.5,297.1,Organic,185,Drip,9,No,Low,44473,44584,111,4593.02,89701.68,31902.77,623061.1,30.67,2128089.43
1325,Odisha,Ganjam,2015,Rice,Kharif,Red,15.36,26.5,1623.9,53.2,5.98,188.9,36.1,161.1,Mixed,108.9,Sprinkler,4,No,Low,42240,42395,155,3907.38,60017.36,25797.52,396249.91,29.94,1400669.85
1326,Telangana,Warangal,2020,Cotton,Zaid,Black,12.83,31.9,30,58.7,7.96,300.7,75.3,330.9,Mixed,263.2,Flood,3,Yes,High,43863,44014,151,1370.94,17589.16,39029.36,500746.69,87.49,1038128.92
1327,Haryana,Hisar,2015,Bajra,Kharif,Loamy,38.08,26,600.9,56.4,6.37,289.2,69.7,238.2,Mixed,211.1,Flood,1,No,Low,42135,42215,80,1625.62,61903.61,40291.45,1534298.42,32.03,448474.21
1328,Odisha,Bargarh,2014,Moong,Kharif,Alluvial,22.6,24.1,1836.1,66.5,6.78,283.7,64.5,224.9,Urea,98.9,Drip,5,No,Low,41762,41840,78,867.55,19606.63,37971.78,858162.23,95.26,1009565.34
1329,Bihar,Muzaffarpur,2020,Wheat,Rabi,Loamy,25.29,20.3,229.6,56.8,6.69,229.1,42.2,232.2,Organic,143.9,Sprinkler,6,Yes,High,44216,44329,113,3289.71,83196.77,37100.41,938269.37,32.71,1783096.98
1330,Haryana,Fatehabad,2016,Mustard,Rabi,Alluvial,1.36,22.2,110.9,59.9,7.2,284.7,74.4,252.5,NPK,123.6,Canal,6,Yes,High,42725,42832,107,1385.34,1884.06,28072.72,38178.9,63.23,80950.21
1331,Rajasthan,Kota,2014,Mustard,Zaid,Black,39.42,32.8,190.3,56,7.44,274.9,47.1,352.2,Organic,207.8,Flood,4,No,Medium,41688,41804,116,1169.62,46106.42,32047.2,1263300.62,62.8,1632182.56
1332,Gujarat,Junagadh,2021,Wheat,Rabi,Red,1.66,23,35.2,55,6.3,214.2,47.8,201,NPK,164.2,Canal,6,No,Low,44471,44569,98,3646.77,6053.64,29619.27,49167.99,30.65,136376.08
1333,Haryana,Ambala,2020,Rice,Kharif,Loamy,3.9,30.2,526.1,79.7,6.82,259.9,37.6,199.6,Urea,84.1,Canal,5,Yes,High,43975,44132,157,3215.85,12541.81,38273.29,149265.83,38.31,331210.91
1334,Haryana,Ambala,2012,Mustard,Rabi,Black,15.95,20.8,69.7,49.9,7.6,301.1,48.7,309.4,NPK,140.9,Sprinkler,6,No,Low,41244,41370,126,1508.27,24056.91,28526.74,455001.5,48.62,714645.46
1335,Bihar,Patna,2016,Groundnut,Zaid,Sandy,12.21,34.2,30,46.4,6.22,123.4,40.1,126.4,NPK,195.5,Sprinkler,6,No,Low,42437,42556,119,2027.51,24755.9,38958.69,475685.6,66.15,1161917.18
1336,Gujarat,Mehsana,2022,Moong,Zaid,Alluvial,26.97,37.5,84.1,64.9,6.82,246.3,83.8,238.7,DAP,105.8,Canal,6,No,Low,44601,44671,70,765.92,20656.86,22920.39,618162.92,121.01,1881523.71
1337,Bihar,Samastipur,2014,Barley,Rabi,Loamy,23.93,24.7,393.9,39.8,6.6,277.3,64,229.5,NPK,151.5,Sprinkler,2,No,Medium,42018,42147,129,3278.51,78454.74,34579.87,827496.29,23.43,1010698.27
1338,Telangana,Warangal,2022,Rice,Kharif,Loamy,48.69,30.8,1335.6,55.9,6.68,255.5,72.3,217.5,Organic,249,Sprinkler,4,No,Low,44683,44819,136,3851.91,187549.5,40113.04,1953103.92,42.19,5959609.48
1339,Uttar Pradesh,Lucknow,2017,Barley,Rabi,Alluvial,39.64,27.6,428.2,48.7,7.56,309.2,69.7,246,NPK,156.7,Sprinkler,5,Yes,High,43093,43214,121,3092.61,122591.06,40542.61,1607109.06,25.3,1494444.76
1340,Maharashtra,Solapur,2021,Barley,Rabi,Alluvial,5.5,25.1,586,42.8,7.11,274.6,75.3,252.3,DAP,130.1,Drip,4,Yes,Medium,44501,44621,120,3264.11,17952.6,27306.47,150185.59,31.62,417475.62
1341,Bihar,Nalanda,2015,Soybean,Kharif,Loamy,25.27,29.9,1558.4,79.4,6.63,277.6,47,191.1,Urea,96.8,Sprinkler,1,No,Low,42156,42273,117,1562.68,39488.92,26460.01,668644.45,52.68,1411631.86
1342,Telangana,Karimnagar,2013,Cotton,Kharif,Red,49.65,30.2,1002.6,62,6.63,166.2,55,129.3,DAP,136.6,Drip,5,No,Low,41407,41582,175,2232.23,110830.22,31927.65,1585207.82,77.08,6957585.54
1343,Uttar Pradesh,Meerut,2014,Mustard,Rabi,Loamy,30.76,19.2,139.5,47.5,6.85,286.7,43.2,229.6,Urea,163.6,Sprinkler,8,No,Low,41976,42082,106,1748.69,53789.7,30371.29,934220.88,60.6,2325434.94
1344,Tamil Nadu,Dindigul,2012,Mustard,Rabi,Loamy,27.76,24.1,135.6,47.3,6.62,219.3,51.2,203,Urea,79.6,Canal,1,Yes,High,41276,41374,98,1123.54,31189.47,27910.83,774804.64,58.15,1038863.04
1345,Andhra Pradesh,Guntur,2013,Rice,Kharif,Sandy,29.69,31.3,883.9,58.4,6.5,121.8,29.9,100.3,Organic,158.5,Drip,4,Yes,Medium,41435,41575,140,3397.39,100868.51,37150.05,1102984.98,25.89,1508500.74
1346,Karnataka,Mandya,2012,Jowar,Kharif,Silty,36.23,29.4,1126.1,57.4,6.45,260.8,70.1,221.3,DAP,118.4,Drip,5,No,Medium,41126,41264,138,1588.54,57552.8,37004.98,1340690.43,33.09,563731.72
1347,Rajasthan,Kota,2021,Mustard,Rabi,Silty,26.74,24.1,30,66.3,6.66,237.9,53.8,226.2,Organic,132.3,Sprinkler,5,Yes,High,44542,44637,95,904.63,24189.81,41012.44,1096672.65,80.22,843833.91
1348,Bihar,Muzaffarpur,2012,Maize,Kharif,Black,23.66,27.2,1870.7,59.2,7.97,301.3,46.6,339.9,NPK,99.3,Flood,1,No,Low,41138,41228,90,3831.3,90648.56,33587.37,794677.17,21.81,1182367.92
1349,Maharashtra,Nashik,2018,Wheat,Rabi,Loamy,12.94,26.2,53.5,33.9,7,242.2,40.8,221.9,Urea,141.2,Canal,4,Yes,High,43470,43573,103,3005.1,38885.99,34334.83,444292.7,30.47,740563.42
1350,Karnataka,Mysuru,2020,Maize,Kharif,Loamy,33.85,31.6,1232,64.8,6.35,247,59.9,221.1,Organic,263.9,Drip,3,No,Low,44057,44182,125,4755.15,160961.83,35915.98,1215755.92,26.36,3027197.92
1351,Bihar,Vaishali,2017,Maize,Zaid,Loamy,48.22,33.9,208.7,59.3,7.27,240.3,72.9,210.9,DAP,69.4,Canal,4,Yes,Medium,42787,42893,106,4082.76,196870.69,29274.89,1411635.2,27.02,3907810.84
1352,Gujarat,Rajkot,2018,Groundnut,Kharif,Red,41.26,30,948.8,81,6.11,202.6,32.4,159.1,Organic,171.5,Sprinkler,5,No,Medium,43304,43413,109,1897.08,78273.52,36062.1,1487922.25,78.81,4680813.86
1353,Telangana,Nizamabad,2021,Rice,Kharif,Alluvial,40.8,27.7,812.3,73.5,6.89,297.7,61.4,229.7,Organic,168.2,Drip,4,No,Low,44324,44435,111,5112.94,208607.95,35729.18,1457750.54,41.83,7268320.01
1354,Gujarat,Vadodara,2012,Wheat,Rabi,Loamy,11.94,24.7,52.4,58.3,6.85,257.6,85,230.7,Mixed,297.8,Flood,2,Yes,Medium,41298,41416,118,3436.49,41031.69,41331.67,493500.14,21.74,398528.8
1355,Telangana,Mahbubnagar,2015,Maize,Kharif,Loamy,42.85,28.2,872.9,60.1,6.2,250.4,57,196.3,NPK,138.9,Canal,7,Yes,Medium,42128,42235,107,5000.48,214270.57,34470.16,1477046.36,20.41,2896215.97
1356,Haryana,Sirsa,2019,Rice,Kharif,Clayey,7.13,26.4,584.8,77.6,7.34,283.7,57.5,264.7,Organic,264.9,Drip,9,Yes,High,43590,43734,144,3865.22,27559.02,29768.52,212249.55,35.76,773261.01
1357,Andhra Pradesh,Anantapur,2021,Cotton,Kharif,Black,36.85,31.9,1026.8,73.3,7.61,280.8,45.7,356,Organic,242,Flood,3,Yes,Medium,44360,44550,190,2017.55,74346.72,27089.06,998231.86,99.51,6400010.25
1358,Punjab,Patiala,2016,Mustard,Rabi,Red,22.36,20.6,30,43.8,6.43,196.1,44.2,156.2,NPK,188.2,Drip,10,Yes,Low,42729,42841,112,1150.07,25715.57,40016.73,894774.08,61.66,690847.97
1359,Punjab,Moga,2015,Wheat,Rabi,Loamy,11.22,20.9,182.2,48.1,6.55,266.3,45.6,199.9,NPK,154.4,Drip,8,Yes,Medium,42378,42514,136,4248.73,47670.75,30942.26,347172.16,26.3,906568.57
1360,Karnataka,Haveri,2016,Moong,Zaid,Sandy,19.47,31.7,37.5,58.1,6.24,114.8,36,90.9,DAP,100.3,Flood,1,No,Low,42439,42498,59,742.14,14449.47,37649.08,733027.59,98.01,683164.96
1361,Uttar Pradesh,Bareilly,2017,Rice,Kharif,Clayey,21.12,27.1,764.7,73.3,6.92,280.6,51.3,273.1,Urea,126.6,Canal,1,No,Medium,42952,43090,138,5083.8,107369.86,42155.33,890320.57,31.44,2485387.83
1362,Rajasthan,Sri Ganganagar,2012,Groundnut,Zaid,Red,24.06,31.7,30,51.6,6,192,31.6,130.2,Urea,173.2,Canal,1,No,Low,40955,41059,104,1919.66,46187.02,35145.79,845607.71,56.99,1786590.56
1363,Madhya Pradesh,Ujjain,2012,Soybean,Kharif,Silty,23.98,30.2,1205.9,81.2,6.87,280.8,59.6,224,Organic,230,Flood,1,Yes,High,41091,41203,112,1243.01,29807.38,39648.88,950780.14,49.26,517531.4
1364,Andhra Pradesh,West Godavari,2013,Bajra,Kharif,Sandy,3.36,25.6,1491.7,69.2,6.05,113.9,20.5,99.1,DAP,69.2,Canal,1,Yes,Medium,41495,41570,75,987.87,3319.24,31920.86,107254.09,31.85,-1536.3
1365,Karnataka,Raichur,2019,Barley,Rabi,Loamy,24.1,22.2,415.5,58.3,6.99,257.4,37.3,191.3,Urea,159.7,Flood,1,Yes,Low,43757,43853,96,3980.36,95926.68,42116.59,1015009.82,26.6,1536639.87
1366,Telangana,Medak,2014,Cotton,Kharif,Loamy,41.59,29.5,760.8,71.7,6.68,229.9,44.8,225.2,Urea,117.9,Canal,1,Yes,Low,41796,41987,191,2215.64,92148.47,34891.67,1451144.56,75.77,5530945.01
1367,West Bengal,Uttar Dinajpur,2018,Groundnut,Zaid,Loamy,41.94,33.3,30,47.2,6.92,260.1,54,226.4,Urea,134,Sprinkler,10,Yes,Low,43133,43251,118,1513.2,63463.61,29548.7,1239272.48,72.19,3342165.53
1368,Maharashtra,Ahmednagar,2012,Soybean,Zaid,Silty,37.47,28.3,383.2,48.1,6.91,317.8,75.4,258.5,Mixed,271.3,Flood,3,Yes,Low,41000,41103,103,1574.07,58980.4,32328.71,1211356.76,42.46,1292951.02
1369,Andhra Pradesh,Guntur,2013,Moong,Zaid,Loamy,23.5,33.3,30,50.5,6.78,275.1,53,236.8,Organic,129.7,Canal,7,No,Low,41342,41428,86,766.78,18019.33,32334.25,759854.88,92.56,908014.3
1370,Odisha,Khurda,2015,Mustard,Rabi,Sandy,10.83,25.4,729.8,33.2,6.86,139.8,44.7,110.7,DAP,118.5,Flood,1,Yes,High,42394,42491,97,830.78,8997.35,30345.07,328637.11,60.17,212733.44
1371,Maharashtra,Amravati,2014,Cotton,Kharif,Clayey,27.23,31.5,1513.5,73.6,7.61,260,60.7,266.2,Mixed,155.7,Drip,3,No,Low,41774,41934,160,1724.47,46957.32,37855.86,1030815.07,74.86,2484409.91
1372,Tamil Nadu,Thanjavur,2014,Maize,Kharif,Alluvial,35.00148466,27.97185171,1185.121998,70.02652435,6.996448658,269.7589811,66.93225431,236.316598,NPK,85.74873623,Sprinkler,5.891021806,No,Low,43350,43396,106.3597779,4459.084614,156074.58,39823.85236,1393893.96,26.96165648,2814135.25
1373,Maharashtra,Solapur,2021,Soybean,Kharif,Silty,6.411700253,31.65130135,641.5633294,76.3193842,6.852502313,283.5096619,85.58869955,214.9146192,NPK,182.9834568,Canal,5.923617549,Yes,Low,41676,41911,117.9550517,1565.072148,10034.77,36366.83632,233173.25,44.50898939,213464.22
1374,Tamil Nadu,Erode,2022,Rice,Kharif,Alluvial,29.47911653,26.54832936,1192.133363,48.87875752,6.437280623,252.3325971,77.17027442,241.9190656,DAP,133.2260164,Canal,3.69853487,Yes,Medium,43165,43405,149.80839,4457.066477,131390.38,40839.96193,1203926,33.90218812,3250495.38
1375,Madhya Pradesh,Gwalior,2017,Cotton,Kharif,Loamy,51.03027891,26.43154879,744.580671,45.01926236,6.941256394,288.7865477,65.82900146,184.2236917,Mixed,199.9888588,Flood,1.901484197,No,Low,44321,44478,150.3143186,2462.970587,125686.08,26061.28745,1329914.77,103.7012693,11703891.26
1376,Haryana,Fatehabad,2013,Wheat,Rabi,Alluvial,5.282822735,24.59022199,158.1552409,41.9455483,7.29849998,282.8127883,66.56038503,213.2221762,Organic,160.3864333,Flood,8.612621245,No,Low,43272,41399,103.5307393,3586.37847,18946.2,33832.31622,178730.13,23.89170921,273926.97
1377,Tamil Nadu,Madurai,2020,Barley,Rabi,Silty,23.59355008,24.07048008,425.141749,47.54709501,7.0667073,256.987381,54.8830577,213.5957148,DAP,71.27353876,Drip,5.614356023,No,Medium,43272,41718,97.62332757,3168.97379,74767.34,25551.6247,602853.54,22.69778077,1094199.15
1378,Telangana,Khammam,2017,Cotton,Zaid,Alluvial,17.86086896,34.28909464,221.3986128,57.12002469,7.397512257,272.0910668,77.7404698,229.5723511,DAP,124.383371,Canal,4.36034839,Yes,Medium,44411,44432,163.6744067,1576.035925,28149.37,33747.11138,602752.73,105.9352326,2379257.33
1379,Punjab,Ludhiana,2021,Soybean,Kharif,Loamy,1.510645953,21.73543798,803.8969696,66.11534753,5.96855763,310.4142118,71.96974102,248.592999,NPK,171.7304604,Canal,2.938237587,Yes,Medium,43272,43425,95.71685123,1763.133732,2663.47,29438.61727,44471.33,57.74057306,109318.95
1380,Gujarat,Rajkot,2015,Wheat,Rabi,Red,42.90114905,30.09617093,337.5858616,47.53105288,6.449283041,163.2592436,29.90607826,103.2135433,Urea,83.10023948,Sprinkler,5.890925013,Yes,Low,43272,43965,108.4304285,4244.92526,182112.17,31032.68991,1331338.06,30.4335034,4210973.28
1381,Punjab,Jalandhar,2022,Bajra,Zaid,Loamy,33.37109329,31.51001892,30.42210769,40.30354567,6.82964205,290.7736132,56.86369247,222.1291195,Organic,154.07714,Canal,2.8276194,Yes,High,41094,41094,86.3009819,1153.413254,38490.66,33390.6809,1114283.53,30.58791248,63065.41
1382,Haryana,Kurukshetra,2020,Rice,Rabi,Sandy,7.122010323,26.35110351,91.89497381,35.86365692,6.54385044,137.2311494,44.82051023,134.0780776,Mixed,239.2022555,Canal,7.236747835,Yes,High,42685,42800,115.1230077,2897.349527,20634.95,43102.0688,306973.38,31.56304591,344328.49
1383,Haryana,Hisar,2014,Bajra,Kharif,Red,23.51965736,24.6022318,615.1020764,76.90675848,6.258217864,214.8620033,61.80903133,146.2571162,Mixed,254.1318977,Drip,7.953247925,Yes,Medium,41920,41970,104.4560033,1473.068571,34646.07,40293.2343,947683.06,33.6367098,217696.74
1384,Rajasthan,Hanumangarh,2019,Wheat,Rabi,Loamy,2.286022,21.4665823,170.4346626,43.18270622,7.298799058,267.1825276,53.99532189,240.0212912,Organic,163.2649892,Canal,4.750537004,No,Low,43272,44989,132.6093885,4820.176783,11019.03,25463.52976,58210.19,34.14139779,317994.9
1385,Andhra Pradesh,Krishna,2015,Mustard,Rabi,Loamy,5.225448241,21.8277869,230.1775658,39.55738854,6.682958446,272.4004958,65.86106046,255.374675,Mixed,181.9250234,Canal,1.991514947,No,Medium,41071,41334,116.7338667,1254.224992,6553.89,33403.94034,174550.56,51.08697786,160267.87
1386,Haryana,Ambala,2015,Rice,Kharif,Loamy,3.972931457,30.36169772,524.0527008,80.0136611,6.795327253,256.5338614,35.9720295,203.8268366,Urea,82.29130309,Canal,4.599948538,Yes,High,43272,44132,156.2115379,2900.285731,11522.64,37023.16936,147090.51,36.50269328,273516.88
1387,Tamil Nadu,Dindigul,2014,Barley,Rabi,Alluvial,31.84642138,24.39678122,449.3131032,48.68606628,6.795439024,251.0741783,66.89336835,240.750831,NPK,123.0131349,Canal,3.847605108,No,Low,42522,42481,100.740898,3484.352359,110964.15,38473.53784,1225244.5,19.71719925,962657.76
1388,Telangana,Mahbubnagar,2019,Cotton,Kharif,Loamy,47.11484396,27.86656922,1411.895493,62.10703605,6.859093926,228.639265,64.41836303,195.8658757,NPK,197.0676961,Canal,1.007431355,No,Low,43272,44887,155.8313888,2262.843096,106613.5,38871.03636,1831402.81,100.579104,8891687.5
1389,Odisha,Ganjam,2014,Jowar,Kharif,Loamy,1.836741369,24.20007257,1576.156441,75.68070855,6.98143721,234.0356669,56.61924776,241.4896023,NPK,170.4313321,Sprinkler,1.01831048,Yes,High,42924,43063,111.6877262,948.949167,1742.97,33223.25772,61022.53,40.07967428,8835.14
1390,Odisha,Sambalpur,2019,Rice,Kharif,Black,21.98633138,28.91834129,1464.97777,73.00974865,7.323507525,266.3027179,30.51142129,308.2266089,Mixed,117.0806288,Sprinkler,1.020873598,Yes,High,40914,41202,133.1660561,3151.61323,69292.41,16687.9806,366907.47,26.74513404,1486327.32
1391,Gujarat,Ahmedabad,2018,Cotton,Kharif,Red,48.06382273,25.53299012,799.2787121,59.65941957,5.887292048,215.6937763,66.72824353,179.1503188,Mixed,245.7772722,Flood,0.933975551,Yes,High,41098,41280,150.9435288,1423.249105,68406.79,36257.71257,1742684.27,69.68252491,3024073.58
1392,Gujarat,Junagadh,2020,Cotton,Kharif,Sandy,17.01325836,28.28857539,840.5261597,60.5887867,6.295895776,139.8592641,25.16320906,121.8496113,NPK,140.8149046,Flood,2.085468573,Yes,Low,43272,41668,159.1531975,1944.967873,33090.24,39923.64712,679231.32,64.85276042,1466762.09
1393,Madhya Pradesh,Sagar,2022,Soybean,Kharif,Sandy,31.31323512,33.09466647,1190.279692,52.71161971,6.301508729,119.7278293,46.86886214,103.209448,DAP,133.0539909,Flood,0.959989415,No,Medium,43272,41629,124.9792429,1176.399621,36836.88,42882.359,1342785.39,45.6209139,337746.74
1394,Gujarat,Banaskantha,2012,Bajra,Kharif,Clayey,38.00170691,27.51796259,840.9466529,77.73083016,7.134979572,250.4377529,64.46933944,270.0045645,NPK,128.6963843,Sprinkler,2.063285791,No,Medium,43272,43028,94.70378121,1416.824545,53841.75,28680.66938,1089914.39,35.9482744,845603.61
1395,Tamil Nadu,Dindigul,2022,Rice,Kharif,Clayey,9.331958727,30.25164848,1140.538525,64.72276468,7.282266072,240.9543572,58.68537186,272.6364766,Mixed,123.2536998,Canal,0.999468066,Yes,Low,43441,43419,127.0179641,3441.916878,32119.83,31381.23542,292848.39,31.80603359,728756
1396,Telangana,Warangal,2013,Rice,Kharif,Loamy,47.85578873,30.50043433,1385.147473,53.29101718,6.567343927,229.2883128,75.26672015,221.0999932,Organic,250.4924304,Sprinkler,3.7247225,No,Low,44597,44819,137.5380523,4184.415842,200248.52,40660.99806,1945864.13,41.56550192,6377566.11
1397,Telangana,Khammam,2017,Cotton,Zaid,Red,8.380274593,33.06439595,204.6535395,40.93704051,6.119021642,221.8527981,43.36739767,104.7179653,DAP,55.29471009,Sprinkler,5.905140689,Yes,Low,43272,44059,183.5002395,1230.979565,10315.95,36029.94302,301940.82,88.78508687,613961.7
1398,West Bengal,Bankura,2015,Bajra,Zaid,Clayey,25.12379224,33.64915444,146.5863973,53.28690559,7.448401576,270.3132669,56.90907321,237.8180648,Organic,267.058275,Canal,3.054804561,Yes,Medium,43272,43307,92.62252798,1304.665998,32778.16,29426.15361,739296.57,34.78163093,400781.29
1399,Karnataka,Haveri,2019,Groundnut,Kharif,Sandy,30.31677875,30.88024911,907.0630126,60.25472051,6.967489982,168.5457087,38.26608188,108.2260402,Mixed,139.6406608,Canal,1.030648269,No,Low,42893,43051,129.9701945,2635.019619,79885.31,32273.43712,978426.65,76.38889783,5123924.13
1400,West Bengal,Hooghly,2019,Mustard,Rabi,Sandy,3.364645798,21.51471607,584.5013612,48.69185638,6.663074378,117.4685222,41.15963837,109.8349667,Mixed,156.6311691,Sprinkler,4.964753026,No,Low,42957,43149,129.0497524,1626.246157,5471.74,34200.93523,115074.03,74.47179492,292416.27
1401,Gujarat,Kheda,2021,Soybean,Kharif,Loamy,36.84417347,33.06647054,831.8421076,70.09440641,7.168570526,283.1604545,68.82860745,237.9996373,Mixed,311.6287111,Sprinkler,3.229766834,No,Low,43272,41902,95.21416923,1505.518667,55469.59,35670.08084,1314234.65,44.12153115,1133168.59
1402,Haryana,Ambala,2016,Wheat,Rabi,Loamy,32.73282701,25.0909389,222.7657846,42.80729023,7.274765986,272.2520257,58.35787507,209.1287481,Urea,115.3545856,Flood,2.100751077,Yes,Medium,41253,41328,131.9618363,3103.962538,101601.47,25132.65107,822662.72,20.69001566,1279473.29
1403,Haryana,Hisar,2022,Bajra,Kharif,Loamy,37.64785989,23.53674395,721.7996681,50.33030896,6.56313406,272.2925971,65.98074856,251.0714312,DAP,114.9818321,Drip,5.923003765,Yes,High,43272,41972,96.90092184,1462.170883,55047.6,26805.13352,1009155.91,35.50925657,945543.44
1404,Odisha,Kalahandi,2015,Cotton,Kharif,Silty,26.6230897,25.3272338,1889.066063,48.47778508,6.99912605,262.0313041,55.20645238,257.2261253,Organic,265.768666,Canal,1.037506091,No,High,43272,42366,197.9118987,1878.391351,50008.58,36912.5856,982727.08,76.14362835,2825107.65
1405,Telangana,Warangal,2014,Cotton,Kharif,Clayey,38.12716867,30.44302632,1394.759896,76.94150655,7.801356613,308.0036145,76.30361072,209.10922,Mixed,244.6090499,Drip,3.290069023,No,Low,43272,44609,179.2173279,2062.108269,78622.35,32783.06784,1249925.56,107.2574716,7182908.91
1406,Madhya Pradesh,Vidisha,2016,Cotton,Rabi,Loamy,36.57961862,26.16302229,161.476101,64.30468312,7.026952656,265.316542,55.68009552,203.3825743,Mixed,103.4648339,Drip,6.58814538,Yes,Medium,43272,42921,194.8876277,2051.341492,75037.29,35773.186,1308569.5,81.13486622,4779570.99
1407,Punjab,Moga,2017,Wheat,Rabi,Silty,52.06981598,16.4716705,95.92496851,79.93826023,6.586452941,258.2710258,53.25879228,246.1214664,Organic,128.80242,Drip,6.570200042,Yes,High,43272,42126,133.5347616,3269.239011,170228.67,39108.27198,2036360.53,25.40939696,2289047.32
1408,Gujarat,Kheda,2019,Maize,Kharif,Loamy,40.53440238,28.96727296,1035.693975,62.20195219,7.141104962,215.045715,54.05945853,241.8985387,Mixed,115.5123102,Flood,0.953673344,No,Medium,43272,41269,124.7264759,4479.34309,181567.5,36911.72399,1496194.67,17.86912671,1748257.99
1409,Punjab,Moga,2021,Wheat,Rabi,Silty,48.14573617,16.50182966,107.6547671,79.46299942,6.683297301,262.622257,51.57948764,239.2077531,Organic,126.1085777,Drip,7.519721575,Yes,High,43272,42126,126.8370884,3419.30866,164625.13,37630.91214,1811767.97,24.17261375,2167651.71
1410,Karnataka,Haveri,2014,Maize,Kharif,Alluvial,38.50676632,28.01403274,1206.112993,72.67586357,7.383563741,313.9145549,94.14275459,263.0057626,Mixed,295.1570602,Drip,4.735429737,No,Low,40914,41188,126.6855244,6036.377413,232441.37,37337.62782,1437751.31,19.48371726,3091070.62
1411,Haryana,Panipat,2015,Rice,Kharif,Black,33.70487892,26.61635536,590.0889266,56.2903722,7.5467538,286.9144407,52.91145128,291.8182973,Mixed,105.4778515,Drip,2.80161883,No,Medium,43272,44529,140.0479998,3959.29041,133447.4,44220.72069,1490454.04,42.32565151,4157794.11
1412,Punjab,Bathinda,2022,Wheat,Zaid,Loamy,1.143000485,28.97635773,49.92656161,50.27258828,7.244992487,248.3476431,39.28755747,236.7459673,Urea,163.4866685,Flood,4.878451467,No,Low,43272,43993,104.9059845,3331.015262,3807.35,40786.75801,46619.28,30.89238111,70998.83
1413,Andhra Pradesh,Anantapur,2016,Wheat,Rabi,Clayey,49.40046035,26.0542721,796.109554,40.54726062,7.68979319,282.3576972,68.23967684,307.3162925,Organic,162.914152,Sprinkler,3.063034006,No,High,40978,41300,112.5280382,3937.185866,194498.79,26005.42786,1284680.11,23.69325186,3323628.71
1414,Bihar,Nalanda,2014,Barley,Zaid,Loamy,41.99159645,30.6712119,32.07282026,38.90326281,6.527740415,252.9004857,57.3625533,227.3190387,Organic,150.1109444,Sprinkler,10.94368181,Yes,Medium,43272,43645,102.7706181,2262.426388,95002.9,32326.35605,1357435.3,26.78937241,1187632.77
1415,Tamil Nadu,Tiruchirappalli,2022,Rice,Rabi,Alluvial,34.85066122,20.11527671,662.4960248,53.75748275,6.818850745,256.6023638,53.11359563,254.878563,Urea,93.54092266,Flood,1.934943638,No,Medium,43272,45003,145.7832768,2826.000591,98487.99,26782.11053,933374.26,41.86531582,3189856.55
1416,Haryana,Ambala,2016,Moong,Zaid,Loamy,32.15940451,26.63081925,31.03659362,52.0898874,6.505398707,245.3590591,80.06551034,179.6449618,Mixed,223.9221643,Flood,3.865157508,No,High,41185,41034,56.46140817,861.1448429,27693.91,38343.3324,1233098.74,74.92102826,841757.47
1417,Haryana,Hisar,2022,Jowar,Rabi,Black,15.37331257,23.38658996,212.5694267,54.95554251,7.384604121,295.0608841,61.36938861,320.0274234,NPK,174.08566,Flood,0.964383147,Yes,High,43272,42804,141.0578259,1243.305303,19113.72,28945.16836,444983.12,37.54835727,272705.67
1418,Haryana,Fatehabad,2022,Mustard,Rabi,Black,7.450971488,19.16592858,219.6598552,45.18261034,7.743958395,285.2678445,46.78179194,322.4089663,Organic,269.6217543,Drip,5.736147111,Yes,High,43272,43194,112.0401872,1333.713677,9937.46,26683.18035,198815.62,74.40837794,540614.66
1419,Andhra Pradesh,Chittoor,2021,Cotton,Kharif,Red,6.053662932,32.80430204,1159.901808,88.1059538,6.013608562,178.4463209,35.95537664,136.772929,DAP,66.29973279,Flood,1.114081644,Yes,Medium,41889,41991,164.1315572,1445.924104,8753.14,30553.56309,184960.97,71.63343234,442056.49
1420,West Bengal,Birbhum,2018,Jowar,Rabi,Loamy,6.53271561,20.56559656,138.2257076,54.23570922,6.27599148,226.8452769,47.58048929,235.377956,Organic,275.6617771,Sprinkler,7.104128875,Yes,Low,44662,44973,109.6383507,1481.041945,9675.23,36643.07769,239378.81,49.79538115,242402.96
1421,Rajasthan,Jaipur,2020,Groundnut,Rabi,Sandy,31.96617683,20.55112101,47.12967991,52.13726915,6.195473879,116.708668,33.50121789,85.29876822,NPK,208.9283098,Drip,8.354703622,No,Low,44542,44669,126.4569364,1944.17393,62147.81,33778.36404,1079765.16,74.06938361,3523484.82
1422,West Bengal,Birbhum,2022,Maize,Kharif,Black,7.526041933,28.76349255,1821.894376,71.24244049,7.458074271,245.3725577,50.71883542,299.9719962,DAP,132.3512215,Canal,0.975546127,Yes,Low,42771,42972,113.1648696,4288.475429,32275.25,37375.73072,281291.32,23.90431927,490226.56
1423,Telangana,Medak,2014,Maize,Kharif,Loamy,39.6977392,31.09143706,1148.206248,93.75686177,6.854948786,203.7539216,58.56811727,201.7838562,Urea,146.3615923,Drip,4.953510831,No,Low,41463,41612,120.0181554,5701.549738,226338.63,29979.70408,1190126.47,20.30453674,3405574.56
1424,Andhra Pradesh,Krishna,2012,Maize,Rabi,Loamy,35.54969471,23.90442607,80.10288038,37.31663893,7.159048068,220.2692173,54.16690499,225.837313,DAP,59.96362499,Canal,0.964322301,Yes,Medium,43272,42062,103.9043215,4323.834024,153710.98,33409.76389,1187706.91,20.98359461,2037701.98
1425,Odisha,Khurda,2015,Mustard,Rabi,Sandy,10.69151843,25.19124897,742.6178183,33.07434176,6.872894988,134.682447,44.48971179,108.5567146,DAP,116.5645008,Flood,0.867414583,Yes,High,43272,42491,95.97817214,830.111266,8875.15,31719.93208,339134.24,60.00596888,193427.73
1426,Punjab,Jalandhar,2019,Mustard,Rabi,Black,47.39124003,23.61110538,155.4357475,38.75306974,7.184431523,285.0881009,48.02439577,380.856026,Mixed,229.1271514,Flood,1.862199072,Yes,Medium,43272,44253,129.2744719,996.6590821,47232.91,32633.1234,1546524.18,80.80518799,2270139.99
1427,Gujarat,Kheda,2018,Bajra,Kharif,Alluvial,10.35834914,27.73581604,1034.044194,61.34082082,7.045207392,270.8436822,65.5525581,242.2813928,NPK,90.72925772,Canal,0.909469066,Yes,Low,41949,41892,95.20391685,1429.963671,14812.06,39278.58782,406861.33,30.72114565,48182.12
1428,Andhra Pradesh,West Godavari,2012,Bajra,Kharif,Sandy,3.323020881,26.38630707,1541.104399,71.02779573,6.065853167,112.7835037,20.82466578,100.7174554,DAP,71.00818184,Canal,0.887510811,Yes,Medium,41525,41570,75.49026521,978.2205453,3250.65,31522.03383,104748.38,30.47218932,-5693.96
1429,Odisha,Sambalpur,2018,Cotton,Kharif,Red,26.9082624,30.21030713,2077.75601,61.07837303,6.064938679,208.2442904,58.86014706,214.1061377,Mixed,293.6139097,Canal,0.940232051,No,Low,42193,42396,170.4662926,1912.711143,51467.73,45429.55016,1222430.26,75.79701514,2678670.05
1430,Gujarat,Junagadh,2013,Cotton,Kharif,Sandy,16.54638619,27.50939947,804.4355883,57.83958548,6.342017087,149.7580449,25.87748565,125.3535633,NPK,136.8571335,Flood,2.132495568,Yes,Low,43272,41668,165.9859328,1663.079838,27517.96,39579.74359,654901.72,62.20114021,1056746.77
1431,Punjab,Bathinda,2017,Rice,Kharif,Alluvial,47.3453651,29.95721393,860.9916688,57.60382689,6.691217553,319.3628686,63.81554152,250.247557,Mixed,149.2507616,Sprinkler,1.995556383,Yes,Low,42314,42330,163.6420039,4227.906258,200171.77,29154.32573,1380322.2,28.34656114,4293859.12
1432,Punjab,Sangrur,2018,Mustard,Rabi,Loamy,35.46069165,21.59008788,301.3752153,49.86718588,6.799658087,260.4206064,73.03228955,205.8923345,NPK,144.4516206,Sprinkler,8.516225505,Yes,Low,43272,43615,126.3576811,2081.724026,73819.37,32501.3721,1152521.13,63.20849868,3513490.42
1433,Tamil Nadu,Thanjavur,2019,Rice,Kharif,Loamy,19.51503896,29.06870014,1430.826371,75.34290926,6.651990314,244.2667707,72.79907494,207.8035762,NPK,127.2111986,Canal,1.020549129,Yes,Low,41704,41929,137.5293822,5240.527889,102269.11,21146.94952,412683.54,26.07263932,2253742.08
1434,Andhra Pradesh,Chittoor,2016,Cotton,Kharif,Clayey,33.41613607,32.08438963,1296.955352,57.84011693,7.371338969,273.9876448,58.92088633,252.4245592,Organic,168.4600998,Sprinkler,5.195639706,Yes,High,41068,41280,149.0468403,1489.166473,49762.19,30347.33971,1014090.83,58.91615492,1917706.07
1435,Maharashtra,Satara,2016,Cotton,Kharif,Clayey,5.690375846,28.1823496,843.0216771,65.52768529,6.915042004,267.1118407,73.99695879,227.1514616,Mixed,170.4709042,Sprinkler,2.864865451,Yes,Low,44079,44138,179.2553528,1817.782038,10343.86,24809.30686,141174.28,102.1845765,915808.67
1436,Karnataka,Mandya,2019,Groundnut,Kharif,Loamy,40.23292735,28.50964014,1042.871854,68.17224256,6.704438361,230.0066427,70.52865218,214.050897,Organic,168.7246696,Canal,3.078592643,Yes,High,44111,44124,105.9024278,1855.897261,74668.18,33144.08452,1333483.54,86.21920863,5104347.85
1437,Andhra Pradesh,Kurnool,2020,Maize,Kharif,Alluvial,48.55339684,29.14020077,956.9022916,65.87388393,7.205702256,283.0454091,79.31961945,253.0217317,Organic,235.8756382,Canal,4.145742847,Yes,High,41338,41503,106.9882966,4790.913459,232615.12,29898.87591,1451691.99,21.57294676,3566501.61
1438,Haryana,Ambala,2020,Mustard,Kharif,Alluvial,42.05507503,26.61505796,476.8710887,52.80605826,6.919611743,291.2512525,44.66239996,207.1864479,Urea,134.0241037,Sprinkler,5.827005812,Yes,Medium,44293,44478,96.27014852,1586.843895,66734.84,24398.72739,1026090.31,76.90931116,4106440.26
1439,Haryana,Panipat,2015,Mustard,Rabi,Loamy,6.909801735,19.24446418,30.87692963,62.48658766,6.855701182,269.2698623,74.20544868,240.5478318,Mixed,261.8947608,Sprinkler,5.139885093,No,Low,43272,43895,131.6511,1850.88079,12789.22,33455.31083,231169.56,83.12074975,831880
1440,Haryana,Kurukshetra,2016,Groundnut,Kharif,Silty,38.54907044,29.56481535,531.7209744,58.58710261,6.848578961,243.8820538,63.35274035,226.2350186,Organic,153.3314228,Canal,3.084928164,No,Low,43257,43386,127.9413229,2021.617399,77931.47,51190.14675,1973332.57,66.65413272,3221121.97
1441,Gujarat,Ahmedabad,2015,Groundnut,Kharif,Loamy,48.42657396,30.19690639,690.2464684,73.44763335,6.130037521,246.0091123,61.17085852,246.4803484,Organic,211.1626336,Drip,1.945044738,No,Low,44384,44485,100.4869954,2703.291392,130911.14,29784.46213,1442359.46,83.50900545,9489899.64
1442,Bihar,Gaya,2017,Cotton,Kharif,Loamy,9.831355588,26.51304838,1448.360715,56.72410717,6.91763697,248.7817809,64.33550803,202.8851685,NPK,91.53968904,Flood,0.943861578,Yes,High,41798,42016,157.7985752,1678.166461,16498.65,36158.78999,355489.92,71.30504527,820947.07
1443,Odisha,Ganjam,2013,Moong,Rabi,Alluvial,16.93581939,22.85325885,502.5607514,52.84972389,7.189283903,235.7714118,64.32684326,203.330438,DAP,82.88785754,Canal,2.82238075,Yes,Low,42835,43076,65.17287864,1174.569549,19892.3,42954.766,727474.16,98.42623298,1230449.99
1444,Andhra Pradesh,West Godavari,2016,Wheat,Rabi,Red,17.02013112,28.68537488,493.1088489,45.67636136,6.384998061,201.5817584,31.67303154,174.0339074,Organic,258.0531425,Flood,3.012975831,No,Low,43272,44652,126.4589921,3607.562994,61401.2,43922.22164,747561.97,32.98035586,1277471.46
1445,Rajasthan,Jaipur,2014,Groundnut,Zaid,Red,40.4486958,31.65724966,30.76504057,45.88628429,6.259244755,230.2221048,62.35330081,118.2019875,DAP,146.3913191,Sprinkler,5.081752467,Yes,Medium,44380,44367,106.8102001,1474.352544,59635.64,35019.27513,1416484.01,72.92525236,2932460.09
1446,Andhra Pradesh,Guntur,2017,Mustard,Rabi,Loamy,31.52860187,26.03098454,386.9702319,37.46497297,7.279911013,239.6812863,53.73553086,223.4526825,Urea,150.9444836,Flood,1.920747417,No,Medium,43272,45047,104.2026583,1187.803011,37449.77,23545.45936,742355.41,73.17554035,1998051.75
1447,Tamil Nadu,Coimbatore,2021,Maize,Kharif,Sandy,43.40664405,29.53709399,1198.16279,64.67633783,6.796884649,125.2164123,25.96899787,141.4046148,Organic,221.6246474,Flood,1.001329267,No,Medium,44171,44094,100.7538956,4644.864214,201617.97,36737.89934,1594668.92,25.88995734,3625211.72
1448,Tamil Nadu,Erode,2022,Rice,Kharif,Alluvial,28.13088117,27.27339975,1205.178261,48.21457866,6.496198867,283.3322365,79.53200457,227.4676856,DAP,143.1966082,Canal,4.114107407,Yes,Medium,43165,43405,147.5964965,4214.790291,118565.76,43906.45999,1235127.41,33.60982434,2749846.96
1449,Tamil Nadu,Dindigul,2016,Cotton,Kharif,Sandy,6.511030072,28.80586706,925.7466127,53.37981655,6.481149072,121.5934911,20.09840485,115.6036989,Urea,82.275261,Flood,4.123638143,Yes,Medium,41341,41640,155.0124658,1571.824447,10234.2,22127.08531,144070.12,70.72784937,579772.84
1450,Tamil Nadu,Erode,2012,Maize,Kharif,Loamy,25.33858378,28.68333792,889.4631115,52.3156389,7.048531659,223.4699593,59.38251432,202.7746202,Urea,154.156658,Sprinkler,4.310376024,No,Low,44719,44860,114.7902223,4438.629764,112468.59,32272.13236,817730.13,34.14212891,3022186.97
1451,Uttar Pradesh,Varanasi,2014,Rice,Kharif,Red,48.96650394,22.7925373,839.6499782,68.39656838,6.044287079,189.4387295,40.85073168,171.6613936,Organic,263.9996043,Sprinkler,2.127698083,Yes,Medium,43272,44819,116.1878664,3997.345253,195736.02,50250.38148,2460585.5,41.90475098,5741683.68
1452,West Bengal,Bankura,2013,Jowar,Kharif,Red,32.31992184,21.65432218,1962.485373,57.44257767,6.615380871,252.0162675,25.98637604,126.0014148,Urea,168.1743412,Canal,0.949935428,Yes,Medium,43272,43052,114.4251787,1180.630964,38157.9,24699.44605,798284.17,40.37150853,742207.82
1453,Odisha,Cuttack,2020,Cotton,Kharif,Loamy,32.06784638,30.54954153,1822.421901,77.8855339,6.986313269,275.3779374,45.22528528,236.2862866,Urea,63.48351903,Canal,1.08417931,No,Medium,43837,44177,166.7195171,1459.814267,46813.1,34154.17231,1095250.75,93.53545576,3283433.89
1454,Odisha,Bargarh,2022,Cotton,Rabi,Black,4.365666858,21.80577606,163.0485413,62.76852337,7.578269475,302.4052351,45.5045033,283.1821314,Urea,86.35098766,Canal,1.94690235,Yes,Medium,43272,41383,182.4655754,1285.671909,5612.82,26347.45501,115024.21,69.49650699,275047.17
1455,Bihar,Patna,2018,Mustard,Rabi,Silty,28.24207029,25.21543827,60.52804522,32.62531508,6.610545053,277.9194056,70.07120601,214.2492366,DAP,109.1437589,Drip,4.208974562,Yes,High,44562,44662,96.78945751,1225.62032,34614.06,32847.91727,927693.19,74.54345005,1652558.26
1456,Odisha,Ganjam,2013,Rice,Kharif,Clayey,21.51896096,27.23370681,1742.406045,72.70322331,7.076284892,249.3120455,56.27380068,283.8089739,NPK,98.88984693,Drip,5.016996657,Yes,High,41004,41167,133.934883,3670.557369,78986.58,26197.32015,563739.11,25.31533363,1435832.52
1457,Maharashtra,Kolhapur,2012,Jowar,Zaid,Red,16.75003831,29.50536218,262.7796256,35.69582676,5.85598296,226.9944984,35.41987028,142.2569102,Urea,137.3855561,Drip,9.793925311,No,Low,43272,44717,102.7436504,1956.19862,32766.4,40733.25072,682283.51,49.26090671,931819.06
1458,Telangana,Siddipet,2022,Cotton,Zaid,Silty,17.21066732,34.17184774,56.21343485,60.22239078,6.805642853,265.8181741,53.60813265,241.5435514,Mixed,191.8641969,Sprinkler,4.548075785,Yes,High,44167,44054,183.0129925,1483.285045,25528.33,31650.9836,544734.55,89.45988384,1739026.89
1459,Madhya Pradesh,Indore,2015,Soybean,Kharif,Black,36.5582614,27.39165857,1194.913539,78.56095357,7.303872316,269.8968769,29.58847229,303.2029117,Urea,59.74029565,Sprinkler,2.974265323,Yes,Low,43197,43389,104.3687036,1161.217081,42452.08,31683.5146,1158294.21,59.31715714,1359842.49
1460,Punjab,Patiala,2013,Wheat,Zaid,Red,32.65612492,32.03453642,160.4152683,43.50280957,6.518238037,133.5895794,48.48644854,160.6762377,DAP,97.52561581,Flood,3.688123353,Yes,Medium,43272,42613,139.8096233,2556.905519,83498.63,24633.83871,804445.71,28.83464573,1603207.71
1461,Odisha,Balasore,2013,Mustard,Rabi,Sandy,39.0146216,25.02243815,246.1845188,36.45958999,6.464794763,185.8449127,41.13772885,113.608129,Mixed,209.2260123,Flood,3.145094885,No,Low,41944,41752,105.0061672,1092.963232,42641.55,33261.98959,1297703.94,50.0826493,837897.85
1462,Rajasthan,Ajmer,2014,Mustard,Rabi,Alluvial,23.87907431,28.79356951,28.10208672,38.10928818,6.589895392,299.8847795,66.69701908,278.4106673,NPK,114.6548825,Flood,4.303358531,Yes,Medium,43272,42470,113.7217953,1029.319215,24579.19,28050.49939,669819.96,65.57587321,941981.89
1463,Maharashtra,Solapur,2019,Cotton,Kharif,Black,39.29458991,28.07374363,1087.737891,70.50893808,7.573786692,269.6354469,65.30084854,337.9102488,NPK,135.3114284,Flood,0.960154451,No,Medium,43272,43763,150.8254241,1905.191751,74863.73,36645.45796,1439968.24,84.20595164,4864003.39
1464,Telangana,Karimnagar,2021,Rice,Rabi,Loamy,46.27301394,27.23143326,409.3438023,61.22369222,6.852513867,274.7930242,39.46125182,214.5854235,Urea,153.1632673,Sprinkler,6.090591223,No,Medium,43232,43565,125.2000548,3318.389309,153551.87,33593.77933,1554485.42,35.09837243,3834935.3
1465,Uttar Pradesh,Kanpur Nagar,2015,Rice,Rabi,Alluvial,8.702162401,20.27133564,297.5458748,66.99758838,7.429760745,305.4379923,72.20521315,271.2731112,Mixed,264.312582,Flood,0.963730424,No,High,43506,43891,150.5027539,2775.773275,24155.23,43918.7083,382187.73,32.19800435,395562.47
1466,Karnataka,Tumakuru,2019,Jowar,Kharif,Loamy,1.109682881,25.04479331,1134.583093,68.09757601,7.264081789,282.5889245,68.55767343,253.4224432,NPK,230.6618761,Canal,0.968575763,Yes,Medium,43272,43044,131.2342919,1238.391465,1374.22,40767.39981,45238.89,39.09428225,8485.25
1467,Madhya Pradesh,Bhopal,2012,Maize,Kharif,Black,18.71041385,31.55700856,1063.010789,72.83307034,7.567763346,280.1948084,60.38725881,294.8341255,DAP,101.4987341,Canal,2.07744947,No,Low,43272,43328,93.17518049,3838.115867,71812.74,38856.86552,727028.03,27.29636931,1233199.04
1468,Maharashtra,Ahmednagar,2012,Soybean,Zaid,Silty,35.48753782,28.42917723,399.577532,48.65870757,6.811619951,332.8983614,76.24105468,267.0176074,Mixed,268.6532394,Flood,2.994219261,Yes,Low,40912,41103,105.572441,1593.930793,56564.68,30399.19573,1078792.61,44.63321968,1445871.18
1469,Tamil Nadu,Erode,2012,Rice,Kharif,Clayey,22.46657697,23.84293321,1026.069752,50.54253541,7.151778137,278.352608,69.67307887,296.9940623,Organic,240.2935446,Drip,6.521894413,Yes,Low,43272,43025,144.7837591,4829.295982,108497.75,45910.5418,1031452.72,37.9015627,3080781.55
1470,Bihar,Samastipur,2022,Rice,Kharif,Red,4.27732198,30.91859939,1264.04161,65.87472118,6.189668228,159.1117717,28.8111966,146.8863555,Organic,155.8198437,Sprinkler,3.903553504,Yes,Medium,43272,42313,110.7400821,2664.172463,11395.52,26538.94947,113515.63,28.72359585,213804.68
1471,Telangana,Warangal,2018,Barley,Rabi,Alluvial,10.37028181,26.14607454,351.9653406,43.6093786,7.581493659,286.3297892,59.64994564,252.6408748,Organic,240.541874,Drip,6.2998009,Yes,Medium,41680,42044,127.618859,3964.111894,41108.96,35027.76979,363247.84,20.1035346,463187.56
1472,Maharashtra,Kolhapur,2020,Cotton,Kharif,Alluvial,11.15861673,26.84481298,1346.728788,74.132543,7.060038792,319.6753737,46.49340414,227.6291242,Urea,126.3363095,Flood,2.009741341,No,Medium,43272,42766,163.7692521,1283.711182,14324.44,33690.61698,375940.68,75.43374767,704605.51
1473,Bihar,Bhagalpur,2012,Barley,Rabi,Alluvial,48.81136772,13.49316312,602.1256751,51.11440132,6.896625143,312.138381,47.373136,260.2311542,Organic,216.7521096,Sprinkler,6.238733403,No,Low,42531,42758,112.2207181,3758.355336,183450.46,19978.65004,975185.23,25.83072444,3763473.05
1474,Karnataka,Belagavi,2012,Maize,Zaid,Black,21.27247294,30.53494307,331.8629091,42.45776043,7.573214968,294.7642696,48.07629768,332.6662766,Organic,180.401892,Sprinkler,5.865852703,Yes,Medium,43272,43301,89.02339592,3424.640174,72850.57,46709.45731,993625.67,30.07391365,1197276.08
1475,Tamil Nadu,Thanjavur,2021,Rice,Kharif,Clayey,6.774114098,31.1956751,1422.485392,71.51940181,7.750870064,233.8701782,53.42359446,263.683054,Organic,187.3840306,Canal,1.995044116,Yes,Low,43272,41538,121.10931,3677.011133,24908.49,24218.52199,164059.03,26.96918292,507702.59
1476,Bihar,Bhagalpur,2013,Soybean,Kharif,Loamy,37.89973888,29.39215998,1679.06865,53.99292167,6.600784744,243.2865258,40.33245942,202.1233013,Urea,110.8729813,Sprinkler,1.988450112,No,Low,43272,42261,86.63180739,1314.225424,49808.8,26416.0939,1001163.06,52.10877037,1594312.26
1477,West Bengal,Nadia,2013,Rice,Kharif,Alluvial,24.90365852,26.80337839,1629.168737,54.58569889,7.342356703,311.8427747,52.74090105,252.411232,Urea,160.438556,Drip,0.958197144,No,Low,43272,41193,154.5497063,5080.567895,126524.73,28627.72336,712935.05,23.52494357,2263552.08
1478,Odisha,Bargarh,2017,Moong,Kharif,Alluvial,0.615679435,23.78470142,1608.118416,60.64566663,6.758124766,294.5315677,78.80464894,250.1338727,NPK,206.6633447,Flood,1.033104077,Yes,Medium,43867,44074,91.0847744,924.2199623,569.02,39617.81271,24391.87,100.0485894,32537.78
1479,Haryana,Fatehabad,2018,Bajra,Kharif,Red,16.82864383,22.682185,457.8114035,69.07094445,5.913129877,215.096871,32.59024791,149.8157383,Urea,158.4240531,Drip,8.260099602,Yes,High,43835,44038,85.68610027,1182.3502,19897.35,28437.54899,478565.38,42.90740434,375178.26
1480,Tamil Nadu,Tiruchirappalli,2014,Mustard,Rabi,Alluvial,45.62364805,25.41704038,129.1411363,47.7775432,6.681330564,298.5100674,72.33557436,261.1442021,DAP,87.85139797,Sprinkler,5.148388674,No,Low,43272,44717,133.5194428,1459.455429,66585.68,31017.58639,1415135.44,67.58276437,3084908.88
1481,Andhra Pradesh,Chittoor,2016,Cotton,Kharif,Clayey,23.77536946,29.46042652,910.1472203,69.84446118,7.370471181,321.2077395,67.57628856,282.6234086,Mixed,180.0822908,Canal,2.153696565,No,Low,43272,42787,183.6708826,2090.101706,49692.94,30727.79983,730564.79,86.85710443,3585620.09
1482,Odisha,Khurda,2019,Cotton,Kharif,Black,2.126317817,29.18763074,1385.824413,85.02544019,7.080732515,293.664643,46.18769831,289.1032993,NPK,118.2120549,Drip,7.50727068,No,Low,42590,42755,168.9023514,2537.245578,5394.99,29682.55068,63114.54,72.96059891,330507.16
1483,Maharashtra,Amravati,2016,Soybean,Kharif,Black,47.92141236,29.47388353,951.3835076,77.19877431,7.095384985,249.9415729,46.83507367,316.780342,NPK,120.3275995,Drip,5.887516593,Yes,Medium,44780,44851,100.3455508,1748.369837,83784.35,35126.91817,1683331.53,72.30827715,4374970.47
1484,Rajasthan,Ajmer,2016,Mustard,Kharif,Loamy,23.53700178,31.14118017,425.3943344,53.25842321,7.154765628,257.7228326,38.10766359,228.3755659,Organic,161.5938501,Canal,5.09326308,No,Medium,42497,42688,131.4612565,1341.488864,31574.63,34907.33208,821613.94,66.78446624,1287080.87
1485,Rajasthan,Hanumangarh,2012,Bajra,Kharif,Sandy,22.68715707,31.74341472,450.6464895,68.62211994,5.9528204,126.6597545,23.97901271,112.2337365,Organic,284.7491174,Drip,5.812919793,Yes,Medium,43654,43776,91.09535367,1402.254651,31813.17,29173.49382,661863.64,40.64218964,631093.25
1486,Gujarat,Banaskantha,2016,Wheat,Rabi,Loamy,12.32545887,26.98432284,103.7374575,63.31361012,7.061960121,245.2661398,51.92607676,202.7544259,DAP,114.0175383,Drip,7.008174361,No,Low,43272,43899,104.769019,2920.983538,36002.46,27142.46033,334543.28,28.82316338,703161.51
1487,Karnataka,Mysuru,2020,Rice,Kharif,Red,7.184540941,26.16888205,822.2867145,60.61503931,6.809275376,227.6370972,46.0329101,152.6156838,NPK,177.8242075,Sprinkler,1.940025055,No,Low,43272,42019,144.9867579,4534.149694,32575.78,33154.77723,238201.85,27.78641289,666962.22
1488,Rajasthan,Ajmer,2018,Wheat,Rabi,Loamy,33.02452663,22.89491139,30.6649398,30.74741281,7.021428517,259.429956,69.11751497,218.3823396,NPK,199.0977223,Sprinkler,4.324014062,Yes,High,43272,43507,119.6090583,3154.949725,104190.72,41410.75567,1367570.6,25.55729844,1295262.73
1489,Uttar Pradesh,Kanpur Nagar,2021,Bajra,Kharif,Silty,24.93177348,22.29986578,1066.652956,50.61016697,7.040935029,293.6420824,77.3353458,236.7757954,NPK,215.5300179,Sprinkler,2.036369815,Yes,Medium,43272,42651,87.1210068,1063.741637,26520.97,32198.436,802764.11,33.71633465,91425.79
1490,Odisha,Mayurbhanj,2013,Wheat,Zaid,Clayey,37.14672404,33.48664614,634.1527846,46.98367927,6.998204025,279.852469,45.64203071,258.9325376,Urea,81.89855607,Flood,0.989098544,No,Low,43499,43630,103.981707,2625.239493,97519.05,31688.70885,1177131.72,29.36029153,1686056.02
1491,Haryana,Sirsa,2012,Barley,Rabi,Sandy,48.58038426,20.42135593,221.6860451,73.91278517,7.209306081,152.2474748,38.65956925,60.17047379,DAP,108.6277593,Canal,9.537128357,Yes,Medium,42136,42440,97.99560763,3006.508838,146057.35,23567.22462,1144904.83,25.46745113,2574803.59
1492,Odisha,Khurda,2018,Moong,Zaid,Clayey,24.05322732,33.00802096,201.6602481,48.51835867,7.765223925,232.8139476,58.46178469,267.2275169,NPK,214.8174847,Drip,8.023223066,Yes,Low,42798,42918,89.24607226,1082.537917,26038.53,40795.49997,981263.43,88.62455784,1326389.78
1493,Andhra Pradesh,West Godavari,2013,Maize,Kharif,Black,26.14615982,28.19083459,779.7579737,66.34905399,7.930706279,274.1138111,80.75295279,255.6583771,DAP,142.6231851,Canal,0.89929487,No,Low,43272,41260,126.3959511,5020.89307,131277.07,33409.29861,873524.86,20.88095601,1867665.86
1494,Gujarat,Banaskantha,2018,Groundnut,Zaid,Clayey,3.440007548,33.02406044,118.4087642,41.78508641,7.382539788,259.2999157,44.65883223,257.8850604,Urea,91.38143668,Drip,8.318335462,Yes,Low,42645,42530,116.236967,1939.334442,6671.33,39008.23104,134188.61,74.84192585,365106.58
1495,Rajasthan,Jaipur,2021,Jowar,Zaid,Black,47.32001354,34.34785524,95.45104988,38.75123332,7.458918447,259.213898,67.29585753,274.0200375,DAP,148.052175,Canal,5.015117112,Yes,Medium,43272,42934,117.9001558,1305.257126,61764.78,35820.99616,1695050.02,44.40703976,1047741.02
1496,Madhya Pradesh,Vidisha,2015,Mustard,Rabi,Black,29.87572264,22.8401246,249.2327314,31.11387557,7.466724054,358.4968881,43.72175042,306.641662,Urea,123.3066081,Drip,8.10017852,No,Low,44835,44704,136.6386338,1665.892574,49769.74,32483.36674,970464.06,75.28623131,2776512.1
1497,Bihar,Patna,2018,Maize,Kharif,Loamy,26.61457186,28.75822941,1049.487206,55.91101686,6.132581081,297.5471761,45.05156723,212.1606753,Urea,158.7318296,Flood,0.933680195,No,Low,43838,44162,115.9889052,5066.257938,134836.29,30729.10828,817842.06,27.87309425,2940462.56
1498,West Bengal,Hooghly,2019,Bajra,Kharif,Black,48.32199108,28.13064502,1791.125376,67.78307531,7.684567179,308.7191917,64.79449323,330.5698956,NPK,188.510709,Flood,0.998838314,No,Low,41888,41885,89.83435061,1282.93059,61993.76,36602.4589,1768703.69,32.08083808,220108.09
1499,Rajasthan,Ajmer,2013,Wheat,Rabi,Loamy,31.16414691,23.70434005,29.04703645,32.20137108,7.062123203,255.5827598,71.79330211,223.2233956,NPK,180.4518807,Sprinkler,4.400701882,Yes,High,43272,43507,121.3692669,2989.981656,93180.23,36973.54082,1152248.86,25.86145432,1257527.4
1500,Tamil Nadu,Erode,2021,Maize,Kharif,Black,36.72551059,30.36979248,755.3536901,74.40938564,7.454768078,271.8330487,44.63519329,335.1969081,Mixed,126.9705405,Drip,7.288469867,No,Low,42495,42624,131.5055386,5330.948918,195781.82,41525.55733,1525047.3,24.93517694,3356807.02
